Año,CodEstablecimiento,Departamento,Depto_mupio,Sector,Area,Sexo,Grado,Nivel,Pueblo,Plan_estudios,Jornada,Resultado,Repitente,Graduando,municipio_codigo,Sector_codigo,Área_codigo,Sexo_codigo,Nivel_codigo,Pueblo_Per_codigo,Plan_Est_codigo,Jornada_Est_codigo,Resultado_F_codigo,Repitente_codigo,Graduando_codigo,Departamento_F_codigo
2024,15-08-0356-43,Baja Verapaz,1501,Público,Rural,Hombre,6,Primaria,Maya,Diario,Matutina,Promovido,No,No,15-08,1,2,1,2,1,1,1,1,2,2,15
2024,15-01-0145-45,Baja Verapaz,1501,Público,Rural,Hombre,2,Básico,Ladino/Mestizo,Diario,Vespertina,Promovido,No,No,15-01,1,2,1,3,5,1,2,1,2,2,15
2024,19-01-0009-43,Zacapa,1901,Público,Urbana,Hombre,3,Primaria,Ladino/Mestizo,Diario,Matutina,Promovido,No,No,19-01,1,1,1,2,5,1,1,1,2,2,19
2024,15-03-0100-43,Baja Verapaz,1501,Público,Urbana,Hombre,2,Primaria,Ladino/Mestizo,Diario,Matutina,Promovido,No,No,15-03,1,1,1,2,5,1,1,1,2,2,15
2024,02-07-0609-43,El Progreso,201,Privado,Urbana,Mujer,2,Primaria,Ladino/Mestizo,Diario,Matutina,Promovido,No,No,02-07,2,1,2,2,5,1,1,1,2,2,2
2024,15-01-1352-42,Baja Verapaz,1501,Público,Rural,Hombre,6,Preprimaria,Ladino/Mestizo,Diario,Matutina,Promovido,No,No,15-01,1,2,1,1,5,1,1,1,2,2,15
2024,02-01-0018-43,El Progreso,201,Público,Rural,Hombre,6,Primaria,Ladino/Mestizo,Diario,Matutina,Promovido,No,No,02-01,1,2,1,2,5,1,1,1,2,2,2
2024,15-08-0208-45,Baja Verapaz,1501,Público,Urbana,Mujer,3,Básico,Ladino/Mestizo,Diario,Matutina,Promovido,No,No,15-08,1,1,2,3,5,1,1,1,2,2,15
2024,15-05-0189-43,Baja Verapaz,1501,Público,Urbana,Hombre,2,Primaria,Ladino/Mestizo,Diario,Matutina,Retirado,No,No,15-05,1,1,1,2,5,1,1,3,2,2,15
2024,15-04-0099-45,Baja Verapaz,1501,Público,Urbana,Hombre,1,Básico,Maya,Diario,Matutina,Promovido,No,No,15-04,1,1,1,3,1,1,1,1,2,2,15
2024,15-02-0029-42,Baja Verapaz,1501,Público,Rural,Mujer,4,Preprimaria,Maya,Diario,Matutina,Promovido,No,No,15-02,1,2,2,1,1,1,1,1,2,2,15
2024,02-03-0492-42,El Progreso,201,Público,Rural,Mujer,4,Preprimaria,Ladino/Mestizo,Diario,Matutina,Retirado,No,No,02-03,1,2,2,1,5,1,1,3,2,2,2
2024,02-01-0002-42,El Progreso,201,Público,Urbana,Hombre,4,Preprimaria,Ladino/Mestizo,Diario,Matutina,Promovido,No,No,02-01,1,1,1,1,5,1,1,1,2,2,2
2024,02-03-0042-43,El Progreso,201,Público,Rural,Hombre,4,Primaria,Ladino/Mestizo,Diario,Matutina,Promovido,No,No,02-03,1,2,1,2,5,1,1,1,2,2,2
2024,15-01-1950-43,Baja Verapaz,1501,Público,Urbana,Hombre,4,Primaria,Ladino/Mestizo,Diario,Matutina,Promovido,No,No,15-01,1,1,1,2,5,1,1,1,2,2,15
2024,02-07-0527-42,El Progreso,201,Público,Urbana,Mujer,6,Preprimaria,Ladino/Mestizo,Diario,Vespertina,Promovido,No,No,02-07,1,1,2,1,5,1,2,1,2,2,2
2024,19-01-0072-45,Zacapa,1901,Público,Urbana,Mujer,2,Básico,Ladino/Mestizo,Diario,Matutina,Promovido,No,No,19-01,1,1,2,3,5,1,1,1,2,2,19
2024,15-03-1478-42,Baja Verapaz,1501,Público,Rural,Hombre,0,Preprimaria,Maya,Diario,Matutina,Promovido,No,No,15-03,1,2,1,1,1,1,1,1,2,2,15
2024,02-02-0051-43,El Progreso,201,Público,Rural,Hombre,3,Primaria,Ladino/Mestizo,Diario,Matutina,Promovido,No,No,02-02,1,2,1,2,5,1,1,1,2,2,2
2024,19-04-0627-45,Zacapa,1901,Privado,Urbana,Hombre,2,Básico,Ladino/Mestizo,Diario,Vespertina,Promovido,No,No,19-04,2,1,1,3,5,1,2,1,2,2,19
2024,15-01-2030-43,Baja Verapaz,1501,Público,Rural,Mujer,1,Primaria,Ladino/Mestizo,Diario,Matutina,Retirado,Sí,No,15-01,1,2,2,2,5,1,1,3,1,2,15
2024,19-07-0228-43,Zacapa,1901,Público,Urbana,Mujer,6,Primaria,Ladino/Mestizo,Diario,Matutina,Promovido,No,No,19-07,1,1,2,2,5,1,1,1,2,2,19
2024,15-04-0085-43,Baja Verapaz,1501,Público,Rural,Hombre,2,Primaria,Maya,Diario,Matutina,No promovido,No,No,15-04,1,2,1,2,1,1,1,5,2,2,15
2024,15-01-0029-43,Baja Verapaz,1501,Público,Rural,Hombre,4,Primaria,Ladino/Mestizo,Diario,Matutina,Promovido,No,No,15-01,1,2,1,2,5,1,1,1,2,2,15
2024,02-01-0009-43,El Progreso,201,Público,Rural,Mujer,4,Primaria,Ladino/Mestizo,Diario,Matutina,Promovido,Sí,No,02-01,1,2,2,2,5,1,1,1,1,2,2
2024,19-10-0298-43,Zacapa,1901,Público,Rural,Hombre,4,Primaria,Ladino/Mestizo,Diario,Matutina,Promovido,No,No,19-10,1,2,1,2,5,1,1,1,2,2,19
2024,19-07-0229-43,Zacapa,1901,Público,Rural,Mujer,1,Primaria,Ladino/Mestizo,Diario,Matutina,No promovido,No,No,19-07,1,2,2,2,5,1,1,5,2,2,19
2024,02-04-0015-42,El Progreso,201,Público,Rural,Hombre,4,Preprimaria,Ladino/Mestizo,Diario,Matutina,Promovido,No,No,02-04,1,2,1,1,5,1,1,1,2,2,2
2024,15-02-0115-45,Baja Verapaz,1501,Privado,Rural,Mujer,3,Básico,Maya,Fin de semana,Doble,Promovido,No,No,15-02,2,2,2,3,1,2,4,1,2,2,15
2024,15-02-2129-45,Baja Verapaz,1501,Público,Rural,Hombre,1,Básico,Maya,Diario,Matutina,Promovido,No,No,15-02,1,2,1,3,1,1,1,1,2,2,15
2024,15-05-0201-43,Baja Verapaz,1501,Público,Rural,Mujer,2,Primaria,Ladino/Mestizo,Diario,Matutina,Promovido,No,No,15-05,1,2,2,2,5,1,1,1,2,2,15
2024,15-04-0166-43,Baja Verapaz,1501,Público,Rural,Hombre,1,Primaria,Maya,Diario,Matutina,Promovido,No,No,15-04,1,2,1,2,1,1,1,1,2,2,15
2024,02-07-0632-42,El Progreso,201,Público,Rural,Hombre,6,Preprimaria,Ladino/Mestizo,Diario,Vespertina,Promovido,No,No,02-07,1,2,1,1,5,1,2,1,2,2,2
2024,19-04-0071-46,Zacapa,1901,Privado,Urbana,Mujer,4,Diversificado,Ladino/Mestizo,Semipresencial,Ignorado,Promovido,No,Sí,19-04,2,1,2,4,5,4,9,1,2,1,19
2024,19-05-0891-42,Zacapa,1901,Público,Rural,Hombre,4,Preprimaria,Ladino/Mestizo,Diario,Matutina,Promovido,No,No,19-05,1,2,1,1,5,1,1,1,2,2,19
2024,02-01-0017-43,El Progreso,201,Público,Rural,Hombre,1,Primaria,Ladino/Mestizo,Diario,Matutina,Retirado,No,No,02-01,1,2,1,2,5,1,1,3,2,2,2
2024,19-11-0004-42,Zacapa,1901,Público,Rural,Mujer,2,Preprimaria,Ladino/Mestizo,Diario,Matutina,Promovido,No,No,19-11,1,2,2,1,5,1,1,1,2,2,19
2024,19-02-0912-43,Zacapa,1901,Público,Urbana,Mujer,2,Primaria,Ladino/Mestizo,Diario,Matutina,Promovido,No,No,19-02,1,1,2,2,5,1,1,1,2,2,19
2024,15-07-0766-42,Baja Verapaz,1501,Público,Rural,Mujer,5,Preprimaria,Ladino/Mestizo,Diario,Matutina,Promovido,No,No,15-07,1,2,2,1,5,1,1,1,2,2,15
2024,15-02-0062-41,Baja Verapaz,1501,Público,Rural,Mujer,5,Preprimaria,Maya,Diario,Matutina,Promovido,No,No,15-02,1,2,2,1,1,1,1,1,2,2,15
2024,15-08-0070-43,Baja Verapaz,1501,Público,Rural,Mujer,2,Primaria,Maya,Diario,Matutina,Promovido,No,No,15-08,1,2,2,2,1,1,1,1,2,2,15
2024,15-02-0076-43,Baja Verapaz,1501,Público,Rural,Hombre,1,Primaria,Maya,Diario,Matutina,Promovido,No,No,15-02,1,2,1,2,1,1,1,1,2,2,15
2024,19-01-0921-42,Zacapa,1901,Público,Rural,Mujer,6,Preprimaria,Ladino/Mestizo,Diario,Matutina,Promovido,No,No,19-01,1,2,2,1,5,1,1,1,2,2,19
2024,02-01-0735-43,El Progreso,201,Privado,Urbana,Mujer,3,Primaria,Ladino/Mestizo,Diario,Matutina,Promovido,No,No,02-01,2,1,2,2,5,1,1,1,2,2,2
2024,19-02-0095-45,Zacapa,1901,Público,Urbana,Mujer,2,Básico,Ladino/Mestizo,Diario,Matutina,Promovido,No,No,19-02,1,1,2,3,5,1,1,1,2,2,19
2024,19-09-1222-42,Zacapa,1901,Público,Rural,Mujer,6,Preprimaria,Ladino/Mestizo,Diario,Matutina,Promovido,No,No,19-09,1,2,2,1,5,1,1,1,2,2,19
2024,15-03-0042-45,Baja Verapaz,1501,Público,Rural,Hombre,3,Básico,Maya,Diario,Vespertina,Promovido,No,No,15-03,1,2,1,3,1,1,2,1,2,2,15
2024,19-01-0139-45,Zacapa,1901,Privado,Urbana,Mujer,3,Básico,Ladino/Mestizo,Diario,Matutina,Promovido,No,No,19-01,2,1,2,3,5,1,1,1,2,2,19
2024,19-11-0024-42,Zacapa,1901,Privado,Urbana,Mujer,6,Preprimaria,Ladino/Mestizo,Diario,Matutina,Promovido,No,No,19-11,2,1,2,1,5,1,1,1,2,2,19
2024,19-09-0263-43,Zacapa,1901,Público,Rural,Hombre,2,Primaria,Ladino/Mestizo,Diario,Matutina,No promovido,No,No,19-09,1,2,1,2,5,1,1,5,2,2,19
2024,15-04-0008-42,Baja Verapaz,1501,Público,Rural,Hombre,6,Preprimaria,Maya,Diario,Matutina,Promovido,No,No,15-04,1,2,1,1,1,1,1,1,2,2,15
2024,19-09-0273-43,Zacapa,1901,Público,Rural,Hombre,3,Primaria,Ladino/Mestizo,Diario,Matutina,Promovido,No,No,19-09,1,2,1,2,5,1,1,1,2,2,19
2024,15-04-0166-43,Baja Verapaz,1501,Público,Rural,Mujer,1,Primaria,Maya,Diario,Matutina,No promovido,Sí,No,15-04,1,2,2,2,1,1,1,5,1,2,15
2024,15-01-0340-43,Baja Verapaz,1501,Público,Urbana,Mujer,6,Primaria,Ladino/Mestizo,Diario,Matutina,Promovido,No,No,15-01,1,1,2,2,5,1,1,1,2,2,15
2024,15-08-0295-43,Baja Verapaz,1501,Público,Rural,Hombre,1,Primaria,Maya,Diario,Matutina,Promovido,No,No,15-08,1,2,1,2,1,1,1,1,2,2,15
2024,19-08-0890-46,Zacapa,1901,Cooperativa,Urbana,Mujer,4,Diversificado,Ladino/Mestizo,Diario,Vespertina,Promovido,No,No,19-08,4,1,2,4,5,1,2,1,2,2,19
2024,02-01-0016-43,El Progreso,201,Público,Rural,Mujer,2,Primaria,Ladino/Mestizo,Diario,Matutina,Promovido,No,No,02-01,1,2,2,2,5,1,1,1,2,2,2
2024,15-01-0024-43,Baja Verapaz,1501,Público,Rural,Hombre,3,Primaria,Ladino/Mestizo,Diario,Matutina,Promovido,No,No,15-01,1,2,1,2,5,1,1,1,2,2,15
2024,15-08-0356-43,Baja Verapaz,1501,Público,Rural,Hombre,3,Primaria,Maya,Diario,Matutina,Promovido,Sí,No,15-08,1,2,1,2,1,1,1,1,1,2,15
2024,19-04-0595-43,Zacapa,1901,Público,Urbana,Hombre,5,Primaria,Ladino/Mestizo,Diario,Matutina,Retirado,No,No,19-04,1,1,1,2,5,1,1,3,2,2,19
2024,02-04-0004-46,El Progreso,201,Público,Urbana,Hombre,5,Diversificado,Ladino/Mestizo,Diario,Vespertina,Promovido,No,Sí,02-04,1,1,1,4,5,1,2,1,2,1,2
2024,15-01-0048-45,Baja Verapaz,1501,Público,Urbana,Mujer,3,Básico,Maya,Diario,Matutina,Promovido,No,No,15-01,1,1,2,3,1,1,1,1,2,2,15
2024,15-08-0275-45,Baja Verapaz,1501,Cooperativa,Urbana,Mujer,3,Básico,Maya,Diario,Vespertina,Retirado,No,No,15-08,4,1,2,3,1,1,2,3,2,2,15
2024,19-05-0213-45,Zacapa,1901,Público,Urbana,Mujer,1,Básico,Ladino/Mestizo,Diario,Matutina,Promovido,No,No,19-05,1,1,2,3,5,1,1,1,2,2,19
2024,15-01-0061-43,Baja Verapaz,1501,Público,Rural,Mujer,1,Primaria,Ladino/Mestizo,Diario,Matutina,No promovido,No,No,15-01,1,2,2,2,5,1,1,5,2,2,15
2024,19-04-0037-43,Zacapa,1901,Público,Rural,Hombre,4,Primaria,Ladino/Mestizo,Diario,Matutina,No promovido,No,No,19-04,1,2,1,2,5,1,1,5,2,2,19
2024,19-04-0315-42,Zacapa,1901,Privado,Urbana,Mujer,6,Preprimaria,Ladino/Mestizo,Diario,Vespertina,Promovido,No,No,19-04,2,1,2,1,5,1,2,1,2,2,19
2024,02-03-0081-43,El Progreso,201,Público,Rural,Mujer,1,Primaria,Ladino/Mestizo,Diario,Matutina,Promovido,No,No,02-03,1,2,2,2,5,1,1,1,2,2,2
2024,02-02-0729-42,El Progreso,201,Público,Rural,Hombre,3,Preprimaria,Ladino/Mestizo,Diario,Doble,Promovido,No,No,02-02,1,2,1,1,5,1,4,1,2,2,2
2024,15-08-0108-43,Baja Verapaz,1501,Público,Rural,Mujer,2,Primaria,Maya,Diario,Matutina,No promovido,No,No,15-08,1,2,2,2,1,1,1,5,2,2,15
2024,15-08-0135-43,Baja Verapaz,1501,Público,Rural,Mujer,5,Primaria,Maya,Diario,Matutina,Promovido,No,No,15-08,1,2,2,2,1,1,1,1,2,2,15
2024,15-02-0084-43,Baja Verapaz,1501,Público,Rural,Hombre,3,Primaria,Maya,Diario,Matutina,Promovido,No,No,15-02,1,2,1,2,1,1,1,1,2,2,15
2024,15-01-0019-43,Baja Verapaz,1501,Público,Urbana,Hombre,3,Primaria,Ladino/Mestizo,Diario,Vespertina,Promovido,No,No,15-01,1,1,1,2,5,1,2,1,2,2,15
2024,15-06-0668-43,Baja Verapaz,1501,Público,Rural,Mujer,3,Primaria,Maya,Diario,Matutina,Promovido,No,No,15-06,1,2,2,2,1,1,1,1,2,2,15
2024,15-01-0094-42,Baja Verapaz,1501,Público,Rural,Mujer,6,Preprimaria,Maya,Diario,Matutina,Promovido,No,No,15-01,1,2,2,1,1,1,1,1,2,2,15
2024,19-06-0221-43,Zacapa,1901,Público,Rural,Mujer,1,Primaria,Ladino/Mestizo,Diario,Matutina,Promovido,No,No,19-06,1,2,2,2,5,1,1,1,2,2,19
2024,15-01-0009-43,Baja Verapaz,1501,Privado,Urbana,Mujer,6,Primaria,Ladino/Mestizo,Diario,Matutina,Promovido,No,No,15-01,2,1,2,2,5,1,1,1,2,2,15
2024,19-01-0355-45,Zacapa,1901,Público,Urbana,Hombre,2,Básico,Ladino/Mestizo,Diario,Vespertina,Promovido,No,No,19-01,1,1,1,3,5,1,2,1,2,2,19
2024,15-03-0099-43,Baja Verapaz,1501,Público,Urbana,Mujer,1,Primaria,Maya,Diario,Matutina,Promovido,No,No,15-03,1,1,2,2,1,1,1,1,2,2,15
2024,02-06-0150-43,El Progreso,201,Público,Rural,Mujer,1,Primaria,Ladino/Mestizo,Diario,Matutina,Promovido,Sí,No,02-06,1,2,2,2,5,1,1,1,1,2,2
2024,15-01-0070-43,Baja Verapaz,1501,Público,Rural,Hombre,1,Primaria,Ladino/Mestizo,Diario,Matutina,Promovido,No,No,15-01,1,2,1,2,5,1,1,1,2,2,15
2024,15-06-1354-42,Baja Verapaz,1501,Público,Rural,Mujer,6,Preprimaria,Ladino/Mestizo,Diario,Matutina,Promovido,No,No,15-06,1,2,2,1,5,1,1,1,2,2,15
2024,15-01-0051-46,Baja Verapaz,1501,Privado,Urbana,Hombre,4,Diversificado,Ladino/Mestizo,Diario,Vespertina,Promovido,No,No,15-01,2,1,1,4,5,1,2,1,2,2,15
2024,02-05-0808-42,El Progreso,201,Público,Rural,Hombre,6,Preprimaria,Ladino/Mestizo,Diario,Matutina,Promovido,No,No,02-05,1,2,1,1,5,1,1,1,2,2,2
2024,15-01-0181-45,Baja Verapaz,1501,Privado,Urbana,Hombre,1,Básico,Ladino/Mestizo,Semipresencial,Ignorado,Promovido,No,No,15-01,2,1,1,3,5,4,9,1,2,2,15
2024,15-08-0169-43,Baja Verapaz,1501,Público,Rural,Hombre,1,Primaria,Maya,Diario,Matutina,No promovido,Sí,No,15-08,1,2,1,2,1,1,1,5,1,2,15
2024,15-04-0156-43,Baja Verapaz,1501,Público,Rural,Mujer,1,Primaria,Maya,Diario,Matutina,Retirado,Sí,No,15-04,1,2,2,2,1,1,1,3,1,2,15
2024,15-01-0052-46,Baja Verapaz,1501,Privado,Urbana,Mujer,4,Diversificado,Ladino/Mestizo,Diario,Vespertina,Promovido,No,No,15-01,2,1,2,4,5,1,2,1,2,2,15
2024,19-11-0009-42,Zacapa,1901,Público,Rural,Hombre,6,Preprimaria,Ladino/Mestizo,Diario,Matutina,Promovido,No,No,19-11,1,2,1,1,5,1,1,1,2,2,19
2024,15-04-0060-43,Baja Verapaz,1501,Público,Rural,Hombre,4,Primaria,Ladino/Mestizo,Diario,Matutina,Promovido,No,No,15-04,1,2,1,2,5,1,1,1,2,2,15
2024,19-05-0201-43,Zacapa,1901,Público,Urbana,Mujer,3,Primaria,Ladino/Mestizo,Diario,Matutina,Promovido,Sí,No,19-05,1,1,2,2,5,1,1,1,1,2,19
2024,15-08-0143-45,Baja Verapaz,1501,Público,Rural,Hombre,2,Básico,Maya,Diario,Vespertina,Promovido,No,No,15-08,1,2,1,3,1,1,2,1,2,2,15
2024,02-07-0679-46,El Progreso,201,Privado,Urbana,Hombre,5,Diversificado,Ladino/Mestizo,Diario,Matutina,Promovido,No,Sí,02-07,2,1,1,4,5,1,1,1,2,1,2
2024,19-11-0020-45,Zacapa,1901,Público,Rural,Mujer,3,Básico,Ladino/Mestizo,Diario,Matutina,Promovido,No,No,19-11,1,2,2,3,5,1,1,1,2,2,19
2024,19-09-0028-43,Zacapa,1901,Público,Rural,Hombre,1,Primaria,Ladino/Mestizo,Diario,Matutina,Promovido,No,No,19-09,1,2,1,2,5,1,1,1,2,2,19
2024,19-01-0025-42,Zacapa,1901,Público,Rural,Mujer,6,Preprimaria,Ladino/Mestizo,Diario,Matutina,Retirado,No,No,19-01,1,2,2,1,5,1,1,3,2,2,19
2024,15-02-0701-42,Baja Verapaz,1501,Público,Rural,Hombre,6,Preprimaria,Maya,Diario,Matutina,Promovido,No,No,15-02,1,2,1,1,1,1,1,1,2,2,15
2024,19-10-0300-43,Zacapa,1901,Público,Rural,Hombre,5,Primaria,Ladino/Mestizo,Diario,Matutina,No promovido,No,No,19-10,1,2,1,2,5,1,1,5,2,2,19
2024,02-01-0255-45,El Progreso,201,Cooperativa,Rural,Mujer,1,Básico,Ladino/Mestizo,Diario,Vespertina,Promovido,No,No,02-01,4,2,2,3,5,1,2,1,2,2,2
2024,02-06-0243-45,El Progreso,201,Público,Urbana,Mujer,1,Básico,Ladino/Mestizo,Diario,Matutina,Promovido,No,No,02-06,1,1,2,3,5,1,1,1,2,2,2
2024,15-08-0194-42,Baja Verapaz,1501,Público,Rural,Hombre,4,Preprimaria,Ladino/Mestizo,Diario,Matutina,Retirado,No,No,15-08,1,2,1,1,5,1,1,3,2,2,15
2024,15-03-0070-46,Baja Verapaz,1501,Privado,Rural,Hombre,4,Diversificado,Maya,Diario,Matutina,Promovido,No,No,15-03,2,2,1,4,1,1,1,1,2,2,15
2024,02-01-0701-42,El Progreso,201,Público,Rural,Mujer,5,Preprimaria,Ladino/Mestizo,Diario,Matutina,Promovido,No,No,02-01,1,2,2,1,5,1,1,1,2,2,2
2024,19-09-0266-43,Zacapa,1901,Público,Rural,Hombre,4,Primaria,Ladino/Mestizo,Diario,Matutina,Promovido,No,No,19-09,1,2,1,2,5,1,1,1,2,2,19
2024,15-08-0130-45,Baja Verapaz,1501,Privado,Urbana,Hombre,1,Básico,Ladino/Mestizo,Diario,Vespertina,Promovido,No,No,15-08,2,1,1,3,5,1,2,1,2,2,15
2024,02-03-0047-45,El Progreso,201,Público,Rural,Hombre,2,Básico,Ladino/Mestizo,Diario,Vespertina,Promovido,No,No,02-03,1,2,1,3,5,1,2,1,2,2,2
2024,19-07-0228-43,Zacapa,1901,Público,Urbana,Hombre,3,Primaria,Ladino/Mestizo,Diario,Matutina,Promovido,No,No,19-07,1,1,1,2,5,1,1,1,2,2,19
2024,15-08-0286-43,Baja Verapaz,1501,Público,Rural,Hombre,3,Primaria,Maya,Diario,Matutina,Promovido,No,No,15-08,1,2,1,2,1,1,1,1,2,2,15
2024,19-01-0023-43,Zacapa,1901,Público,Rural,Hombre,1,Primaria,Ladino/Mestizo,Diario,Matutina,Promovido,No,No,19-01,1,2,1,2,5,1,1,1,2,2,19
2024,15-03-0109-43,Baja Verapaz,1501,Público,Rural,Mujer,6,Primaria,Maya,Diario,Matutina,No promovido,No,No,15-03,1,2,2,2,1,1,1,5,2,2,15
2024,15-06-0217-43,Baja Verapaz,1501,Público,Urbana,Mujer,4,Primaria,Ladino/Mestizo,Diario,Matutina,Promovido,No,No,15-06,1,1,2,2,5,1,1,1,2,2,15
2024,02-07-0175-43,El Progreso,201,Público,Rural,Hombre,3,Primaria,Ladino/Mestizo,Diario,Matutina,Promovido,No,No,02-07,1,2,1,2,5,1,1,1,2,2,2
2024,19-04-0169-43,Zacapa,1901,Público,Rural,Mujer,1,Primaria,Ladino/Mestizo,Diario,Matutina,Retirado,No,No,19-04,1,2,2,2,5,1,1,3,2,2,19
2024,19-01-0210-45,Zacapa,1901,Privado,Urbana,Mujer,2,Básico,Ladino/Mestizo,Semipresencial,Ignorado,No promovido,No,No,19-01,2,1,2,3,5,4,9,5,2,2,19
2024,02-01-0551-45,El Progreso,201,Público,Rural,Mujer,3,Básico,Ladino/Mestizo,Diario,Vespertina,Promovido,No,No,02-01,1,2,2,3,5,1,2,1,2,2,2
2024,02-07-0160-43,El Progreso,201,Público,Urbana,Hombre,1,Primaria,Ladino/Mestizo,Diario,Matutina,Promovido,No,No,02-07,1,1,1,2,5,1,1,1,2,2,2
2024,02-06-0010-45,El Progreso,201,Privado,Urbana,Mujer,1,Básico,Ladino/Mestizo,Diario,Vespertina,Promovido,No,No,02-06,2,1,2,3,5,1,2,1,2,2,2
2024,15-08-0066-43,Baja Verapaz,1501,Público,Rural,Hombre,6,Primaria,Maya,Diario,Matutina,Promovido,No,No,15-08,1,2,1,2,1,1,1,1,2,2,15
2024,15-03-0117-43,Baja Verapaz,1501,Público,Rural,Mujer,6,Primaria,Maya,Diario,Matutina,Promovido,No,No,15-03,1,2,2,2,1,1,1,1,2,2,15
2024,15-08-1248-43,Baja Verapaz,1501,Público,Rural,Hombre,3,Primaria,Maya,Diario,Matutina,No promovido,No,No,15-08,1,2,1,2,1,1,1,5,2,2,15
2024,19-10-1009-46,Zacapa,1901,Cooperativa,Urbana,Mujer,5,Diversificado,Ladino/Mestizo,Diario,Vespertina,Promovido,No,No,19-10,4,1,2,4,5,1,2,1,2,2,19
2024,15-06-0002-43,Baja Verapaz,1501,Público,Rural,Hombre,5,Primaria,Ladino/Mestizo,Diario,Matutina,Promovido,No,No,15-06,1,2,1,2,5,1,1,1,2,2,15
2024,15-08-0013-42,Baja Verapaz,1501,Público,Rural,Hombre,6,Preprimaria,Maya,Diario,Matutina,Promovido,No,No,15-08,1,2,1,1,1,1,1,1,2,2,15
2024,15-04-0041-43,Baja Verapaz,1501,Público,Rural,Mujer,6,Primaria,Ladino/Mestizo,Diario,Matutina,Promovido,No,No,15-04,1,2,2,2,5,1,1,1,2,2,15
2024,15-06-1533-43,Baja Verapaz,1501,Público,Rural,Hombre,5,Primaria,Ladino/Mestizo,Diario,Vespertina,Promovido,No,No,15-06,1,2,1,2,5,1,2,1,2,2,15
2024,15-02-0079-43,Baja Verapaz,1501,Público,Rural,Hombre,1,Primaria,Maya,Diario,Matutina,Promovido,No,No,15-02,1,2,1,2,1,1,1,1,2,2,15
2024,02-02-0015-43,El Progreso,201,Municipal,Rural,Mujer,1,Primaria,Ladino/Mestizo,Diario,Matutina,No promovido,No,No,02-02,3,2,2,2,5,1,1,5,2,2,2
2024,15-03-1621-45,Baja Verapaz,1501,Público,Rural,Hombre,3,Básico,Ladino/Mestizo,Diario,Vespertina,Promovido,No,No,15-03,1,2,1,3,5,1,2,1,2,2,15
2024,02-06-0016-43,El Progreso,201,Privado,Urbana,Mujer,6,Primaria,Ladino/Mestizo,Diario,Matutina,Promovido,No,No,02-06,2,1,2,2,5,1,1,1,2,2,2
2024,15-03-0104-43,Baja Verapaz,1501,Público,Rural,Hombre,2,Primaria,Maya,Diario,Matutina,Promovido,Sí,No,15-03,1,2,1,2,1,1,1,1,1,2,15
2024,02-01-0813-42,El Progreso,201,Público,Rural,Mujer,6,Preprimaria,Ladino/Mestizo,Diario,Matutina,Promovido,No,No,02-01,1,2,2,1,5,1,1,1,2,2,2
2024,19-05-1213-45,Zacapa,1901,Público,Rural,Mujer,2,Básico,Ladino/Mestizo,Diario,Vespertina,Promovido,No,No,19-05,1,2,2,3,5,1,2,1,2,2,19
2024,15-01-0050-45,Baja Verapaz,1501,Público,Urbana,Hombre,1,Básico,Ladino/Mestizo,Diario,Matutina,Promovido,Sí,Ignorado,15-01,1,1,1,3,5,1,1,1,1,9,15
2024,15-02-0053-41,Baja Verapaz,1501,Público,Urbana,Mujer,6,Preprimaria,Maya,Diario,Matutina,Promovido,No,No,15-02,1,1,2,1,1,1,1,1,2,2,15
2024,19-01-0187-43,Zacapa,1901,Privado,Urbana,Hombre,5,Primaria,Ladino/Mestizo,Diario,Matutina,No promovido,No,No,19-01,2,1,1,2,5,1,1,5,2,2,19
2024,15-02-0070-43,Baja Verapaz,1501,Público,Urbana,Hombre,2,Primaria,Maya,Diario,Matutina,Promovido,No,No,15-02,1,1,1,2,1,1,1,1,2,2,15
2024,02-06-0136-43,El Progreso,201,Público,Rural,Hombre,3,Primaria,Ladino/Mestizo,Diario,Matutina,Retirado,No,No,02-06,1,2,1,2,5,1,1,3,2,2,2
2024,15-03-0058-45,Baja Verapaz,1501,Público,Rural,Mujer,3,Básico,Ladino/Mestizo,Diario,Matutina,Retirado,No,No,15-03,1,2,2,3,5,1,1,3,2,2,15
2024,15-04-0067-43,Baja Verapaz,1501,Público,Rural,Mujer,3,Primaria,Maya,Diario,Matutina,Promovido,No,No,15-04,1,2,2,2,1,1,1,1,2,2,15
2024,15-02-0072-43,Baja Verapaz,1501,Público,Rural,Hombre,3,Primaria,Ladino/Mestizo,Diario,Matutina,Promovido,No,No,15-02,1,2,1,2,5,1,1,1,2,2,15
2024,02-01-0052-43,El Progreso,201,Privado,Urbana,Mujer,2,Primaria,Ladino/Mestizo,Diario,Matutina,Promovido,No,No,02-01,2,1,2,2,5,1,1,1,2,2,2
2024,15-03-0045-45,Baja Verapaz,1501,Público,Urbana,Mujer,1,Básico,Ladino/Mestizo,Diario,Vespertina,Promovido,No,Ignorado,15-03,1,1,2,3,5,1,2,1,2,9,15
2024,15-08-0097-43,Baja Verapaz,1501,Público,Rural,Hombre,1,Primaria,Maya,Diario,Matutina,Promovido,No,No,15-08,1,2,1,2,1,1,1,1,2,2,15
2024,15-01-0050-45,Baja Verapaz,1501,Público,Urbana,Mujer,3,Básico,Ladino/Mestizo,Diario,Matutina,Promovido,No,No,15-01,1,1,2,3,5,1,1,1,2,2,15
2024,19-06-0683-42,Zacapa,1901,Público,Rural,Hombre,4,Preprimaria,Ladino/Mestizo,Diario,Matutina,Promovido,No,No,19-06,1,2,1,1,5,1,1,1,2,2,19
2024,02-03-0118-45,El Progreso,201,Privado,Urbana,Hombre,3,Básico,Ladino/Mestizo,Diario,Vespertina,Promovido,No,No,02-03,2,1,1,3,5,1,2,1,2,2,2
2024,02-03-0072-43,El Progreso,201,Público,Rural,Mujer,4,Primaria,Ladino/Mestizo,Diario,Matutina,No promovido,No,No,02-03,1,2,2,2,5,1,1,5,2,2,2
2024,02-02-0645-45,El Progreso,201,Público,Rural,Hombre,3,Básico,Ladino/Mestizo,Diario,Vespertina,Promovido,No,No,02-02,1,2,1,3,5,1,2,1,2,2,2
2024,15-08-0292-43,Baja Verapaz,1501,Público,Rural,Hombre,1,Primaria,Maya,Diario,Matutina,Promovido,No,No,15-08,1,2,1,2,1,1,1,1,2,2,15
2024,15-02-0085-43,Baja Verapaz,1501,Público,Rural,Hombre,2,Primaria,Maya,Diario,Matutina,Promovido,No,No,15-02,1,2,1,2,1,1,1,1,2,2,15
2024,02-03-0250-45,El Progreso,201,Privado,Rural,Hombre,3,Básico,Ladino/Mestizo,Diario,Vespertina,Promovido,No,No,02-03,2,2,1,3,5,1,2,1,2,2,2
2024,19-07-0022-42,Zacapa,1901,Público,Urbana,Hombre,6,Preprimaria,Ladino/Mestizo,Diario,Matutina,Promovido,No,No,19-07,1,1,1,1,5,1,1,1,2,2,19
2024,15-08-0266-41,Baja Verapaz,1501,Público,Rural,Mujer,6,Preprimaria,Maya,Diario,Matutina,Promovido,No,No,15-08,1,2,2,1,1,1,1,1,2,2,15
2024,02-07-0171-43,El Progreso,201,Público,Rural,Mujer,2,Primaria,Ladino/Mestizo,Diario,Matutina,Promovido,No,No,02-07,1,2,2,2,5,1,1,1,2,2,2
2024,19-02-0095-45,Zacapa,1901,Público,Urbana,Hombre,2,Básico,Ladino/Mestizo,Diario,Matutina,Retirado,No,No,19-02,1,1,1,3,5,1,1,3,2,2,19
2024,19-04-0044-45,Zacapa,1901,Público,Rural,Hombre,1,Básico,Ladino/Mestizo,Diario,Vespertina,Promovido,No,No,19-04,1,2,1,3,5,1,2,1,2,2,19
2024,19-07-0808-46,Zacapa,1901,Cooperativa,Urbana,Hombre,5,Diversificado,Ladino/Mestizo,Diario,Vespertina,Promovido,No,Ignorado,19-07,4,1,1,4,5,1,2,1,2,9,19
2024,02-01-0027-46,El Progreso,201,Público,Urbana,Hombre,5,Diversificado,Ladino/Mestizo,Diario,Doble,Promovido,No,No,02-01,1,1,1,4,5,1,4,1,2,2,2
2024,15-08-2059-43,Baja Verapaz,1501,Privado,Urbana,Mujer,1,Primaria,Maya,Diario,Matutina,Promovido,No,No,15-08,2,1,2,2,1,1,1,1,2,2,15
2024,02-03-0769-42,El Progreso,201,Público,Rural,Mujer,6,Preprimaria,Ladino/Mestizo,Diario,Matutina,Promovido,No,No,02-03,1,2,2,1,5,1,1,1,2,2,2
2024,15-01-0051-45,Baja Verapaz,1501,Privado,Urbana,Hombre,2,Básico,Ladino/Mestizo,Diario,Vespertina,Promovido,No,No,15-01,2,1,1,3,5,1,2,1,2,2,15
2024,15-04-0175-43,Baja Verapaz,1501,Público,Rural,Hombre,3,Primaria,Ladino/Mestizo,Diario,Matutina,Retirado,No,No,15-04,1,2,1,2,5,1,1,3,2,2,15
2024,02-07-0156-42,El Progreso,201,Público,Rural,Hombre,6,Preprimaria,Ladino/Mestizo,Diario,Matutina,Promovido,No,No,02-07,1,2,1,1,5,1,1,1,2,2,2
2024,02-07-0245-43,El Progreso,201,Público,Rural,Mujer,4,Primaria,Ladino/Mestizo,Diario,Matutina,Retirado,No,No,02-07,1,2,2,2,5,1,1,3,2,2,2
2024,15-03-0094-42,Baja Verapaz,1501,Público,Urbana,Hombre,5,Preprimaria,Maya,Diario,Matutina,Promovido,No,No,15-03,1,1,1,1,1,1,1,1,2,2,15
2024,15-04-0064-43,Baja Verapaz,1501,Público,Rural,Hombre,1,Primaria,Ladino/Mestizo,Diario,Matutina,Promovido,Sí,No,15-04,1,2,1,2,5,1,1,1,1,2,15
2024,19-07-0226-42,Zacapa,1901,Público,Urbana,Hombre,5,Preprimaria,Ladino/Mestizo,Diario,Matutina,Promovido,No,No,19-07,1,1,1,1,5,1,1,1,2,2,19
2024,15-08-0291-43,Baja Verapaz,1501,Público,Rural,Hombre,2,Primaria,Maya,Diario,Matutina,Promovido,No,No,15-08,1,2,1,2,1,1,1,1,2,2,15
2024,19-04-0029-46,Zacapa,1901,Público,Urbana,Hombre,5,Diversificado,Ladino/Mestizo,Diario,Vespertina,Promovido,No,Sí,19-04,1,1,1,4,5,1,2,1,2,1,19
2024,15-04-0054-43,Baja Verapaz,1501,Público,Rural,Mujer,3,Primaria,Maya,Diario,Matutina,No promovido,No,No,15-04,1,2,2,2,1,1,1,5,2,2,15
2024,02-08-0397-42,El Progreso,201,Público,Rural,Mujer,6,Preprimaria,Ladino/Mestizo,Diario,Matutina,Promovido,No,No,02-08,1,2,2,1,5,1,1,1,2,2,2
2024,15-03-0040-45,Baja Verapaz,1501,Público,Rural,Mujer,3,Básico,Maya,Diario,Matutina,Promovido,No,No,15-03,1,2,2,3,1,1,1,1,2,2,15
2024,19-05-0029-43,Zacapa,1901,Privado,Urbana,Hombre,5,Primaria,Ladino/Mestizo,Diario,Matutina,Promovido,No,No,19-05,2,1,1,2,5,1,1,1,2,2,19
2024,02-03-0100-45,El Progreso,201,Cooperativa,Urbana,Mujer,2,Básico,Ladino/Mestizo,Diario,Vespertina,Promovido,No,No,02-03,4,1,2,3,5,1,2,1,2,2,2
2024,15-07-1671-43,Baja Verapaz,1501,Público,Urbana,Mujer,1,Primaria,Ladino/Mestizo,Diario,Vespertina,No promovido,No,No,15-07,1,1,2,2,5,1,2,5,2,2,15
2024,15-01-0011-43,Baja Verapaz,1501,Público,Rural,Hombre,4,Primaria,Ladino/Mestizo,Diario,Matutina,Promovido,No,No,15-01,1,2,1,2,5,1,1,1,2,2,15
2024,02-01-0027-46,El Progreso,201,Público,Urbana,Mujer,5,Diversificado,Ladino/Mestizo,Diario,Doble,Promovido,No,Sí,02-01,1,1,2,4,5,1,4,1,2,1,2
2024,19-10-0302-43,Zacapa,1901,Público,Rural,Hombre,6,Primaria,Ladino/Mestizo,Diario,Matutina,Promovido,No,No,19-10,1,2,1,2,5,1,1,1,2,2,19
2024,19-09-0965-42,Zacapa,1901,Público,Rural,Mujer,6,Preprimaria,Ladino/Mestizo,Diario,Matutina,Promovido,No,No,19-09,1,2,2,1,5,1,1,1,2,2,19
2024,19-11-0010-43,Zacapa,1901,Público,Urbana,Mujer,6,Primaria,Ladino/Mestizo,Diario,Matutina,Promovido,No,No,19-11,1,1,2,2,5,1,1,1,2,2,19
2024,15-08-0283-43,Baja Verapaz,1501,Público,Rural,Hombre,5,Primaria,Maya,Diario,Matutina,No promovido,No,No,15-08,1,2,1,2,1,1,1,5,2,2,15
2024,02-06-0243-45,El Progreso,201,Público,Urbana,Mujer,3,Básico,Ladino/Mestizo,Diario,Matutina,Promovido,No,No,02-06,1,1,2,3,5,1,1,1,2,2,2
2024,19-01-0332-46,Zacapa,1901,Privado,Urbana,Hombre,4,Diversificado,Ladino/Mestizo,Diario,Doble,Promovido,No,No,19-01,2,1,1,4,5,1,4,1,2,2,19
2024,19-01-0353-43,Zacapa,1901,Público,Urbana,Hombre,1,Primaria,Ladino/Mestizo,Diario,Vespertina,Promovido,No,No,19-01,1,1,1,2,5,1,2,1,2,2,19
2024,19-04-0005-42,Zacapa,1901,Público,Rural,Hombre,5,Preprimaria,Ladino/Mestizo,Diario,Matutina,Promovido,No,No,19-04,1,2,1,1,5,1,1,1,2,2,19
2024,19-01-0017-43,Zacapa,1901,Privado,Urbana,Hombre,6,Primaria,Ladino/Mestizo,Diario,Matutina,Promovido,No,No,19-01,2,1,1,2,5,1,1,1,2,2,19
2024,02-05-0664-46,El Progreso,201,Cooperativa,Urbana,Mujer,6,Diversificado,Ladino/Mestizo,Diario,Vespertina,Promovido,No,Sí,02-05,4,1,2,4,5,1,2,1,2,1,2
2024,15-02-0047-43,Baja Verapaz,1501,Público,Urbana,Mujer,5,Primaria,Maya,Diario,Matutina,Promovido,No,No,15-02,1,1,2,2,1,1,1,1,2,2,15
2024,15-03-0130-43,Baja Verapaz,1501,Público,Rural,Mujer,3,Primaria,Maya,Diario,Matutina,Promovido,No,No,15-03,1,2,2,2,1,1,1,1,2,2,15
2024,19-01-0330-45,Zacapa,1901,Privado,Urbana,Hombre,2,Básico,Ladino/Mestizo,Diario,Matutina,Promovido,No,No,19-01,2,1,1,3,5,1,1,1,2,2,19
2024,02-01-0016-43,El Progreso,201,Público,Rural,Hombre,5,Primaria,Ladino/Mestizo,Diario,Matutina,Promovido,No,No,02-01,1,2,1,2,5,1,1,1,2,2,2
2024,19-07-0004-46,Zacapa,1901,Público,Urbana,Hombre,4,Diversificado,Ladino/Mestizo,Diario,Vespertina,Promovido,No,No,19-07,1,1,1,4,5,1,2,1,2,2,19
2024,19-11-0006-42,Zacapa,1901,Público,Rural,Hombre,5,Preprimaria,Ladino/Mestizo,Diario,Matutina,Promovido,No,No,19-11,1,2,1,1,5,1,1,1,2,2,19
2024,19-09-0043-45,Zacapa,1901,Público,Rural,Mujer,1,Básico,Ladino/Mestizo,Diario,Matutina,Promovido,No,No,19-09,1,2,2,3,5,1,1,1,2,2,19
2024,02-03-0764-42,El Progreso,201,Público,Rural,Hombre,5,Preprimaria,Ladino/Mestizo,Diario,Matutina,Promovido,No,No,02-03,1,2,1,1,5,1,1,1,2,2,2
2024,15-04-0207-42,Baja Verapaz,1501,Público,Rural,Hombre,6,Preprimaria,Maya,Diario,Matutina,Promovido,No,No,15-04,1,2,1,1,1,1,1,1,2,2,15
2024,15-05-0002-43,Baja Verapaz,1501,Público,Rural,Hombre,5,Primaria,Ladino/Mestizo,Diario,Matutina,Promovido,No,No,15-05,1,2,1,2,5,1,1,1,2,2,15
2024,19-10-0011-45,Zacapa,1901,Público,Rural,Hombre,3,Básico,Ladino/Mestizo,Diario,Vespertina,Promovido,No,No,19-10,1,2,1,3,5,1,2,1,2,2,19
2024,02-03-0821-45,El Progreso,201,Público,Rural,Mujer,1,Básico,Ladino/Mestizo,Diario,Matutina,Promovido,No,No,02-03,1,2,2,3,5,1,1,1,2,2,2
2024,02-03-0088-43,El Progreso,201,Público,Rural,Hombre,2,Primaria,Ladino/Mestizo,Diario,Matutina,Promovido,No,No,02-03,1,2,1,2,5,1,1,1,2,2,2
2024,15-08-1251-43,Baja Verapaz,1501,Público,Rural,Hombre,3,Primaria,Maya,Diario,Matutina,Promovido,No,No,15-08,1,2,1,2,1,1,1,1,2,2,15
2024,19-10-0956-43,Zacapa,1901,Público,Rural,Hombre,6,Primaria,Ladino/Mestizo,Diario,Matutina,Promovido,No,No,19-10,1,2,1,2,5,1,1,1,2,2,19
2024,15-02-0034-42,Baja Verapaz,1501,Público,Rural,Hombre,4,Preprimaria,Maya,Diario,Matutina,Promovido,No,No,15-02,1,2,1,1,1,1,1,1,2,2,15
2024,15-08-0051-43,Baja Verapaz,1501,Público,Rural,Mujer,6,Primaria,Maya,Diario,Matutina,Promovido,No,No,15-08,1,2,2,2,1,1,1,1,2,2,15
2024,19-06-0216-43,Zacapa,1901,Público,Urbana,Hombre,2,Primaria,Ladino/Mestizo,Diario,Matutina,Promovido,No,No,19-06,1,1,1,2,5,1,1,1,2,2,19
2024,19-10-0302-43,Zacapa,1901,Público,Rural,Hombre,2,Primaria,Ladino/Mestizo,Diario,Matutina,Promovido,No,No,19-10,1,2,1,2,5,1,1,1,2,2,19
2024,02-03-0104-45,El Progreso,201,Privado,Rural,Hombre,2,Básico,Ladino/Mestizo,Diario,Matutina,Promovido,No,No,02-03,2,2,1,3,5,1,1,1,2,2,2
2024,02-02-0050-43,El Progreso,201,Público,Rural,Mujer,2,Primaria,Ladino/Mestizo,Diario,Matutina,Promovido,No,No,02-02,1,2,2,2,5,1,1,1,2,2,2
2024,02-03-0745-43,El Progreso,201,Público,Urbana,Hombre,3,Primaria,Ladino/Mestizo,Diario,Vespertina,Promovido,No,No,02-03,1,1,1,2,5,1,2,1,2,2,2
2024,15-03-1242-41,Baja Verapaz,1501,Público,Rural,Mujer,6,Preprimaria,Maya,Diario,Matutina,Promovido,No,No,15-03,1,2,2,1,1,1,1,1,2,2,15
2024,02-03-0599-46,El Progreso,201,Cooperativa,Urbana,Mujer,4,Diversificado,Ladino/Mestizo,Diario,Vespertina,Promovido,No,No,02-03,4,1,2,4,5,1,2,1,2,2,2
2024,02-01-0002-42,El Progreso,201,Público,Urbana,Hombre,4,Preprimaria,Ladino/Mestizo,Diario,Matutina,Promovido,No,No,02-01,1,1,1,1,5,1,1,1,2,2,2
2024,02-07-0401-42,El Progreso,201,Público,Rural,Mujer,5,Preprimaria,Ladino/Mestizo,Diario,Matutina,Promovido,No,No,02-07,1,2,2,1,5,1,1,1,2,2,2
2024,19-04-0018-43,Zacapa,1901,Público,Rural,Mujer,5,Primaria,Ladino/Mestizo,Diario,Matutina,No promovido,No,No,19-04,1,2,2,2,5,1,1,5,2,2,19
2024,19-06-0223-43,Zacapa,1901,Público,Rural,Hombre,1,Primaria,Ladino/Mestizo,Diario,Matutina,Retirado,No,No,19-06,1,2,1,2,5,1,1,3,2,2,19
2024,15-08-1527-43,Baja Verapaz,1501,Público,Urbana,Mujer,6,Primaria,Ladino/Mestizo,Diario,Vespertina,Promovido,No,No,15-08,1,1,2,2,5,1,2,1,2,2,15
2024,02-03-0075-43,El Progreso,201,Público,Rural,Mujer,3,Primaria,Ladino/Mestizo,Diario,Matutina,Promovido,No,No,02-03,1,2,2,2,5,1,1,1,2,2,2
2024,19-03-0004-46,Zacapa,1901,Cooperativa,Urbana,Mujer,5,Diversificado,Ladino/Mestizo,Diario,Vespertina,Promovido,No,No,19-03,4,1,2,4,5,1,2,1,2,2,19
2024,02-03-0042-43,El Progreso,201,Público,Rural,Hombre,3,Primaria,Ladino/Mestizo,Diario,Matutina,Retirado,No,No,02-03,1,2,1,2,5,1,1,3,2,2,2
2024,15-04-0140-43,Baja Verapaz,1501,Público,Rural,Hombre,1,Primaria,Ladino/Mestizo,Diario,Matutina,No promovido,No,No,15-04,1,2,1,2,5,1,1,5,2,2,15
2024,19-03-1189-45,Zacapa,1901,Cooperativa,Rural,Hombre,1,Básico,Ladino/Mestizo,Diario,Vespertina,Promovido,No,No,19-03,4,2,1,3,5,1,2,1,2,2,19
2024,15-02-0080-43,Baja Verapaz,1501,Público,Rural,Mujer,2,Primaria,Maya,Diario,Matutina,Promovido,No,No,15-02,1,2,2,2,1,1,1,1,2,2,15
2024,19-01-0010-43,Zacapa,1901,Público,Urbana,Hombre,3,Primaria,Ladino/Mestizo,Diario,Matutina,Promovido,No,No,19-01,1,1,1,2,5,1,1,1,2,2,19
2024,19-02-0088-43,Zacapa,1901,Público,Urbana,Mujer,4,Primaria,Ladino/Mestizo,Diario,Matutina,Promovido,No,No,19-02,1,1,2,2,5,1,1,1,2,2,19
2024,19-01-0209-46,Zacapa,1901,Privado,Urbana,Hombre,4,Diversificado,Ladino/Mestizo,Semipresencial,Ignorado,No promovido,No,Sí,19-01,2,1,1,4,5,4,9,5,2,1,19
2024,15-01-0022-43,Baja Verapaz,1501,Público,Rural,Hombre,4,Primaria,Ladino/Mestizo,Diario,Matutina,Promovido,No,No,15-01,1,2,1,2,5,1,1,1,2,2,15
2024,15-04-0161-43,Baja Verapaz,1501,Público,Rural,Hombre,1,Primaria,Ladino/Mestizo,Diario,Matutina,Promovido,No,No,15-04,1,2,1,2,5,1,1,1,2,2,15
2024,19-01-0109-43,Zacapa,1901,Público,Rural,Mujer,2,Primaria,Ladino/Mestizo,Diario,Matutina,Promovido,No,No,19-01,1,2,2,2,5,1,1,1,2,2,19
2024,02-03-0088-43,El Progreso,201,Público,Rural,Mujer,3,Primaria,Ladino/Mestizo,Diario,Matutina,Promovido,No,No,02-03,1,2,2,2,5,1,1,1,2,2,2
2024,02-02-0613-46,El Progreso,201,Cooperativa,Urbana,Mujer,5,Diversificado,Ladino/Mestizo,Diario,Vespertina,Promovido,No,No,02-02,4,1,2,4,5,1,2,1,2,2,2
2024,15-03-0103-43,Baja Verapaz,1501,Público,Urbana,Mujer,4,Primaria,Maya,Diario,Matutina,Promovido,No,No,15-03,1,1,2,2,1,1,1,1,2,2,15
2024,19-08-0247-43,Zacapa,1901,Público,Rural,Mujer,3,Primaria,Ladino/Mestizo,Diario,Matutina,Promovido,No,No,19-08,1,2,2,2,5,1,1,1,2,2,19
2024,15-03-0132-45,Baja Verapaz,1501,Público,Urbana,Mujer,3,Básico,Ladino/Mestizo,Diario,Matutina,Promovido,No,Ignorado,15-03,1,1,2,3,5,1,1,1,2,9,15
2024,02-02-0390-42,El Progreso,201,Público,Rural,Mujer,4,Preprimaria,Ladino/Mestizo,Diario,Matutina,Promovido,No,No,02-02,1,2,2,1,5,1,1,1,2,2,2
2024,19-01-0108-43,Zacapa,1901,Público,Rural,Mujer,1,Primaria,Ladino/Mestizo,Diario,Matutina,Promovido,Sí,No,19-01,1,2,2,2,5,1,1,1,1,2,19
2024,19-04-1051-42,Zacapa,1901,Público,Rural,Mujer,5,Preprimaria,Ladino/Mestizo,Diario,Matutina,Promovido,No,No,19-04,1,2,2,1,5,1,1,1,2,2,19
2024,19-01-0202-46,Zacapa,1901,Privado,Urbana,Mujer,5,Diversificado,Ladino/Mestizo,Diario,Matutina,Promovido,Sí,Sí,19-01,2,1,2,4,5,1,1,1,1,1,19
2024,15-08-0058-43,Baja Verapaz,1501,Público,Rural,Mujer,3,Primaria,Maya,Diario,Matutina,Promovido,No,No,15-08,1,2,2,2,1,1,1,1,2,2,15
2024,19-09-1223-43,Zacapa,1901,Público,Rural,Hombre,4,Primaria,Ladino/Mestizo,Diario,Matutina,Promovido,No,No,19-09,1,2,1,2,5,1,1,1,2,2,19
2024,15-03-0046-46,Baja Verapaz,1501,Público,Urbana,Mujer,5,Diversificado,Maya,Diario,Vespertina,Promovido,No,Sí,15-03,1,1,2,4,1,1,2,1,2,1,15
2024,15-01-0048-45,Baja Verapaz,1501,Público,Urbana,Mujer,3,Básico,Ladino/Mestizo,Diario,Matutina,Promovido,No,No,15-01,1,1,2,3,5,1,1,1,2,2,15
2024,19-08-1054-42,Zacapa,1901,Público,Urbana,Hombre,6,Preprimaria,Ladino/Mestizo,Diario,Matutina,Promovido,No,No,19-08,1,1,1,1,5,1,1,1,2,2,19
2024,15-02-0069-42,Baja Verapaz,1501,Público,Rural,Mujer,0,Preprimaria,Maya,Diario,Matutina,Promovido,No,No,15-02,1,2,2,1,1,1,1,1,2,2,15
2024,15-08-1968-42,Baja Verapaz,1501,Público,Rural,Mujer,2,Preprimaria,Ladino/Mestizo,Diario,Doble,Retirado,No,No,15-08,1,2,2,1,5,1,4,3,2,2,15
2024,15-04-0136-43,Baja Verapaz,1501,Público,Urbana,Hombre,3,Primaria,Maya,Diario,Matutina,Promovido,No,No,15-04,1,1,1,2,1,1,1,1,2,2,15
2024,15-02-0088-43,Baja Verapaz,1501,Público,Rural,Hombre,1,Primaria,Maya,Diario,Matutina,No promovido,No,No,15-02,1,2,1,2,1,1,1,5,2,2,15
2024,02-05-0131-45,El Progreso,201,Cooperativa,Rural,Hombre,1,Básico,Ladino/Mestizo,Diario,Vespertina,Promovido,No,Ignorado,02-05,4,2,1,3,5,1,2,1,2,9,2
2024,19-09-0656-42,Zacapa,1901,Público,Rural,Hombre,6,Preprimaria,Ladino/Mestizo,Diario,Matutina,Promovido,No,No,19-09,1,2,1,1,5,1,1,1,2,2,19
2024,02-07-0161-43,El Progreso,201,Público,Urbana,Hombre,2,Primaria,Ladino/Mestizo,Diario,Matutina,Promovido,No,No,02-07,1,1,1,2,5,1,1,1,2,2,2
2024,15-01-0082-43,Baja Verapaz,1501,Privado,Urbana,Hombre,6,Primaria,Ladino/Mestizo,Diario,Matutina,Promovido,No,No,15-01,2,1,1,2,5,1,1,1,2,2,15
2024,02-03-0114-45,El Progreso,201,Público,Rural,Hombre,3,Básico,Ladino/Mestizo,Diario,Matutina,Promovido,No,No,02-03,1,2,1,3,5,1,1,1,2,2,2
2024,15-01-0134-43,Baja Verapaz,1501,Público,Urbana,Hombre,1,Primaria,Ladino/Mestizo,Diario,Vespertina,Promovido,Sí,No,15-01,1,1,1,2,5,1,2,1,1,2,15
2024,19-01-0103-43,Zacapa,1901,Público,Rural,Hombre,6,Primaria,Ladino/Mestizo,Diario,Matutina,Promovido,No,No,19-01,1,2,1,2,5,1,1,1,2,2,19
2024,15-07-0241-43,Baja Verapaz,1501,Público,Rural,Hombre,1,Primaria,Ladino/Mestizo,Diario,Matutina,Promovido,No,No,15-07,1,2,1,2,5,1,1,1,2,2,15
2024,15-01-0001-41,Baja Verapaz,1501,Público,Rural,Mujer,6,Preprimaria,Maya,Diario,Matutina,Promovido,No,No,15-01,1,2,2,1,1,1,1,1,2,2,15
2024,02-07-0007-45,El Progreso,201,Público,Rural,Mujer,1,Básico,Ladino/Mestizo,Diario,Matutina,Promovido,No,No,02-07,1,2,2,3,5,1,1,1,2,2,2
2024,15-03-0032-43,Baja Verapaz,1501,Público,Rural,Mujer,3,Primaria,Maya,Diario,Matutina,Promovido,No,No,15-03,1,2,2,2,1,1,1,1,2,2,15
2024,02-07-0177-43,El Progreso,201,Público,Rural,Mujer,6,Primaria,Ladino/Mestizo,Diario,Matutina,Promovido,No,No,02-07,1,2,2,2,5,1,1,1,2,2,2
2024,02-08-0397-42,El Progreso,201,Público,Rural,Hombre,4,Preprimaria,Ladino/Mestizo,Diario,Matutina,Promovido,No,No,02-08,1,2,1,1,5,1,1,1,2,2,2
2024,15-02-1746-41,Baja Verapaz,1501,Público,Rural,Mujer,6,Preprimaria,Maya,Diario,Matutina,Retirado,No,No,15-02,1,2,2,1,1,1,1,3,2,2,15
2024,02-08-0223-45,El Progreso,201,Cooperativa,Urbana,Hombre,1,Básico,Ladino/Mestizo,Diario,Vespertina,Promovido,No,No,02-08,4,1,1,3,5,1,2,1,2,2,2
2024,15-05-0209-43,Baja Verapaz,1501,Público,Rural,Mujer,5,Primaria,Ladino/Mestizo,Diario,Matutina,Promovido,No,No,15-05,1,2,2,2,5,1,1,1,2,2,15
2024,15-01-0038-43,Baja Verapaz,1501,Público,Rural,Hombre,4,Primaria,Ladino/Mestizo,Diario,Matutina,Promovido,No,No,15-01,1,2,1,2,5,1,1,1,2,2,15
2024,02-07-0510-43,El Progreso,201,Público,Urbana,Mujer,5,Primaria,Ladino/Mestizo,Diario,Vespertina,Promovido,No,No,02-07,1,1,2,2,5,1,2,1,2,2,2
2024,15-07-1860-42,Baja Verapaz,1501,Público,Rural,Hombre,6,Preprimaria,Ladino/Mestizo,Diario,Matutina,Promovido,No,No,15-07,1,2,1,1,5,1,1,1,2,2,15
2024,15-08-1536-43,Baja Verapaz,1501,Público,Rural,Mujer,4,Primaria,Maya,Diario,Vespertina,Promovido,No,No,15-08,1,2,2,2,1,1,2,1,2,2,15
2024,15-03-0130-43,Baja Verapaz,1501,Público,Rural,Hombre,1,Primaria,Ladino/Mestizo,Diario,Matutina,No promovido,No,No,15-03,1,2,1,2,5,1,1,5,2,2,15
2024,19-05-0588-42,Zacapa,1901,Público,Rural,Hombre,5,Preprimaria,Ladino/Mestizo,Diario,Matutina,Promovido,No,No,19-05,1,2,1,1,5,1,1,1,2,2,19
2024,15-08-2059-43,Baja Verapaz,1501,Privado,Urbana,Hombre,1,Primaria,Ladino/Mestizo,Diario,Matutina,Promovido,No,No,15-08,2,1,1,2,5,1,1,1,2,2,15
2024,19-06-1057-45,Zacapa,1901,Público,Urbana,Mujer,1,Básico,Ladino/Mestizo,Diario,Matutina,Promovido,No,Ignorado,19-06,1,1,2,3,5,1,1,1,2,9,19
2024,02-06-0148-43,El Progreso,201,Público,Rural,Mujer,1,Primaria,Ladino/Mestizo,Diario,Matutina,Promovido,No,No,02-06,1,2,2,2,5,1,1,1,2,2,2
2024,15-04-0187-45,Baja Verapaz,1501,Cooperativa,Urbana,Hombre,3,Básico,Ladino/Mestizo,Diario,Vespertina,Promovido,No,No,15-04,4,1,1,3,5,1,2,1,2,2,15
2024,15-04-0143-43,Baja Verapaz,1501,Público,Rural,Mujer,2,Primaria,Maya,Diario,Matutina,No promovido,No,No,15-04,1,2,2,2,1,1,1,5,2,2,15
2024,19-01-0012-43,Zacapa,1901,Público,Urbana,Mujer,4,Primaria,Ladino/Mestizo,Diario,Matutina,Promovido,No,No,19-01,1,1,2,2,5,1,1,1,2,2,19
2024,19-06-0216-43,Zacapa,1901,Público,Urbana,Mujer,2,Primaria,Ladino/Mestizo,Diario,Matutina,Promovido,No,No,19-06,1,1,2,2,5,1,1,1,2,2,19
2024,19-02-0002-45,Zacapa,1901,Público,Urbana,Mujer,2,Básico,Ladino/Mestizo,Diario,Vespertina,No promovido,No,No,19-02,1,1,2,3,5,1,2,5,2,2,19
2024,19-10-0294-43,Zacapa,1901,Público,Urbana,Hombre,5,Primaria,Ladino/Mestizo,Diario,Matutina,Promovido,No,No,19-10,1,1,1,2,5,1,1,1,2,2,19
2024,15-01-0030-43,Baja Verapaz,1501,Público,Rural,Mujer,5,Primaria,Ladino/Mestizo,Diario,Matutina,Promovido,No,No,15-01,1,2,2,2,5,1,1,1,2,2,15
2024,15-04-0145-43,Baja Verapaz,1501,Público,Rural,Hombre,6,Primaria,Maya,Diario,Matutina,Promovido,No,No,15-04,1,2,1,2,1,1,1,1,2,2,15
2024,02-06-0136-43,El Progreso,201,Público,Rural,Mujer,5,Primaria,Ladino/Mestizo,Diario,Matutina,No promovido,No,No,02-06,1,2,2,2,5,1,1,5,2,2,2
2024,15-02-0012-43,Baja Verapaz,1501,Público,Rural,Mujer,6,Primaria,Maya,Diario,Matutina,Promovido,No,No,15-02,1,2,2,2,1,1,1,1,2,2,15
2024,02-07-0006-42,El Progreso,201,Público,Rural,Mujer,6,Preprimaria,Ladino/Mestizo,Diario,Matutina,Promovido,No,No,02-07,1,2,2,1,5,1,1,1,2,2,2
2024,19-01-0113-43,Zacapa,1901,Público,Rural,Mujer,3,Primaria,Ladino/Mestizo,Diario,Matutina,Promovido,No,No,19-01,1,2,2,2,5,1,1,1,2,2,19
2024,02-07-0013-45,El Progreso,201,Público,Rural,Hombre,3,Básico,Ladino/Mestizo,Diario,Vespertina,Promovido,No,No,02-07,1,2,1,3,5,1,2,1,2,2,2
2024,19-04-0196-45,Zacapa,1901,Público,Urbana,Hombre,3,Básico,Ladino/Mestizo,Diario,Matutina,Promovido,No,No,19-04,1,1,1,3,5,1,1,1,2,2,19
2024,02-06-0014-46,El Progreso,201,Privado,Urbana,Hombre,5,Diversificado,Ladino/Mestizo,Diario,Vespertina,Promovido,No,Sí,02-06,2,1,1,4,5,1,2,1,2,1,2
2024,02-03-0481-45,El Progreso,201,Público,Rural,Mujer,1,Básico,Ladino/Mestizo,Diario,Vespertina,Promovido,No,No,02-03,1,2,2,3,5,1,2,1,2,2,2
2024,19-10-0006-43,Zacapa,1901,Público,Rural,Mujer,5,Primaria,Ladino/Mestizo,Diario,Matutina,Promovido,No,No,19-10,1,2,2,2,5,1,1,1,2,2,19
2024,02-07-0177-43,El Progreso,201,Público,Rural,Hombre,4,Primaria,Ladino/Mestizo,Diario,Matutina,Promovido,No,No,02-07,1,2,1,2,5,1,1,1,2,2,2
2024,02-07-0713-42,El Progreso,201,Público,Rural,Hombre,1,Preprimaria,Ladino/Mestizo,Diario,Matutina,Promovido,No,No,02-07,1,2,1,1,5,1,1,1,2,2,2
2024,15-06-0217-43,Baja Verapaz,1501,Público,Urbana,Hombre,1,Primaria,Ladino/Mestizo,Diario,Matutina,Promovido,No,No,15-06,1,1,1,2,5,1,1,1,2,2,15
2024,19-07-0226-42,Zacapa,1901,Público,Urbana,Hombre,6,Preprimaria,Ladino/Mestizo,Diario,Matutina,Promovido,No,No,19-07,1,1,1,1,5,1,1,1,2,2,19
2024,15-08-0204-45,Baja Verapaz,1501,Público,Rural,Mujer,2,Básico,Maya,Diario,Vespertina,Promovido,No,No,15-08,1,2,2,3,1,1,2,1,2,2,15
2024,15-03-0130-43,Baja Verapaz,1501,Público,Rural,Hombre,4,Primaria,Ladino/Mestizo,Diario,Matutina,Promovido,No,No,15-03,1,2,1,2,5,1,1,1,2,2,15
2024,15-08-0283-43,Baja Verapaz,1501,Público,Rural,Mujer,5,Primaria,Maya,Diario,Matutina,Promovido,No,No,15-08,1,2,2,2,1,1,1,1,2,2,15
2024,15-01-0037-43,Baja Verapaz,1501,Público,Rural,Hombre,2,Primaria,Maya,Diario,Matutina,Promovido,No,No,15-01,1,2,1,2,1,1,1,1,2,2,15
2024,15-01-1950-43,Baja Verapaz,1501,Público,Urbana,Mujer,4,Primaria,Ladino/Mestizo,Diario,Matutina,Promovido,No,No,15-01,1,1,2,2,5,1,1,1,2,2,15
2024,15-08-0273-42,Baja Verapaz,1501,Público,Urbana,Mujer,6,Preprimaria,Maya,Diario,Matutina,Promovido,No,No,15-08,1,1,2,1,1,1,1,1,2,2,15
2024,15-08-0031-42,Baja Verapaz,1501,Público,Rural,Mujer,5,Preprimaria,Maya,Diario,Matutina,Promovido,No,No,15-08,1,2,2,1,1,1,1,1,2,2,15
2024,02-03-0824-42,El Progreso,201,Público,Rural,Mujer,5,Preprimaria,Ladino/Mestizo,Diario,Matutina,Promovido,No,No,02-03,1,2,2,1,5,1,1,1,2,2,2
2024,19-05-0010-43,Zacapa,1901,Público,Rural,Mujer,1,Primaria,Ladino/Mestizo,Diario,Matutina,Retirado,No,No,19-05,1,2,2,2,5,1,1,3,2,2,19
2024,15-07-1164-45,Baja Verapaz,1501,Cooperativa,Rural,Hombre,3,Básico,Ladino/Mestizo,Diario,Vespertina,Promovido,No,No,15-07,4,2,1,3,5,1,2,1,2,2,15
2024,15-04-1543-42,Baja Verapaz,1501,Público,Rural,Mujer,5,Preprimaria,Ladino/Mestizo,Diario,Matutina,Promovido,No,No,15-04,1,2,2,1,5,1,1,1,2,2,15
2024,19-04-0158-43,Zacapa,1901,Público,Rural,Hombre,5,Primaria,Ladino/Mestizo,Diario,Matutina,Promovido,No,No,19-04,1,2,1,2,5,1,1,1,2,2,19
2024,15-01-0146-42,Baja Verapaz,1501,Público,Rural,Mujer,3,Preprimaria,Ladino/Mestizo,Diario,Matutina,Promovido,No,No,15-01,1,2,2,1,5,1,1,1,2,2,15
2024,15-08-0357-43,Baja Verapaz,1501,Público,Rural,Mujer,6,Primaria,Maya,Diario,Matutina,No promovido,No,No,15-08,1,2,2,2,1,1,1,5,2,2,15
2024,15-01-0171-42,Baja Verapaz,1501,Público,Rural,Hombre,4,Preprimaria,Ladino/Mestizo,Diario,Matutina,Promovido,No,No,15-01,1,2,1,1,5,1,1,1,2,2,15
2024,19-02-0088-43,Zacapa,1901,Público,Urbana,Mujer,1,Primaria,Ladino/Mestizo,Diario,Matutina,Promovido,No,No,19-02,1,1,2,2,5,1,1,1,2,2,19
2024,19-03-0918-42,Zacapa,1901,Privado,Rural,Hombre,4,Preprimaria,Ladino/Mestizo,Diario,Matutina,Promovido,No,No,19-03,2,2,1,1,5,1,1,1,2,2,19
2024,15-08-0290-43,Baja Verapaz,1501,Público,Rural,Mujer,6,Primaria,Maya,Diario,Matutina,Promovido,No,No,15-08,1,2,2,2,1,1,1,1,2,2,15
2024,15-01-0146-42,Baja Verapaz,1501,Público,Rural,Hombre,6,Preprimaria,Ladino/Mestizo,Diario,Matutina,Promovido,No,No,15-01,1,2,1,1,5,1,1,1,2,2,15
2024,02-06-0134-43,El Progreso,201,Público,Urbana,Mujer,1,Primaria,Ladino/Mestizo,Diario,Matutina,Promovido,No,No,02-06,1,1,2,2,5,1,1,1,2,2,2
2024,19-03-0102-43,Zacapa,1901,Público,Rural,Hombre,1,Primaria,Ladino/Mestizo,Diario,Matutina,Promovido,Sí,No,19-03,1,2,1,2,5,1,1,1,1,2,19
2024,15-08-0064-43,Baja Verapaz,1501,Público,Rural,Hombre,4,Primaria,Maya,Diario,Matutina,Promovido,No,No,15-08,1,2,1,2,1,1,1,1,2,2,15
2024,15-03-0094-42,Baja Verapaz,1501,Público,Urbana,Hombre,6,Preprimaria,Maya,Diario,Matutina,Promovido,No,No,15-03,1,1,1,1,1,1,1,1,2,2,15
2024,02-07-0160-43,El Progreso,201,Público,Urbana,Mujer,2,Primaria,Ladino/Mestizo,Diario,Matutina,Promovido,No,No,02-07,1,1,2,2,5,1,1,1,2,2,2
2024,15-08-0292-43,Baja Verapaz,1501,Público,Rural,Hombre,5,Primaria,Maya,Diario,Matutina,Promovido,Sí,No,15-08,1,2,1,2,1,1,1,1,1,2,15
2024,15-01-0018-43,Baja Verapaz,1501,Público,Urbana,Hombre,5,Primaria,Ladino/Mestizo,Diario,Matutina,Promovido,No,No,15-01,1,1,1,2,5,1,1,1,2,2,15
2024,02-03-0031-42,El Progreso,201,Público,Rural,Mujer,5,Preprimaria,Ladino/Mestizo,Diario,Matutina,Promovido,No,No,02-03,1,2,2,1,5,1,1,1,2,2,2
2024,15-04-0020-42,Baja Verapaz,1501,Público,Rural,Mujer,5,Preprimaria,Ladino/Mestizo,Diario,Matutina,Promovido,No,No,15-04,1,2,2,1,5,1,1,1,2,2,15
2024,19-10-0299-43,Zacapa,1901,Público,Rural,Mujer,1,Primaria,Ladino/Mestizo,Diario,Matutina,Promovido,No,No,19-10,1,2,2,2,5,1,1,1,2,2,19
2024,19-04-0021-43,Zacapa,1901,Público,Rural,Mujer,1,Primaria,Ladino/Mestizo,Diario,Matutina,No promovido,No,No,19-04,1,2,2,2,5,1,1,5,2,2,19
2024,19-01-0072-45,Zacapa,1901,Público,Urbana,Hombre,2,Básico,Ladino/Mestizo,Diario,Matutina,Promovido,No,Ignorado,19-01,1,1,1,3,5,1,1,1,2,9,19
2024,19-11-0011-43,Zacapa,1901,Público,Rural,Mujer,3,Primaria,Ladino/Mestizo,Diario,Matutina,No promovido,Sí,No,19-11,1,2,2,2,5,1,1,5,1,2,19
2024,15-08-0143-45,Baja Verapaz,1501,Público,Rural,Hombre,1,Básico,Maya,Diario,Vespertina,Promovido,Sí,No,15-08,1,2,1,3,1,1,2,1,1,2,15
2024,19-01-0005-42,Zacapa,1901,Privado,Urbana,Hombre,4,Preprimaria,Ladino/Mestizo,Diario,Matutina,Promovido,No,No,19-01,2,1,1,1,5,1,1,1,2,2,19
2024,15-04-2205-42,Baja Verapaz,1501,Público,Rural,Mujer,5,Preprimaria,Maya,Diario,Matutina,Promovido,No,No,15-04,1,2,2,1,1,1,1,1,2,2,15
2024,02-08-0223-45,El Progreso,201,Cooperativa,Urbana,Mujer,1,Básico,Ladino/Mestizo,Diario,Vespertina,Promovido,No,No,02-08,4,1,2,3,5,1,2,1,2,2,2
2024,15-01-1950-43,Baja Verapaz,1501,Público,Urbana,Hombre,5,Primaria,Ladino/Mestizo,Diario,Matutina,Promovido,No,No,15-01,1,1,1,2,5,1,1,1,2,2,15
2024,15-01-0319-43,Baja Verapaz,1501,Público,Rural,Hombre,1,Primaria,Maya,Diario,Matutina,No promovido,No,No,15-01,1,2,1,2,1,1,1,5,2,2,15
2024,19-09-0281-43,Zacapa,1901,Público,Rural,Hombre,2,Primaria,Ladino/Mestizo,Diario,Matutina,Promovido,No,No,19-09,1,2,1,2,5,1,1,1,2,2,19
2024,02-01-0015-43,El Progreso,201,Público,Rural,Hombre,3,Primaria,Ladino/Mestizo,Diario,Matutina,Promovido,No,No,02-01,1,2,1,2,5,1,1,1,2,2,2
2024,02-03-0087-43,El Progreso,201,Privado,Rural,Hombre,1,Primaria,Ladino/Mestizo,Diario,Matutina,Promovido,No,No,02-03,2,2,1,2,5,1,1,1,2,2,2
2024,15-04-0047-43,Baja Verapaz,1501,Público,Rural,Mujer,1,Primaria,Maya,Diario,Matutina,Promovido,No,No,15-04,1,2,2,2,1,1,1,1,2,2,15
2024,19-03-0918-42,Zacapa,1901,Privado,Rural,Mujer,6,Preprimaria,Extranjero,Diario,Matutina,Promovido,No,No,19-03,2,2,2,1,6,1,1,1,2,2,19
2024,15-04-0060-43,Baja Verapaz,1501,Público,Rural,Mujer,5,Primaria,Ladino/Mestizo,Diario,Matutina,Promovido,No,No,15-04,1,2,2,2,5,1,1,1,2,2,15
2024,15-02-0052-43,Baja Verapaz,1501,Público,Rural,Hombre,5,Primaria,Maya,Diario,Matutina,Promovido,No,No,15-02,1,2,1,2,1,1,1,1,2,2,15
2024,19-04-0025-43,Zacapa,1901,Público,Rural,Hombre,2,Primaria,Ladino/Mestizo,Diario,Matutina,No promovido,Sí,No,19-04,1,2,1,2,5,1,1,5,1,2,19
2024,19-09-0026-43,Zacapa,1901,Público,Rural,Mujer,1,Primaria,Ladino/Mestizo,Diario,Matutina,Promovido,No,No,19-09,1,2,2,2,5,1,1,1,2,2,19
2024,15-08-0051-43,Baja Verapaz,1501,Público,Rural,Mujer,6,Primaria,Maya,Diario,Matutina,Promovido,No,No,15-08,1,2,2,2,1,1,1,1,2,2,15
2024,19-05-0892-42,Zacapa,1901,Público,Rural,Hombre,6,Preprimaria,Ladino/Mestizo,Diario,Matutina,Promovido,No,No,19-05,1,2,1,1,5,1,1,1,2,2,19
2024,15-02-0080-43,Baja Verapaz,1501,Público,Rural,Hombre,1,Primaria,Maya,Diario,Matutina,Promovido,No,No,15-02,1,2,1,2,1,1,1,1,2,2,15
2024,19-01-0387-42,Zacapa,1901,Público,Urbana,Mujer,5,Preprimaria,Ladino/Mestizo,Diario,Matutina,Promovido,No,No,19-01,1,1,2,1,5,1,1,1,2,2,19
2024,19-01-0109-43,Zacapa,1901,Público,Rural,Hombre,6,Primaria,Ladino/Mestizo,Diario,Matutina,Promovido,No,No,19-01,1,2,1,2,5,1,1,1,2,2,19
2024,19-05-0587-42,Zacapa,1901,Público,Rural,Hombre,4,Preprimaria,Ladino/Mestizo,Diario,Matutina,Promovido,No,No,19-05,1,2,1,1,5,1,1,1,2,2,19
2024,02-08-0432-42,El Progreso,201,Público,Rural,Hombre,6,Preprimaria,Ladino/Mestizo,Diario,Matutina,Promovido,No,No,02-08,1,2,1,1,5,1,1,1,2,2,2
2024,19-01-0928-43,Zacapa,1901,Público,Rural,Mujer,1,Primaria,Ladino/Mestizo,Diario,Matutina,No promovido,No,No,19-01,1,2,2,2,5,1,1,5,2,2,19
2024,19-01-0116-46,Zacapa,1901,Público,Urbana,Hombre,4,Diversificado,Ladino/Mestizo,Diario,Vespertina,Promovido,No,No,19-01,1,1,1,4,5,1,2,1,2,2,19
2024,19-01-0356-45,Zacapa,1901,Cooperativa,Rural,Hombre,1,Básico,Ladino/Mestizo,Diario,Vespertina,Promovido,No,No,19-01,4,2,1,3,5,1,2,1,2,2,19
2024,19-05-0203-43,Zacapa,1901,Público,Rural,Mujer,1,Primaria,Ladino/Mestizo,Diario,Matutina,Promovido,No,No,19-05,1,2,2,2,5,1,1,1,2,2,19
2024,19-04-0065-46,Zacapa,1901,Privado,Urbana,Hombre,4,Diversificado,Ladino/Mestizo,Diario,Matutina,Promovido,No,No,19-04,2,1,1,4,5,1,1,1,2,2,19
2024,02-07-0198-45,El Progreso,201,Público,Urbana,Hombre,1,Básico,Ladino/Mestizo,Diario,Matutina,No promovido,No,No,02-07,1,1,1,3,5,1,1,5,2,2,2
2024,15-02-0140-45,Baja Verapaz,1501,Público,Rural,Hombre,2,Básico,Maya,Diario,Matutina,Promovido,No,No,15-02,1,2,1,3,1,1,1,1,2,2,15
2024,15-05-0189-43,Baja Verapaz,1501,Público,Urbana,Mujer,2,Primaria,Ladino/Mestizo,Diario,Matutina,Promovido,No,No,15-05,1,1,2,2,5,1,1,1,2,2,15
2024,15-08-0255-41,Baja Verapaz,1501,Público,Rural,Hombre,6,Preprimaria,Maya,Diario,Matutina,Promovido,No,No,15-08,1,2,1,1,1,1,1,1,2,2,15
2024,19-08-0245-42,Zacapa,1901,Público,Urbana,Mujer,4,Preprimaria,Ladino/Mestizo,Diario,Matutina,Promovido,No,No,19-08,1,1,2,1,5,1,1,1,2,2,19
2024,02-07-0161-43,El Progreso,201,Público,Urbana,Mujer,1,Primaria,Ladino/Mestizo,Diario,Matutina,Promovido,No,No,02-07,1,1,2,2,5,1,1,1,2,2,2
2024,19-09-0268-43,Zacapa,1901,Público,Rural,Mujer,5,Primaria,Ladino/Mestizo,Diario,Matutina,Promovido,No,No,19-09,1,2,2,2,5,1,1,1,2,2,19
2024,19-04-0037-43,Zacapa,1901,Público,Rural,Mujer,2,Primaria,Ladino/Mestizo,Diario,Matutina,Promovido,No,No,19-04,1,2,2,2,5,1,1,1,2,2,19
2024,15-03-0094-42,Baja Verapaz,1501,Público,Urbana,Mujer,6,Preprimaria,Maya,Diario,Matutina,Promovido,No,No,15-03,1,1,2,1,1,1,1,1,2,2,15
2024,19-05-0029-43,Zacapa,1901,Privado,Urbana,Hombre,6,Primaria,Ladino/Mestizo,Diario,Matutina,Promovido,No,No,19-05,2,1,1,2,5,1,1,1,2,2,19
2024,15-01-0016-43,Baja Verapaz,1501,Público,Rural,Hombre,6,Primaria,Maya,Diario,Matutina,Promovido,No,No,15-01,1,2,1,2,1,1,1,1,2,2,15
2024,02-04-0749-45,El Progreso,201,Privado,Urbana,Hombre,2,Básico,Ladino/Mestizo,Diario,Matutina,Promovido,No,No,02-04,2,1,1,3,5,1,1,1,2,2,2
2024,02-02-0048-43,El Progreso,201,Público,Rural,Mujer,2,Primaria,Ladino/Mestizo,Diario,Matutina,No promovido,No,No,02-02,1,2,2,2,5,1,1,5,2,2,2
2024,02-07-0197-43,El Progreso,201,Privado,Rural,Hombre,1,Primaria,Ladino/Mestizo,Diario,Doble,Promovido,No,No,02-07,2,2,1,2,5,1,4,1,2,2,2
2024,15-08-0002-43,Baja Verapaz,1501,Público,Rural,Hombre,2,Primaria,Maya,Diario,Matutina,Promovido,No,No,15-08,1,2,1,2,1,1,1,1,2,2,15
2024,19-04-0153-43,Zacapa,1901,Público,Rural,Hombre,1,Primaria,Ladino/Mestizo,Diario,Matutina,Promovido,No,No,19-04,1,2,1,2,5,1,1,1,2,2,19
2024,19-03-0004-46,Zacapa,1901,Cooperativa,Urbana,Hombre,6,Diversificado,Ladino/Mestizo,Diario,Vespertina,Promovido,No,Sí,19-03,4,1,1,4,5,1,2,1,2,1,19
2024,15-03-0080-42,Baja Verapaz,1501,Público,Rural,Hombre,3,Preprimaria,Maya,Diario,Matutina,Promovido,No,No,15-03,1,2,1,1,1,1,1,1,2,2,15
2024,19-04-0996-43,Zacapa,1901,Público,Rural,Hombre,2,Primaria,Ladino/Mestizo,Diario,Matutina,Promovido,No,No,19-04,1,2,1,2,5,1,1,1,2,2,19
2024,02-06-0018-46,El Progreso,201,Público,Rural,Hombre,6,Diversificado,Ladino/Mestizo,Diario,Vespertina,Promovido,No,Sí,02-06,1,2,1,4,5,1,2,1,2,1,2
2024,19-01-0120-45,Zacapa,1901,Público,Rural,Mujer,1,Básico,Ladino/Mestizo,Diario,Vespertina,Promovido,No,No,19-01,1,2,2,3,5,1,2,1,2,2,19
2024,02-01-0562-46,El Progreso,201,Privado,Urbana,Mujer,5,Diversificado,Ladino/Mestizo,Diario,Matutina,Promovido,No,No,02-01,2,1,2,4,5,1,1,1,2,2,2
2024,19-06-0584-42,Zacapa,1901,Público,Rural,Hombre,6,Preprimaria,Ladino/Mestizo,Diario,Matutina,Promovido,No,No,19-06,1,2,1,1,5,1,1,1,2,2,19
2024,19-04-0035-42,Zacapa,1901,Público,Rural,Hombre,4,Preprimaria,Ladino/Mestizo,Diario,Matutina,Retirado,No,No,19-04,1,2,1,1,5,1,1,3,2,2,19
2024,02-07-0682-43,El Progreso,201,Privado,Urbana,Hombre,6,Primaria,Ladino/Mestizo,Diario,Matutina,Promovido,No,No,02-07,2,1,1,2,5,1,1,1,2,2,2
2024,02-03-0024-45,El Progreso,201,Público,Rural,Mujer,2,Básico,Ladino/Mestizo,Diario,Matutina,Promovido,No,No,02-03,1,2,2,3,5,1,1,1,2,2,2
2024,15-02-0011-43,Baja Verapaz,1501,Público,Rural,Mujer,1,Primaria,Maya,Diario,Matutina,Promovido,No,No,15-02,1,2,2,2,1,1,1,1,2,2,15
2024,19-03-0106-43,Zacapa,1901,Público,Rural,Mujer,1,Primaria,Ladino/Mestizo,Diario,Matutina,Promovido,No,No,19-03,1,2,2,2,5,1,1,1,2,2,19
2024,19-09-0328-43,Zacapa,1901,Público,Rural,Hombre,1,Primaria,Ladino/Mestizo,Diario,Matutina,No promovido,No,No,19-09,1,2,1,2,5,1,1,5,2,2,19
2024,19-04-0196-45,Zacapa,1901,Público,Urbana,Hombre,1,Básico,Ladino/Mestizo,Diario,Matutina,Promovido,Sí,No,19-04,1,1,1,3,5,1,1,1,1,2,19
2024,15-04-0177-43,Baja Verapaz,1501,Público,Rural,Hombre,4,Primaria,Maya,Diario,Matutina,Promovido,No,No,15-04,1,2,1,2,1,1,1,1,2,2,15
2024,19-09-0265-43,Zacapa,1901,Público,Rural,Mujer,1,Primaria,Ladino/Mestizo,Diario,Matutina,Promovido,Sí,No,19-09,1,2,2,2,5,1,1,1,1,2,19
2024,15-03-0099-43,Baja Verapaz,1501,Público,Urbana,Mujer,5,Primaria,Ladino/Mestizo,Diario,Matutina,Promovido,No,No,15-03,1,1,2,2,5,1,1,1,2,2,15
2024,15-01-0321-43,Baja Verapaz,1501,Público,Rural,Hombre,2,Primaria,Ladino/Mestizo,Diario,Matutina,Promovido,Sí,No,15-01,1,2,1,2,5,1,1,1,1,2,15
2024,15-08-1599-43,Baja Verapaz,1501,Público,Rural,Mujer,1,Primaria,Maya,Diario,Matutina,Promovido,Sí,No,15-08,1,2,2,2,1,1,1,1,1,2,15
2024,15-05-0189-43,Baja Verapaz,1501,Público,Urbana,Mujer,3,Primaria,Ladino/Mestizo,Diario,Matutina,Promovido,No,No,15-05,1,1,2,2,5,1,1,1,2,2,15
2024,19-05-0201-43,Zacapa,1901,Público,Urbana,Mujer,6,Primaria,Ladino/Mestizo,Diario,Matutina,Promovido,No,No,19-05,1,1,2,2,5,1,1,1,2,2,19
2024,15-02-0093-45,Baja Verapaz,1501,Cooperativa,Urbana,Mujer,1,Básico,Maya,Diario,Vespertina,Promovido,No,No,15-02,4,1,2,3,1,1,2,1,2,2,15
2024,19-11-0017-43,Zacapa,1901,Público,Rural,Hombre,1,Primaria,Ladino/Mestizo,Diario,Matutina,Promovido,Sí,No,19-11,1,2,1,2,5,1,1,1,1,2,19
2024,15-01-1950-43,Baja Verapaz,1501,Público,Urbana,Hombre,2,Primaria,Ladino/Mestizo,Diario,Matutina,Promovido,No,No,15-01,1,1,1,2,5,1,1,1,2,2,15
2024,19-07-0237-43,Zacapa,1901,Público,Rural,Hombre,1,Primaria,Ladino/Mestizo,Diario,Matutina,Promovido,No,No,19-07,1,2,1,2,5,1,1,1,2,2,19
2024,15-07-0244-43,Baja Verapaz,1501,Público,Rural,Mujer,1,Primaria,Ladino/Mestizo,Diario,Matutina,Promovido,No,No,15-07,1,2,2,2,5,1,1,1,2,2,15
2024,02-03-0057-42,El Progreso,201,Público,Urbana,Mujer,6,Preprimaria,Ladino/Mestizo,Diario,Matutina,Promovido,No,No,02-03,1,1,2,1,5,1,1,1,2,2,2
2024,15-03-0121-43,Baja Verapaz,1501,Público,Rural,Mujer,6,Primaria,Maya,Diario,Matutina,Promovido,No,No,15-03,1,2,2,2,1,1,1,1,2,2,15
2024,15-01-0124-45,Baja Verapaz,1501,Privado,Urbana,Hombre,2,Básico,Ladino/Mestizo,Diario,Matutina,Promovido,No,Ignorado,15-01,2,1,1,3,5,1,1,1,2,9,15
2024,02-01-0255-45,El Progreso,201,Cooperativa,Rural,Mujer,2,Básico,Ladino/Mestizo,Diario,Vespertina,Promovido,No,No,02-01,4,2,2,3,5,1,2,1,2,2,2
2024,15-01-0048-45,Baja Verapaz,1501,Público,Urbana,Hombre,1,Básico,Ladino/Mestizo,Diario,Matutina,Retirado,No,No,15-01,1,1,1,3,5,1,1,3,2,2,15
2024,02-07-0547-45,El Progreso,201,Público,Rural,Mujer,2,Básico,Ladino/Mestizo,Diario,Vespertina,Promovido,No,No,02-07,1,2,2,3,5,1,2,1,2,2,2
2024,02-03-0583-43,El Progreso,201,Público,Rural,Mujer,1,Primaria,Ladino/Mestizo,Diario,Vespertina,No promovido,No,No,02-03,1,2,2,2,5,1,2,5,2,2,2
2024,15-03-0138-45,Baja Verapaz,1501,Privado,Urbana,Mujer,3,Básico,Maya,Diario,Matutina,Promovido,No,No,15-03,2,1,2,3,1,1,1,1,2,2,15
2024,15-04-0064-43,Baja Verapaz,1501,Público,Rural,Hombre,2,Primaria,Ladino/Mestizo,Diario,Matutina,Retirado,No,No,15-04,1,2,1,2,5,1,1,3,2,2,15
2024,15-01-0006-42,Baja Verapaz,1501,Privado,Urbana,Mujer,6,Preprimaria,Ladino/Mestizo,Diario,Matutina,Promovido,No,No,15-01,2,1,2,1,5,1,1,1,2,2,15
2024,15-07-2155-45,Baja Verapaz,1501,Público,Rural,Hombre,2,Básico,Ladino/Mestizo,Diario,Vespertina,Promovido,No,No,15-07,1,2,1,3,5,1,2,1,2,2,15
2024,19-05-0201-43,Zacapa,1901,Público,Urbana,Hombre,4,Primaria,Ladino/Mestizo,Diario,Matutina,Promovido,No,No,19-05,1,1,1,2,5,1,1,1,2,2,19
2024,02-03-0063-43,El Progreso,201,Público,Rural,Hombre,1,Primaria,Ladino/Mestizo,Diario,Matutina,No promovido,Sí,No,02-03,1,2,1,2,5,1,1,5,1,2,2
2024,15-06-0230-43,Baja Verapaz,1501,Público,Rural,Hombre,4,Primaria,Ladino/Mestizo,Diario,Matutina,Promovido,No,No,15-06,1,2,1,2,5,1,1,1,2,2,15
2024,19-04-0811-42,Zacapa,1901,Público,Urbana,Mujer,1,Preprimaria,Ladino/Mestizo,Diario,Matutina,Promovido,No,No,19-04,1,1,2,1,5,1,1,1,2,2,19
2024,15-07-1702-42,Baja Verapaz,1501,Público,Rural,Hombre,5,Preprimaria,Ladino/Mestizo,Diario,Matutina,Promovido,No,No,15-07,1,2,1,1,5,1,1,1,2,2,15
2024,15-02-0052-43,Baja Verapaz,1501,Público,Rural,Mujer,1,Primaria,Maya,Diario,Matutina,Promovido,No,No,15-02,1,2,2,2,1,1,1,1,2,2,15
2024,02-04-0004-46,El Progreso,201,Público,Urbana,Mujer,5,Diversificado,Ladino/Mestizo,Diario,Vespertina,Retirado,No,Sí,02-04,1,1,2,4,5,1,2,3,2,1,2
2024,15-01-0043-43,Baja Verapaz,1501,Público,Rural,Mujer,4,Primaria,Ladino/Mestizo,Diario,Matutina,Promovido,No,No,15-01,1,2,2,2,5,1,1,1,2,2,15
2024,15-05-0192-43,Baja Verapaz,1501,Público,Rural,Mujer,2,Primaria,Ladino/Mestizo,Diario,Matutina,Promovido,No,No,15-05,1,2,2,2,5,1,1,1,2,2,15
2024,02-05-0121-43,El Progreso,201,Público,Rural,Mujer,5,Primaria,Ladino/Mestizo,Diario,Matutina,Promovido,No,No,02-05,1,2,2,2,5,1,1,1,2,2,2
2024,02-08-0208-42,El Progreso,201,Público,Rural,Mujer,5,Preprimaria,Ladino/Mestizo,Diario,Matutina,Promovido,No,No,02-08,1,2,2,1,5,1,1,1,2,2,2
2024,02-05-0113-42,El Progreso,201,Público,Urbana,Hombre,6,Preprimaria,Ladino/Mestizo,Diario,Matutina,Promovido,No,No,02-05,1,1,1,1,5,1,1,1,2,2,2
2024,02-07-0160-43,El Progreso,201,Público,Urbana,Mujer,5,Primaria,Ladino/Mestizo,Diario,Matutina,Promovido,No,No,02-07,1,1,2,2,5,1,1,1,2,2,2
2024,15-08-0080-43,Baja Verapaz,1501,Público,Rural,Hombre,4,Primaria,Maya,Diario,Matutina,Promovido,Sí,No,15-08,1,2,1,2,1,1,1,1,1,2,15
2024,19-08-0246-43,Zacapa,1901,Público,Urbana,Mujer,6,Primaria,Ladino/Mestizo,Diario,Matutina,Promovido,No,No,19-08,1,1,2,2,5,1,1,1,2,2,19
2024,15-02-0079-43,Baja Verapaz,1501,Público,Rural,Mujer,2,Primaria,Maya,Diario,Matutina,Promovido,No,No,15-02,1,2,2,2,1,1,1,1,2,2,15
2024,15-08-0286-43,Baja Verapaz,1501,Público,Rural,Mujer,1,Primaria,Maya,Diario,Matutina,Promovido,Sí,No,15-08,1,2,2,2,1,1,1,1,1,2,15
2024,19-05-0211-43,Zacapa,1901,Privado,Urbana,Mujer,2,Primaria,Ladino/Mestizo,Diario,Matutina,Promovido,No,No,19-05,2,1,2,2,5,1,1,1,2,2,19
2024,15-08-1599-43,Baja Verapaz,1501,Público,Rural,Mujer,1,Primaria,Maya,Diario,Matutina,Promovido,No,No,15-08,1,2,2,2,1,1,1,1,2,2,15
2024,15-08-2178-43,Baja Verapaz,1501,Privado,Urbana,Mujer,5,Primaria,Ladino/Mestizo,Diario,Matutina,Retirado,No,No,15-08,2,1,2,2,5,1,1,3,2,2,15
2024,02-07-0680-45,El Progreso,201,Privado,Urbana,Hombre,1,Básico,Ladino/Mestizo,Fin de semana,Doble,Promovido,No,No,02-07,2,1,1,3,5,2,4,1,2,2,2
2024,19-09-0328-43,Zacapa,1901,Público,Rural,Mujer,3,Primaria,Ladino/Mestizo,Diario,Matutina,No promovido,Sí,No,19-09,1,2,2,2,5,1,1,5,1,2,19
2024,19-01-1138-43,Zacapa,1901,Público,Rural,Hombre,1,Primaria,Ladino/Mestizo,Diario,Matutina,Promovido,No,No,19-01,1,2,1,2,5,1,1,1,2,2,19
2024,15-01-1639-43,Baja Verapaz,1501,Público,Rural,Hombre,2,Primaria,Maya,Diario,Matutina,Promovido,No,No,15-01,1,2,1,2,1,1,1,1,2,2,15
2024,15-04-0169-43,Baja Verapaz,1501,Público,Rural,Hombre,6,Primaria,Maya,Diario,Matutina,Promovido,No,No,15-04,1,2,1,2,1,1,1,1,2,2,15
2024,02-03-0021-46,El Progreso,201,Público,Urbana,Hombre,5,Diversificado,Ladino/Mestizo,Diario,Matutina,Promovido,No,Sí,02-03,1,1,1,4,5,1,1,1,2,1,2
2024,19-01-0959-42,Zacapa,1901,Público,Rural,Mujer,5,Preprimaria,Ladino/Mestizo,Diario,Matutina,Promovido,No,No,19-01,1,2,2,1,5,1,1,1,2,2,19
2024,19-01-0078-46,Zacapa,1901,Público,Urbana,Mujer,5,Diversificado,Ladino/Mestizo,Diario,Vespertina,Promovido,Sí,No,19-01,1,1,2,4,5,1,2,1,1,2,19
2024,19-01-0053-43,Zacapa,1901,Público,Rural,Mujer,2,Primaria,Ladino/Mestizo,Diario,Matutina,Promovido,No,No,19-01,1,2,2,2,5,1,1,1,2,2,19
2024,19-04-0823-45,Zacapa,1901,Público,Rural,Hombre,1,Básico,Ladino/Mestizo,Diario,Matutina,Promovido,No,No,19-04,1,2,1,3,5,1,1,1,2,2,19
2024,15-04-2125-45,Baja Verapaz,1501,Privado,Urbana,Mujer,2,Básico,Maya,Diario,Vespertina,No promovido,Sí,No,15-04,2,1,2,3,1,1,2,5,1,2,15
2024,19-04-1116-42,Zacapa,1901,Público,Rural,Mujer,3,Preprimaria,Ladino/Mestizo,Diario,Matutina,Promovido,No,No,19-04,1,2,2,1,5,1,1,1,2,2,19
2024,15-08-0036-43,Baja Verapaz,1501,Público,Rural,Mujer,1,Primaria,Maya,Diario,Matutina,Retirado,No,No,15-08,1,2,2,2,1,1,1,3,2,2,15
2024,02-08-0432-42,El Progreso,201,Público,Rural,Hombre,6,Preprimaria,Ladino/Mestizo,Diario,Matutina,Promovido,No,No,02-08,1,2,1,1,5,1,1,1,2,2,2
2024,19-03-0102-43,Zacapa,1901,Público,Rural,Mujer,6,Primaria,Ladino/Mestizo,Diario,Matutina,Promovido,No,No,19-03,1,2,2,2,5,1,1,1,2,2,19
2024,15-08-0208-45,Baja Verapaz,1501,Público,Urbana,Hombre,2,Básico,Ladino/Mestizo,Diario,Matutina,Promovido,No,No,15-08,1,1,1,3,5,1,1,1,2,2,15
2024,15-08-0041-43,Baja Verapaz,1501,Público,Rural,Hombre,5,Primaria,Maya,Diario,Matutina,Promovido,No,No,15-08,1,2,1,2,1,1,1,1,2,2,15
2024,02-07-0199-45,El Progreso,201,Privado,Urbana,Mujer,2,Básico,Ladino/Mestizo,Diario,Matutina,Promovido,No,No,02-07,2,1,2,3,5,1,1,1,2,2,2
2024,15-01-2021-43,Baja Verapaz,1501,Privado,Urbana,Mujer,3,Primaria,Ladino/Mestizo,Diario,Matutina,Promovido,No,No,15-01,2,1,2,2,5,1,1,1,2,2,15
2024,19-01-0120-45,Zacapa,1901,Público,Rural,Mujer,3,Básico,Ladino/Mestizo,Diario,Vespertina,Retirado,No,No,19-01,1,2,2,3,5,1,2,3,2,2,19
2024,02-05-0118-43,El Progreso,201,Público,Rural,Hombre,6,Primaria,Ladino/Mestizo,Diario,Matutina,Promovido,No,No,02-05,1,2,1,2,5,1,1,1,2,2,2
2024,15-01-2024-45,Baja Verapaz,1501,Privado,Urbana,Mujer,1,Básico,Ladino/Mestizo,Fin de semana,Doble,Promovido,No,No,15-01,2,1,2,3,5,2,4,1,2,2,15
2024,19-07-0775-43,Zacapa,1901,Público,Urbana,Mujer,2,Primaria,Ladino/Mestizo,Diario,Vespertina,Promovido,No,No,19-07,1,1,2,2,5,1,2,1,2,2,19
2024,15-04-0136-43,Baja Verapaz,1501,Público,Urbana,Hombre,6,Primaria,Maya,Diario,Matutina,Promovido,No,No,15-04,1,1,1,2,1,1,1,1,2,2,15
2024,19-10-0302-43,Zacapa,1901,Público,Rural,Hombre,4,Primaria,Ladino/Mestizo,Diario,Matutina,Promovido,No,No,19-10,1,2,1,2,5,1,1,1,2,2,19
2024,15-05-0035-43,Baja Verapaz,1501,Público,Rural,Mujer,6,Primaria,Ladino/Mestizo,Diario,Matutina,Promovido,No,No,15-05,1,2,2,2,5,1,1,1,2,2,15
2024,02-03-0106-43,El Progreso,201,Privado,Rural,Mujer,6,Primaria,Ladino/Mestizo,Diario,Matutina,Promovido,No,No,02-03,2,2,2,2,5,1,1,1,2,2,2
2024,15-01-0041-43,Baja Verapaz,1501,Público,Rural,Hombre,1,Primaria,Ladino/Mestizo,Diario,Matutina,Promovido,No,No,15-01,1,2,1,2,5,1,1,1,2,2,15
2024,02-01-0027-46,El Progreso,201,Público,Urbana,Mujer,5,Diversificado,Ladino/Mestizo,Diario,Doble,Promovido,No,Sí,02-01,1,1,2,4,5,1,4,1,2,1,2
2024,19-01-0001-42,Zacapa,1901,Público,Urbana,Hombre,5,Preprimaria,Ladino/Mestizo,Diario,Matutina,Promovido,No,No,19-01,1,1,1,1,5,1,1,1,2,2,19
2024,19-01-0023-43,Zacapa,1901,Público,Rural,Mujer,3,Primaria,Ladino/Mestizo,Diario,Matutina,Promovido,No,No,19-01,1,2,2,2,5,1,1,1,2,2,19
2024,15-01-0067-43,Baja Verapaz,1501,Público,Rural,Hombre,2,Primaria,Ladino/Mestizo,Diario,Matutina,Promovido,No,No,15-01,1,2,1,2,5,1,1,1,2,2,15
2024,19-01-0739-43,Zacapa,1901,Público,Rural,Mujer,5,Primaria,Ladino/Mestizo,Diario,Matutina,Promovido,No,No,19-01,1,2,2,2,5,1,1,1,2,2,19
2024,15-02-0080-43,Baja Verapaz,1501,Público,Rural,Hombre,5,Primaria,Maya,Diario,Matutina,Promovido,No,No,15-02,1,2,1,2,1,1,1,1,2,2,15
2024,15-05-0004-43,Baja Verapaz,1501,Público,Rural,Hombre,5,Primaria,Ladino/Mestizo,Diario,Matutina,Promovido,No,No,15-05,1,2,1,2,5,1,1,1,2,2,15
2024,19-04-0133-43,Zacapa,1901,Público,Urbana,Mujer,2,Primaria,Ladino/Mestizo,Diario,Matutina,Promovido,No,No,19-04,1,1,2,2,5,1,1,1,2,2,19
2024,19-09-0799-42,Zacapa,1901,Público,Rural,Hombre,5,Preprimaria,Ladino/Mestizo,Diario,Matutina,Promovido,No,No,19-09,1,2,1,1,5,1,1,1,2,2,19
2024,19-09-0034-46,Zacapa,1901,Privado,Urbana,Hombre,5,Diversificado,Ladino/Mestizo,Fin de semana,Doble,Promovido,No,No,19-09,2,1,1,4,5,2,4,1,2,2,19
2024,02-03-0786-43,El Progreso,201,Público,Rural,Hombre,2,Primaria,Ladino/Mestizo,Diario,Matutina,Promovido,No,No,02-03,1,2,1,2,5,1,1,1,2,2,2
2024,02-07-0547-45,El Progreso,201,Público,Rural,Mujer,1,Básico,Ladino/Mestizo,Diario,Vespertina,Promovido,No,No,02-07,1,2,2,3,5,1,2,1,2,2,2
2024,15-01-0056-42,Baja Verapaz,1501,Público,Rural,Hombre,6,Preprimaria,Ladino/Mestizo,Diario,Matutina,Promovido,No,No,15-01,1,2,1,1,5,1,1,1,2,2,15
2024,02-03-0141-45,El Progreso,201,Privado,Urbana,Hombre,1,Básico,Ladino/Mestizo,Diario,Vespertina,Promovido,No,No,02-03,2,1,1,3,5,1,2,1,2,2,2
2024,15-04-0092-45,Baja Verapaz,1501,Público,Rural,Hombre,2,Básico,Maya,Diario,Vespertina,Promovido,No,No,15-04,1,2,1,3,1,1,2,1,2,2,15
2024,19-01-0023-42,Zacapa,1901,Público,Rural,Mujer,4,Preprimaria,Ladino/Mestizo,Diario,Matutina,Promovido,No,No,19-01,1,2,2,1,5,1,1,1,2,2,19
2024,02-02-0705-45,El Progreso,201,Público,Rural,Mujer,3,Básico,Ladino/Mestizo,Diario,Vespertina,Retirado,No,No,02-02,1,2,2,3,5,1,2,3,2,2,2
2024,19-11-0010-43,Zacapa,1901,Público,Urbana,Hombre,6,Primaria,Ladino/Mestizo,Diario,Matutina,Promovido,No,No,19-11,1,1,1,2,5,1,1,1,2,2,19
2024,02-07-0161-43,El Progreso,201,Público,Urbana,Hombre,6,Primaria,Ladino/Mestizo,Diario,Matutina,No promovido,No,No,02-07,1,1,1,2,5,1,1,5,2,2,2
2024,19-11-0011-43,Zacapa,1901,Público,Rural,Hombre,2,Primaria,Ladino/Mestizo,Diario,Matutina,Promovido,No,No,19-11,1,2,1,2,5,1,1,1,2,2,19
2024,02-08-0213-43,El Progreso,201,Público,Rural,Mujer,3,Primaria,Ladino/Mestizo,Diario,Matutina,Promovido,No,No,02-08,1,2,2,2,5,1,1,1,2,2,2
2024,02-01-0483-42,El Progreso,201,Público,Rural,Mujer,0,Preprimaria,Ladino/Mestizo,Diario,Matutina,Promovido,No,No,02-01,1,2,2,1,5,1,1,1,2,2,2
2024,02-02-0006-45,El Progreso,201,Público,Rural,Hombre,3,Básico,Ladino/Mestizo,Diario,Vespertina,Retirado,No,No,02-02,1,2,1,3,5,1,2,3,2,2,2
2024,19-01-0131-43,Zacapa,1901,Público,Rural,Hombre,3,Primaria,Ladino/Mestizo,Diario,Matutina,Promovido,Sí,No,19-01,1,2,1,2,5,1,1,1,1,2,19
2024,15-01-0317-43,Baja Verapaz,1501,Público,Rural,Hombre,4,Primaria,Ladino/Mestizo,Diario,Matutina,Promovido,No,No,15-01,1,2,1,2,5,1,1,1,2,2,15
2024,15-03-0058-45,Baja Verapaz,1501,Público,Rural,Mujer,3,Básico,Maya,Diario,Matutina,Promovido,No,No,15-03,1,2,2,3,1,1,1,1,2,2,15
2024,02-05-0013-46,El Progreso,201,Municipal,Rural,Hombre,5,Diversificado,Ladino/Mestizo,Diario,Vespertina,Promovido,No,No,02-05,3,2,1,4,5,1,2,1,2,2,2
2024,19-06-0584-42,Zacapa,1901,Público,Rural,Hombre,5,Preprimaria,Ladino/Mestizo,Diario,Matutina,Promovido,No,No,19-06,1,2,1,1,5,1,1,1,2,2,19
2024,15-04-0071-43,Baja Verapaz,1501,Público,Rural,Mujer,3,Primaria,Maya,Diario,Matutina,Promovido,No,No,15-04,1,2,2,2,1,1,1,1,2,2,15
2024,15-02-0080-43,Baja Verapaz,1501,Público,Rural,Mujer,4,Primaria,Maya,Diario,Matutina,Promovido,Sí,No,15-02,1,2,2,2,1,1,1,1,1,2,15
2024,15-08-0276-43,Baja Verapaz,1501,Público,Urbana,Hombre,6,Primaria,Ladino/Mestizo,Diario,Matutina,No promovido,Sí,No,15-08,1,1,1,2,5,1,1,5,1,2,15
2024,02-03-0094-43,El Progreso,201,Público,Rural,Mujer,4,Primaria,Ladino/Mestizo,Diario,Matutina,No promovido,No,No,02-03,1,2,2,2,5,1,1,5,2,2,2
2024,15-06-0224-43,Baja Verapaz,1501,Público,Rural,Mujer,2,Primaria,Ladino/Mestizo,Diario,Matutina,Promovido,No,No,15-06,1,2,2,2,5,1,1,1,2,2,15
2024,02-03-0068-43,El Progreso,201,Público,Rural,Hombre,1,Primaria,Ladino/Mestizo,Diario,Matutina,Retirado,Sí,No,02-03,1,2,1,2,5,1,1,3,1,2,2
2024,02-08-0025-40,El Progreso,201,Público,Rural,Mujer,1,Preprimaria,Ladino/Mestizo,Diario,Ignorado,Promovido,No,No,02-08,1,2,2,1,5,1,9,1,2,2,2
2024,19-09-1126-42,Zacapa,1901,Público,Rural,Hombre,6,Preprimaria,Ladino/Mestizo,Diario,Matutina,Promovido,No,No,19-09,1,2,1,1,5,1,1,1,2,2,19
2024,15-01-0113-46,Baja Verapaz,1501,Privado,Urbana,Mujer,5,Diversificado,Ladino/Mestizo,Fin de semana,Doble,Promovido,No,Sí,15-01,2,1,2,4,5,2,4,1,2,1,15
2024,19-04-0348-43,Zacapa,1901,Privado,Urbana,Hombre,3,Primaria,Ladino/Mestizo,Diario,Matutina,Promovido,No,No,19-04,2,1,1,2,5,1,1,1,2,2,19
2024,02-05-0118-43,El Progreso,201,Público,Rural,Mujer,4,Primaria,Ladino/Mestizo,Diario,Matutina,Promovido,No,No,02-05,1,2,2,2,5,1,1,1,2,2,2
2024,15-08-0001-43,Baja Verapaz,1501,Público,Rural,Mujer,1,Primaria,Maya,Diario,Matutina,Promovido,No,No,15-08,1,2,2,2,1,1,1,1,2,2,15
2024,19-06-1155-42,Zacapa,1901,Público,Rural,Mujer,0,Preprimaria,Ladino/Mestizo,Diario,Matutina,Promovido,No,No,19-06,1,2,2,1,5,1,1,1,2,2,19
2024,02-02-0045-43,El Progreso,201,Público,Rural,Mujer,3,Primaria,Ladino/Mestizo,Diario,Matutina,Promovido,Sí,No,02-02,1,2,2,2,5,1,1,1,1,2,2
2024,19-01-0139-45,Zacapa,1901,Privado,Urbana,Mujer,1,Básico,Ladino/Mestizo,Diario,Matutina,Promovido,No,No,19-01,2,1,2,3,5,1,1,1,2,2,19
2024,15-01-0011-43,Baja Verapaz,1501,Público,Rural,Mujer,3,Primaria,Ladino/Mestizo,Diario,Matutina,Promovido,No,No,15-01,1,2,2,2,5,1,1,1,2,2,15
2024,02-06-0016-43,El Progreso,201,Privado,Urbana,Hombre,2,Primaria,Ladino/Mestizo,Diario,Matutina,Promovido,No,No,02-06,2,1,1,2,5,1,1,1,2,2,2
2024,15-08-0356-43,Baja Verapaz,1501,Público,Rural,Mujer,1,Primaria,Maya,Diario,Matutina,Promovido,No,No,15-08,1,2,2,2,1,1,1,1,2,2,15
2024,19-10-0007-45,Zacapa,1901,Público,Rural,Mujer,1,Básico,Ladino/Mestizo,Diario,Vespertina,Promovido,No,No,19-10,1,2,2,3,5,1,2,1,2,2,19
2024,15-08-0276-43,Baja Verapaz,1501,Público,Urbana,Mujer,5,Primaria,Ladino/Mestizo,Diario,Matutina,Promovido,No,No,15-08,1,1,2,2,5,1,1,1,2,2,15
2024,02-05-0115-43,El Progreso,201,Público,Urbana,Hombre,2,Primaria,Ladino/Mestizo,Diario,Matutina,Promovido,No,No,02-05,1,1,1,2,5,1,1,1,2,2,2
2024,19-01-0072-45,Zacapa,1901,Público,Urbana,Mujer,2,Básico,Ladino/Mestizo,Diario,Matutina,Promovido,No,No,19-01,1,1,2,3,5,1,1,1,2,2,19
2024,15-02-0361-45,Baja Verapaz,1501,Cooperativa,Rural,Hombre,2,Básico,Maya,Diario,Vespertina,Promovido,No,Ignorado,15-02,4,2,1,3,1,1,2,1,2,9,15
2024,15-03-0045-45,Baja Verapaz,1501,Público,Urbana,Mujer,3,Básico,Maya,Diario,Vespertina,Promovido,No,No,15-03,1,1,2,3,1,1,2,1,2,2,15
2024,15-08-1599-43,Baja Verapaz,1501,Público,Rural,Hombre,2,Primaria,Ladino/Mestizo,Diario,Matutina,Promovido,Sí,No,15-08,1,2,1,2,5,1,1,1,1,2,15
2024,15-08-0288-43,Baja Verapaz,1501,Público,Rural,Hombre,4,Primaria,Maya,Diario,Matutina,Promovido,No,No,15-08,1,2,1,2,1,1,1,1,2,2,15
2024,15-04-0199-45,Baja Verapaz,1501,Público,Rural,Hombre,1,Básico,Maya,Diario,Vespertina,Promovido,No,No,15-04,1,2,1,3,1,1,2,1,2,2,15
2024,19-01-0194-46,Zacapa,1901,Privado,Urbana,Mujer,5,Diversificado,Maya,Fin de semana,Doble,Promovido,Sí,No,19-01,2,1,2,4,1,2,4,1,1,2,19
2024,15-07-0033-46,Baja Verapaz,1501,Privado,Urbana,Hombre,4,Diversificado,Ladino/Mestizo,Fin de semana,Doble,No promovido,No,Ignorado,15-07,2,1,1,4,5,2,4,5,2,9,15
2024,02-01-0001-42,El Progreso,201,Público,Urbana,Hombre,5,Preprimaria,Ladino/Mestizo,Diario,Matutina,Promovido,No,No,02-01,1,1,1,1,5,1,1,1,2,2,2
2024,19-02-0010-45,Zacapa,1901,Público,Rural,Hombre,1,Básico,Ladino/Mestizo,Diario,Matutina,Promovido,No,No,19-02,1,2,1,3,5,1,1,1,2,2,19
2024,15-08-2059-43,Baja Verapaz,1501,Privado,Urbana,Hombre,2,Primaria,Maya,Diario,Matutina,Promovido,No,No,15-08,2,1,1,2,1,1,1,1,2,2,15
2024,02-04-0112-45,El Progreso,201,Cooperativa,Rural,Hombre,1,Básico,Ladino/Mestizo,Diario,Vespertina,Promovido,No,Ignorado,02-04,4,2,1,3,5,1,2,1,2,9,2
2024,02-07-0199-45,El Progreso,201,Privado,Urbana,Mujer,2,Básico,Ladino/Mestizo,Diario,Matutina,Retirado,No,No,02-07,2,1,2,3,5,1,1,3,2,2,2
2024,19-08-0248-43,Zacapa,1901,Público,Rural,Mujer,4,Primaria,Ladino/Mestizo,Diario,Matutina,Promovido,Sí,No,19-08,1,2,2,2,5,1,1,1,1,2,19
2024,19-01-0008-42,Zacapa,1901,Público,Urbana,Hombre,5,Preprimaria,Ladino/Mestizo,Diario,Matutina,Promovido,No,No,19-01,1,1,1,1,5,1,1,1,2,2,19
2024,15-08-2178-43,Baja Verapaz,1501,Privado,Urbana,Mujer,5,Primaria,Ladino/Mestizo,Diario,Matutina,Promovido,No,No,15-08,2,1,2,2,5,1,1,1,2,2,15
2024,15-02-0043-42,Baja Verapaz,1501,Público,Rural,Hombre,0,Preprimaria,Ladino/Mestizo,Diario,Matutina,Promovido,No,No,15-02,1,2,1,1,5,1,1,1,2,2,15
2024,19-09-1260-43,Zacapa,1901,Público,Rural,Mujer,2,Primaria,Ladino/Mestizo,Diario,Matutina,Promovido,Sí,No,19-09,1,2,2,2,5,1,1,1,1,2,19
2024,02-01-0026-45,El Progreso,201,Público,Urbana,Mujer,1,Básico,Ladino/Mestizo,Diario,Matutina,Promovido,No,No,02-01,1,1,2,3,5,1,1,1,2,2,2
2024,19-01-0072-45,Zacapa,1901,Público,Urbana,Mujer,2,Básico,Ladino/Mestizo,Diario,Matutina,No promovido,No,No,19-01,1,1,2,3,5,1,1,5,2,2,19
2024,15-02-0043-42,Baja Verapaz,1501,Público,Rural,Hombre,2,Preprimaria,Maya,Diario,Matutina,Promovido,No,No,15-02,1,2,1,1,1,1,1,1,2,2,15
2024,15-04-1791-43,Baja Verapaz,1501,Público,Rural,Mujer,6,Primaria,Maya,Diario,Vespertina,Promovido,No,No,15-04,1,2,2,2,1,1,2,1,2,2,15
2024,15-01-0031-43,Baja Verapaz,1501,Público,Rural,Hombre,3,Primaria,Ladino/Mestizo,Diario,Matutina,Promovido,No,No,15-01,1,2,1,2,5,1,1,1,2,2,15
2024,19-05-0012-43,Zacapa,1901,Público,Rural,Mujer,1,Primaria,Ladino/Mestizo,Diario,Matutina,Promovido,No,No,19-05,1,2,2,2,5,1,1,1,2,2,19
2024,02-07-0168-43,El Progreso,201,Público,Rural,Hombre,2,Primaria,Ladino/Mestizo,Diario,Matutina,Promovido,No,No,02-07,1,2,1,2,5,1,1,1,2,2,2
2024,19-04-0018-43,Zacapa,1901,Público,Rural,Hombre,1,Primaria,Ladino/Mestizo,Diario,Matutina,Promovido,Sí,No,19-04,1,2,1,2,5,1,1,1,1,2,19
2024,02-03-0075-43,El Progreso,201,Público,Rural,Hombre,5,Primaria,Ladino/Mestizo,Diario,Matutina,Promovido,No,No,02-03,1,2,1,2,5,1,1,1,2,2,2
2024,19-01-0061-43,Zacapa,1901,Público,Rural,Hombre,5,Primaria,Ladino/Mestizo,Diario,Matutina,Promovido,No,No,19-01,1,2,1,2,5,1,1,1,2,2,19
2024,15-07-0241-43,Baja Verapaz,1501,Público,Rural,Mujer,2,Primaria,Ladino/Mestizo,Diario,Matutina,Promovido,No,No,15-07,1,2,2,2,5,1,1,1,2,2,15
2024,19-03-0004-46,Zacapa,1901,Cooperativa,Urbana,Mujer,5,Diversificado,Ladino/Mestizo,Diario,Vespertina,Promovido,No,No,19-03,4,1,2,4,5,1,2,1,2,2,19
2024,02-03-0100-45,El Progreso,201,Cooperativa,Urbana,Mujer,3,Básico,Ladino/Mestizo,Diario,Vespertina,Promovido,No,No,02-03,4,1,2,3,5,1,2,1,2,2,2
2024,19-01-0703-43,Zacapa,1901,Privado,Urbana,Mujer,1,Primaria,Ladino/Mestizo,Diario,Matutina,Promovido,No,No,19-01,2,1,2,2,5,1,1,1,2,2,19
2024,02-07-0679-46,El Progreso,201,Privado,Urbana,Hombre,5,Diversificado,Ladino/Mestizo,Diario,Matutina,Retirado,No,Sí,02-07,2,1,1,4,5,1,1,3,2,1,2
2024,02-07-0755-46,El Progreso,201,Privado,Urbana,Mujer,4,Diversificado,Ladino/Mestizo,Diario,Matutina,Promovido,No,No,02-07,2,1,2,4,5,1,1,1,2,2,2
2024,15-03-0113-43,Baja Verapaz,1501,Público,Rural,Mujer,1,Primaria,Ladino/Mestizo,Diario,Matutina,Promovido,No,No,15-03,1,2,2,2,5,1,1,1,2,2,15
2024,02-07-0198-45,El Progreso,201,Público,Urbana,Hombre,1,Básico,Ladino/Mestizo,Diario,Matutina,No promovido,No,No,02-07,1,1,1,3,5,1,1,5,2,2,2
2024,02-08-0208-43,El Progreso,201,Público,Rural,Mujer,5,Primaria,Ladino/Mestizo,Diario,Matutina,Promovido,No,No,02-08,1,2,2,2,5,1,1,1,2,2,2
2024,02-01-0483-42,El Progreso,201,Público,Rural,Mujer,1,Preprimaria,Ladino/Mestizo,Diario,Matutina,Promovido,No,No,02-01,1,2,2,1,5,1,1,1,2,2,2
2024,15-01-0321-43,Baja Verapaz,1501,Público,Rural,Hombre,4,Primaria,Ladino/Mestizo,Diario,Matutina,Promovido,No,No,15-01,1,2,1,2,5,1,1,1,2,2,15
2024,15-02-0044-42,Baja Verapaz,1501,Público,Rural,Mujer,0,Preprimaria,Maya,Diario,Matutina,Promovido,No,No,15-02,1,2,2,1,1,1,1,1,2,2,15
2024,02-02-0055-45,El Progreso,201,Cooperativa,Urbana,Mujer,2,Básico,Ladino/Mestizo,Diario,Vespertina,Retirado,No,No,02-02,4,1,2,3,5,1,2,3,2,2,2
2024,19-04-0037-43,Zacapa,1901,Público,Rural,Hombre,3,Primaria,Ladino/Mestizo,Diario,Matutina,Promovido,No,No,19-04,1,2,1,2,5,1,1,1,2,2,19
2024,02-08-0205-43,El Progreso,201,Público,Urbana,Mujer,3,Primaria,Ladino/Mestizo,Diario,Matutina,Promovido,No,No,02-08,1,1,2,2,5,1,1,1,2,2,2
2024,15-02-0343-43,Baja Verapaz,1501,Público,Rural,Hombre,2,Primaria,Maya,Diario,Matutina,Promovido,No,No,15-02,1,2,1,2,1,1,1,1,2,2,15
2024,15-08-0103-45,Baja Verapaz,1501,Público,Rural,Hombre,1,Básico,Maya,Diario,Vespertina,Promovido,No,No,15-08,1,2,1,3,1,1,2,1,2,2,15
2024,19-11-0005-42,Zacapa,1901,Público,Rural,Mujer,0,Preprimaria,Ladino/Mestizo,Diario,Matutina,Promovido,No,No,19-11,1,2,2,1,5,1,1,1,2,2,19
2024,15-08-0276-43,Baja Verapaz,1501,Público,Urbana,Hombre,6,Primaria,Ladino/Mestizo,Diario,Matutina,Promovido,No,No,15-08,1,1,1,2,5,1,1,1,2,2,15
2024,02-01-0026-45,El Progreso,201,Público,Urbana,Hombre,3,Básico,Ladino/Mestizo,Diario,Matutina,Promovido,No,No,02-01,1,1,1,3,5,1,1,1,2,2,2
2024,15-01-2030-43,Baja Verapaz,1501,Público,Rural,Hombre,2,Primaria,Ladino/Mestizo,Diario,Matutina,Promovido,Sí,No,15-01,1,2,1,2,5,1,1,1,1,2,15
2024,19-02-0015-42,Zacapa,1901,Público,Urbana,Hombre,2,Preprimaria,Ladino/Mestizo,Diario,Doble,Promovido,No,No,19-02,1,1,1,1,5,1,4,1,2,2,19
2024,15-08-0241-42,Baja Verapaz,1501,Público,Rural,Mujer,4,Preprimaria,Maya,Diario,Matutina,Promovido,No,No,15-08,1,2,2,1,1,1,1,1,2,2,15
2024,15-03-0064-45,Baja Verapaz,1501,Público,Rural,Hombre,3,Básico,Maya,Diario,Vespertina,Promovido,No,No,15-03,1,2,1,3,1,1,2,1,2,2,15
2024,15-01-0117-43,Baja Verapaz,1501,Público,Rural,Mujer,2,Primaria,Ladino/Mestizo,Diario,Matutina,Promovido,No,No,15-01,1,2,2,2,5,1,1,1,2,2,15
2024,15-01-0148-42,Baja Verapaz,1501,Público,Rural,Hombre,4,Preprimaria,Ladino/Mestizo,Diario,Matutina,Promovido,No,No,15-01,1,2,1,1,5,1,1,1,2,2,15
2024,02-01-0701-42,El Progreso,201,Público,Rural,Hombre,4,Preprimaria,Ladino/Mestizo,Diario,Matutina,Retirado,No,No,02-01,1,2,1,1,5,1,1,3,2,2,2
2024,02-07-0546-45,El Progreso,201,Público,Rural,Mujer,1,Básico,Ladino/Mestizo,Diario,Matutina,Promovido,No,No,02-07,1,2,2,3,5,1,1,1,2,2,2
2024,15-01-2111-45,Baja Verapaz,1501,Público,Rural,Hombre,1,Básico,Ladino/Mestizo,Diario,Vespertina,Promovido,No,No,15-01,1,2,1,3,5,1,2,1,2,2,15
2024,15-08-1599-43,Baja Verapaz,1501,Público,Rural,Mujer,1,Primaria,Maya,Diario,Matutina,Promovido,No,No,15-08,1,2,2,2,1,1,1,1,2,2,15
2024,19-01-0012-43,Zacapa,1901,Público,Urbana,Mujer,3,Primaria,Ladino/Mestizo,Diario,Matutina,Retirado,Sí,No,19-01,1,1,2,2,5,1,1,3,1,2,19
2024,19-04-0130-42,Zacapa,1901,Público,Rural,Hombre,6,Preprimaria,Ladino/Mestizo,Diario,Matutina,Promovido,No,No,19-04,1,2,1,1,5,1,1,1,2,2,19
2024,19-01-0012-43,Zacapa,1901,Público,Urbana,Mujer,1,Primaria,Ladino/Mestizo,Diario,Matutina,Promovido,No,No,19-01,1,1,2,2,5,1,1,1,2,2,19
2024,15-01-0086-45,Baja Verapaz,1501,Público,Urbana,Mujer,3,Básico,Ladino/Mestizo,Diario,Vespertina,Promovido,No,No,15-01,1,1,2,3,5,1,2,1,2,2,15
2024,15-08-2059-43,Baja Verapaz,1501,Privado,Urbana,Mujer,4,Primaria,Ladino/Mestizo,Diario,Matutina,Promovido,No,No,15-08,2,1,2,2,5,1,1,1,2,2,15
2024,19-08-0255-43,Zacapa,1901,Público,Rural,Mujer,3,Primaria,Ladino/Mestizo,Diario,Matutina,Promovido,No,No,19-08,1,2,2,2,5,1,1,1,2,2,19
2024,02-07-0258-42,El Progreso,201,Público,Urbana,Hombre,5,Preprimaria,Ladino/Mestizo,Diario,Matutina,Retirado,No,No,02-07,1,1,1,1,5,1,1,3,2,2,2
2024,15-01-0321-43,Baja Verapaz,1501,Público,Rural,Mujer,4,Primaria,Ladino/Mestizo,Diario,Matutina,Promovido,No,No,15-01,1,2,2,2,5,1,1,1,2,2,15
2024,15-01-1538-42,Baja Verapaz,1501,Público,Rural,Mujer,6,Preprimaria,Ladino/Mestizo,Diario,Matutina,Promovido,No,No,15-01,1,2,2,1,5,1,1,1,2,2,15
2024,15-04-0159-43,Baja Verapaz,1501,Público,Rural,Mujer,3,Primaria,Maya,Diario,Matutina,No promovido,Sí,No,15-04,1,2,2,2,1,1,1,5,1,2,15
2024,02-04-0112-45,El Progreso,201,Cooperativa,Rural,Mujer,2,Básico,Ladino/Mestizo,Diario,Vespertina,Promovido,No,No,02-04,4,2,2,3,5,1,2,1,2,2,2
2024,19-11-0019-45,Zacapa,1901,Cooperativa,Urbana,Mujer,2,Básico,Ladino/Mestizo,Diario,Vespertina,Promovido,No,No,19-11,4,1,2,3,5,1,2,1,2,2,19
2024,19-07-0236-43,Zacapa,1901,Público,Rural,Hombre,4,Primaria,Ladino/Mestizo,Diario,Matutina,Promovido,No,No,19-07,1,2,1,2,5,1,1,1,2,2,19
2024,02-06-0752-43,El Progreso,201,Privado,Urbana,Hombre,4,Primaria,Ladino/Mestizo,Diario,Matutina,Promovido,No,No,02-06,2,1,1,2,5,1,1,1,2,2,2
2024,19-01-0332-46,Zacapa,1901,Privado,Urbana,Hombre,6,Diversificado,Ladino/Mestizo,Diario,Doble,Promovido,Sí,Sí,19-01,2,1,1,4,5,1,4,1,1,1,19
2024,15-05-0188-42,Baja Verapaz,1501,Público,Urbana,Hombre,6,Preprimaria,Ladino/Mestizo,Diario,Matutina,Promovido,No,No,15-05,1,1,1,1,5,1,1,1,2,2,15
2024,19-03-0004-46,Zacapa,1901,Cooperativa,Urbana,Mujer,5,Diversificado,Ladino/Mestizo,Diario,Vespertina,Promovido,No,Ignorado,19-03,4,1,2,4,5,1,2,1,2,9,19
2024,02-08-0205-43,El Progreso,201,Público,Urbana,Hombre,4,Primaria,Ladino/Mestizo,Diario,Matutina,No promovido,No,No,02-08,1,1,1,2,5,1,1,5,2,2,2
2024,19-09-0995-42,Zacapa,1901,Público,Rural,Hombre,5,Preprimaria,Ladino/Mestizo,Diario,Matutina,Promovido,No,No,19-09,1,2,1,1,5,1,1,1,2,2,19
2024,19-05-0209-43,Zacapa,1901,Público,Rural,Hombre,4,Primaria,Ladino/Mestizo,Diario,Matutina,No promovido,No,No,19-05,1,2,1,2,5,1,1,5,2,2,19
2024,02-08-0799-43,El Progreso,201,Privado,Urbana,Hombre,2,Primaria,Ladino/Mestizo,Diario,Vespertina,Promovido,No,No,02-08,2,1,1,2,5,1,2,1,2,2,2
2024,02-07-0511-43,El Progreso,201,Público,Rural,Mujer,4,Primaria,Ladino/Mestizo,Diario,Vespertina,Promovido,No,No,02-07,1,2,2,2,5,1,2,1,2,2,2
2024,15-01-1474-42,Baja Verapaz,1501,Público,Urbana,Hombre,5,Preprimaria,Ladino/Mestizo,Diario,Matutina,Promovido,No,No,15-01,1,1,1,1,5,1,1,1,2,2,15
2024,19-11-0010-43,Zacapa,1901,Público,Urbana,Mujer,6,Primaria,Ladino/Mestizo,Diario,Matutina,Promovido,No,No,19-11,1,1,2,2,5,1,1,1,2,2,19
2024,19-03-0116-43,Zacapa,1901,Público,Rural,Mujer,1,Primaria,Ladino/Mestizo,Diario,Matutina,Promovido,No,No,19-03,1,2,2,2,5,1,1,1,2,2,19
2024,19-03-0598-42,Zacapa,1901,Público,Rural,Hombre,4,Preprimaria,Ladino/Mestizo,Diario,Matutina,Promovido,No,No,19-03,1,2,1,1,5,1,1,1,2,2,19
2024,19-11-0010-43,Zacapa,1901,Público,Urbana,Hombre,6,Primaria,Ladino/Mestizo,Diario,Matutina,Promovido,No,No,19-11,1,1,1,2,5,1,1,1,2,2,19
2024,15-07-1671-43,Baja Verapaz,1501,Público,Urbana,Mujer,3,Primaria,Ladino/Mestizo,Diario,Vespertina,Promovido,No,No,15-07,1,1,2,2,5,1,2,1,2,2,15
2024,15-01-0112-46,Baja Verapaz,1501,Privado,Urbana,Mujer,5,Diversificado,Maya,Diario,Matutina,Promovido,Sí,Sí,15-01,2,1,2,4,1,1,1,1,1,1,15
2024,02-06-0752-43,El Progreso,201,Privado,Urbana,Mujer,5,Primaria,Ladino/Mestizo,Diario,Matutina,Promovido,No,No,02-06,2,1,2,2,5,1,1,1,2,2,2
2024,15-04-0099-45,Baja Verapaz,1501,Público,Urbana,Hombre,3,Básico,Maya,Diario,Matutina,Promovido,Sí,Ignorado,15-04,1,1,1,3,1,1,1,1,1,9,15
2024,02-01-0052-43,El Progreso,201,Privado,Urbana,Mujer,1,Primaria,Ladino/Mestizo,Diario,Matutina,Promovido,No,No,02-01,2,1,2,2,5,1,1,1,2,2,2
2024,19-05-0210-43,Zacapa,1901,Público,Rural,Hombre,1,Primaria,Ladino/Mestizo,Diario,Matutina,Retirado,Sí,No,19-05,1,2,1,2,5,1,1,3,1,2,19
2024,15-05-0215-45,Baja Verapaz,1501,Cooperativa,Urbana,Mujer,3,Básico,Ladino/Mestizo,Diario,Vespertina,Promovido,No,No,15-05,4,1,2,3,5,1,2,1,2,2,15
2024,15-07-0250-43,Baja Verapaz,1501,Público,Rural,Hombre,2,Primaria,Ladino/Mestizo,Diario,Matutina,Promovido,No,No,15-07,1,2,1,2,5,1,1,1,2,2,15
2024,19-05-0201-43,Zacapa,1901,Público,Urbana,Mujer,4,Primaria,Ladino/Mestizo,Diario,Matutina,Promovido,No,No,19-05,1,1,2,2,5,1,1,1,2,2,19
2024,19-04-0147-43,Zacapa,1901,Público,Rural,Mujer,5,Primaria,Ladino/Mestizo,Diario,Matutina,Promovido,No,No,19-04,1,2,2,2,5,1,1,1,2,2,19
2024,02-06-0003-45,El Progreso,201,Público,Rural,Hombre,3,Básico,Ladino/Mestizo,Diario,Vespertina,Promovido,No,No,02-06,1,2,1,3,5,1,2,1,2,2,2
2024,15-08-0080-43,Baja Verapaz,1501,Público,Rural,Hombre,1,Primaria,Maya,Diario,Matutina,No promovido,No,No,15-08,1,2,1,2,1,1,1,5,2,2,15
2024,15-03-0100-43,Baja Verapaz,1501,Público,Urbana,Hombre,1,Primaria,Maya,Diario,Matutina,Promovido,No,No,15-03,1,1,1,2,1,1,1,1,2,2,15
2024,15-04-0137-43,Baja Verapaz,1501,Público,Rural,Mujer,1,Primaria,Maya,Diario,Matutina,No promovido,No,No,15-04,1,2,2,2,1,1,1,5,2,2,15
2024,19-01-1082-42,Zacapa,1901,Privado,Urbana,Hombre,6,Preprimaria,Ladino/Mestizo,Diario,Matutina,Promovido,No,No,19-01,2,1,1,1,5,1,1,1,2,2,19
2024,19-08-1110-42,Zacapa,1901,Público,Rural,Mujer,5,Preprimaria,Ladino/Mestizo,Diario,Matutina,Promovido,No,No,19-08,1,2,2,1,5,1,1,1,2,2,19
2024,02-08-0204-42,El Progreso,201,Público,Urbana,Mujer,5,Preprimaria,Ladino/Mestizo,Diario,Matutina,Promovido,No,No,02-08,1,1,2,1,5,1,1,1,2,2,2
2024,19-09-0004-43,Zacapa,1901,Público,Rural,Hombre,1,Primaria,Ladino/Mestizo,Diario,Matutina,Promovido,No,No,19-09,1,2,1,2,5,1,1,1,2,2,19
2024,15-08-0156-43,Baja Verapaz,1501,Público,Rural,Hombre,6,Primaria,Maya,Diario,Matutina,Promovido,No,No,15-08,1,2,1,2,1,1,1,1,2,2,15
2024,15-02-0063-45,Baja Verapaz,1501,Público,Rural,Mujer,1,Básico,Maya,Diario,Matutina,Promovido,No,No,15-02,1,2,2,3,1,1,1,1,2,2,15
2024,19-11-0010-43,Zacapa,1901,Público,Urbana,Mujer,4,Primaria,Ladino/Mestizo,Diario,Matutina,Promovido,No,No,19-11,1,1,2,2,5,1,1,1,2,2,19
2024,02-07-0400-42,El Progreso,201,Público,Rural,Mujer,5,Preprimaria,Ladino/Mestizo,Diario,Matutina,Promovido,No,No,02-07,1,2,2,1,5,1,1,1,2,2,2
2024,02-05-0113-42,El Progreso,201,Público,Urbana,Hombre,6,Preprimaria,Ladino/Mestizo,Diario,Matutina,Promovido,No,No,02-05,1,1,1,1,5,1,1,1,2,2,2
2024,19-06-0728-45,Zacapa,1901,Público,Rural,Mujer,2,Básico,Ladino/Mestizo,Diario,Matutina,Promovido,No,No,19-06,1,2,2,3,5,1,1,1,2,2,19
2024,02-01-0009-43,El Progreso,201,Público,Rural,Hombre,6,Primaria,Ladino/Mestizo,Diario,Matutina,Promovido,No,No,02-01,1,2,1,2,5,1,1,1,2,2,2
2024,19-03-0113-43,Zacapa,1901,Público,Rural,Hombre,2,Primaria,Ladino/Mestizo,Diario,Matutina,Promovido,No,No,19-03,1,2,1,2,5,1,1,1,2,2,19
2024,02-06-0243-45,El Progreso,201,Público,Urbana,Mujer,2,Básico,Ladino/Mestizo,Diario,Matutina,Promovido,No,No,02-06,1,1,2,3,5,1,1,1,2,2,2
2024,15-02-0070-43,Baja Verapaz,1501,Público,Urbana,Mujer,1,Primaria,Maya,Diario,Matutina,Promovido,No,No,15-02,1,1,2,2,1,1,1,1,2,2,15
2024,15-02-0072-43,Baja Verapaz,1501,Público,Rural,Mujer,1,Primaria,Ladino/Mestizo,Diario,Matutina,Promovido,No,No,15-02,1,2,2,2,5,1,1,1,2,2,15
2024,02-07-0161-43,El Progreso,201,Público,Urbana,Mujer,3,Primaria,Ladino/Mestizo,Diario,Matutina,Promovido,No,No,02-07,1,1,2,2,5,1,1,1,2,2,2
2024,15-08-0086-43,Baja Verapaz,1501,Público,Rural,Hombre,5,Primaria,Maya,Diario,Matutina,Promovido,No,No,15-08,1,2,1,2,1,1,1,1,2,2,15
2024,15-08-0136-43,Baja Verapaz,1501,Público,Rural,Mujer,5,Primaria,Maya,Diario,Matutina,Retirado,No,No,15-08,1,2,2,2,1,1,1,3,2,2,15
2024,19-05-0203-43,Zacapa,1901,Público,Rural,Hombre,1,Primaria,Ladino/Mestizo,Diario,Matutina,Promovido,No,No,19-05,1,2,1,2,5,1,1,1,2,2,19
2024,15-03-0099-43,Baja Verapaz,1501,Público,Urbana,Mujer,5,Primaria,Ladino/Mestizo,Diario,Matutina,Promovido,Sí,No,15-03,1,1,2,2,5,1,1,1,1,2,15
2024,15-04-0136-43,Baja Verapaz,1501,Público,Urbana,Mujer,4,Primaria,Ladino/Mestizo,Diario,Matutina,Promovido,No,No,15-04,1,1,2,2,5,1,1,1,2,2,15
2024,19-09-0271-43,Zacapa,1901,Público,Rural,Mujer,1,Primaria,Ladino/Mestizo,Diario,Matutina,Promovido,Sí,No,19-09,1,2,2,2,5,1,1,1,1,2,19
2024,02-03-0091-43,El Progreso,201,Público,Rural,Hombre,5,Primaria,Ladino/Mestizo,Diario,Matutina,Promovido,No,No,02-03,1,2,1,2,5,1,1,1,2,2,2
2024,15-03-1349-41,Baja Verapaz,1501,Público,Rural,Hombre,6,Preprimaria,Ladino/Mestizo,Diario,Matutina,Promovido,No,No,15-03,1,2,1,1,5,1,1,1,2,2,15
2024,15-05-0045-46,Baja Verapaz,1501,Privado,Rural,Mujer,4,Diversificado,Ladino/Mestizo,Diario,Vespertina,Promovido,No,No,15-05,2,2,2,4,5,1,2,1,2,2,15
2024,02-07-0509-43,El Progreso,201,Público,Urbana,Hombre,3,Primaria,Ladino/Mestizo,Diario,Vespertina,Promovido,No,No,02-07,1,1,1,2,5,1,2,1,2,2,2
2024,19-01-0928-43,Zacapa,1901,Público,Rural,Hombre,4,Primaria,Ladino/Mestizo,Diario,Matutina,Promovido,No,No,19-01,1,2,1,2,5,1,1,1,2,2,19
2024,02-03-0060-43,El Progreso,201,Público,Urbana,Hombre,1,Primaria,Ladino/Mestizo,Diario,Matutina,Promovido,Sí,No,02-03,1,1,1,2,5,1,1,1,1,2,2
2024,15-01-0170-43,Baja Verapaz,1501,Público,Rural,Mujer,2,Primaria,Ladino/Mestizo,Diario,Matutina,Promovido,No,No,15-01,1,2,2,2,5,1,1,1,2,2,15
2024,19-01-0191-45,Zacapa,1901,Privado,Urbana,Hombre,2,Básico,Ladino/Mestizo,Fin de semana,Doble,No promovido,No,No,19-01,2,1,1,3,5,2,4,5,2,2,19
2024,15-02-1674-42,Baja Verapaz,1501,Público,Rural,Hombre,6,Preprimaria,Maya,Diario,Matutina,Promovido,No,No,15-02,1,2,1,1,1,1,1,1,2,2,15
2024,02-05-0118-43,El Progreso,201,Público,Rural,Mujer,2,Primaria,Ladino/Mestizo,Diario,Matutina,Promovido,No,No,02-05,1,2,2,2,5,1,1,1,2,2,2
2024,19-01-1138-43,Zacapa,1901,Público,Rural,Hombre,1,Primaria,Extranjero,Diario,Matutina,Promovido,No,No,19-01,1,2,1,2,6,1,1,1,2,2,19
2024,19-04-0160-43,Zacapa,1901,Público,Rural,Hombre,1,Primaria,Ladino/Mestizo,Diario,Matutina,Promovido,No,No,19-04,1,2,1,2,5,1,1,1,2,2,19
2024,19-04-1263-46,Zacapa,1901,Privado,Urbana,Hombre,5,Diversificado,Ladino/Mestizo,Fin de semana,Doble,Promovido,No,Sí,19-04,2,1,1,4,5,2,4,1,2,1,19
2024,19-04-0042-42,Zacapa,1901,Público,Rural,Mujer,5,Preprimaria,Ladino/Mestizo,Diario,Matutina,Promovido,No,No,19-04,1,2,2,1,5,1,1,1,2,2,19
2024,15-02-0022-45,Baja Verapaz,1501,Público,Rural,Hombre,3,Básico,Maya,Diario,Vespertina,Promovido,No,No,15-02,1,2,1,3,1,1,2,1,2,2,15
2024,02-07-0699-46,El Progreso,201,Privado,Urbana,Mujer,5,Diversificado,Ladino/Mestizo,Diario,Doble,Promovido,No,No,02-07,2,1,2,4,5,1,4,1,2,2,2
2024,02-08-0205-43,El Progreso,201,Público,Urbana,Hombre,2,Primaria,Ladino/Mestizo,Diario,Matutina,Promovido,No,No,02-08,1,1,1,2,5,1,1,1,2,2,2
2024,15-08-0011-42,Baja Verapaz,1501,Público,Rural,Mujer,6,Preprimaria,Maya,Diario,Matutina,Promovido,No,No,15-08,1,2,2,1,1,1,1,1,2,2,15
2024,15-05-0004-43,Baja Verapaz,1501,Público,Rural,Mujer,4,Primaria,Ladino/Mestizo,Diario,Matutina,Promovido,No,No,15-05,1,2,2,2,5,1,1,1,2,2,15
2024,19-01-0079-46,Zacapa,1901,Público,Urbana,Mujer,5,Diversificado,Ladino/Mestizo,Diario,Nocturna,No promovido,Sí,No,19-01,1,1,2,4,5,1,3,5,1,2,19
2024,02-06-0148-42,El Progreso,201,Público,Rural,Hombre,6,Preprimaria,Ladino/Mestizo,Diario,Matutina,Promovido,No,No,02-06,1,2,1,1,5,1,1,1,2,2,2
2024,15-08-0287-43,Baja Verapaz,1501,Público,Rural,Hombre,1,Primaria,Maya,Diario,Matutina,Promovido,No,No,15-08,1,2,1,2,1,1,1,1,2,2,15
2024,19-01-0001-42,Zacapa,1901,Público,Urbana,Hombre,5,Preprimaria,Ladino/Mestizo,Diario,Matutina,Promovido,No,No,19-01,1,1,1,1,5,1,1,1,2,2,19
2024,15-04-2054-42,Baja Verapaz,1501,Público,Rural,Mujer,6,Preprimaria,Maya,Diario,Matutina,Promovido,No,No,15-04,1,2,2,1,1,1,1,1,2,2,15
2024,15-02-0070-43,Baja Verapaz,1501,Público,Urbana,Mujer,5,Primaria,Maya,Diario,Matutina,Promovido,No,No,15-02,1,1,2,2,1,1,1,1,2,2,15
2024,02-07-0168-43,El Progreso,201,Público,Rural,Hombre,1,Primaria,Ladino/Mestizo,Diario,Matutina,Promovido,No,No,02-07,1,2,1,2,5,1,1,1,2,2,2
2024,02-03-0037-42,El Progreso,201,Público,Rural,Mujer,6,Preprimaria,Ladino/Mestizo,Diario,Matutina,Promovido,No,No,02-03,1,2,2,1,5,1,1,1,2,2,2
2024,19-09-0282-43,Zacapa,1901,Público,Rural,Hombre,3,Primaria,Ladino/Mestizo,Diario,Matutina,Promovido,No,No,19-09,1,2,1,2,5,1,1,1,2,2,19
2024,02-02-0014-46,El Progreso,201,Cooperativa,Urbana,Mujer,5,Diversificado,Ladino/Mestizo,Diario,Vespertina,Promovido,Sí,Sí,02-02,4,1,2,4,5,1,2,1,1,1,2
2024,15-07-0248-43,Baja Verapaz,1501,Público,Rural,Hombre,5,Primaria,Ladino/Mestizo,Diario,Matutina,Promovido,No,No,15-07,1,2,1,2,5,1,1,1,2,2,15
2024,15-01-0049-45,Baja Verapaz,1501,Cooperativa,Urbana,Hombre,3,Básico,Ladino/Mestizo,Diario,Nocturna,No promovido,Sí,No,15-01,4,1,1,3,5,1,3,5,1,2,15
2024,19-06-0216-43,Zacapa,1901,Público,Urbana,Mujer,5,Primaria,Ladino/Mestizo,Diario,Matutina,Retirado,No,No,19-06,1,1,2,2,5,1,1,3,2,2,19
2024,15-07-0664-42,Baja Verapaz,1501,Público,Rural,Hombre,3,Preprimaria,Ladino/Mestizo,Diario,Matutina,Promovido,No,No,15-07,1,2,1,1,5,1,1,1,2,2,15
2024,02-06-0243-45,El Progreso,201,Público,Urbana,Mujer,1,Básico,Ladino/Mestizo,Diario,Matutina,Promovido,No,No,02-06,1,1,2,3,5,1,1,1,2,2,2
2024,19-02-1084-43,Zacapa,1901,Privado,Urbana,Mujer,6,Primaria,Ladino/Mestizo,Diario,Matutina,Promovido,No,No,19-02,2,1,2,2,5,1,1,1,2,2,19
2024,19-11-0010-43,Zacapa,1901,Público,Urbana,Mujer,1,Primaria,Ladino/Mestizo,Diario,Matutina,No promovido,Sí,No,19-11,1,1,2,2,5,1,1,5,1,2,19
2024,15-03-0130-43,Baja Verapaz,1501,Público,Rural,Mujer,4,Primaria,Maya,Diario,Matutina,Promovido,No,No,15-03,1,2,2,2,1,1,1,1,2,2,15
2024,02-03-0083-43,El Progreso,201,Público,Rural,Mujer,3,Primaria,Ladino/Mestizo,Diario,Matutina,Retirado,No,No,02-03,1,2,2,2,5,1,1,3,2,2,2
2024,02-01-0027-46,El Progreso,201,Público,Urbana,Hombre,5,Diversificado,Ladino/Mestizo,Diario,Doble,Promovido,No,Sí,02-01,1,1,1,4,5,1,4,1,2,1,2
2024,02-03-0670-42,El Progreso,201,Público,Rural,Mujer,5,Preprimaria,Ladino/Mestizo,Diario,Matutina,Promovido,No,No,02-03,1,2,2,1,5,1,1,1,2,2,2
2024,15-04-0136-43,Baja Verapaz,1501,Público,Urbana,Mujer,3,Primaria,Ladino/Mestizo,Diario,Matutina,Promovido,No,No,15-04,1,1,2,2,5,1,1,1,2,2,15
2024,19-06-0685-42,Zacapa,1901,Público,Rural,Hombre,5,Preprimaria,Ladino/Mestizo,Diario,Matutina,Promovido,No,No,19-06,1,2,1,1,5,1,1,1,2,2,19
2024,15-01-0763-42,Baja Verapaz,1501,Público,Urbana,Mujer,5,Preprimaria,Ladino/Mestizo,Diario,Matutina,Promovido,No,No,15-01,1,1,2,1,5,1,1,1,2,2,15
2024,02-07-0160-43,El Progreso,201,Público,Urbana,Mujer,1,Primaria,Ladino/Mestizo,Diario,Matutina,Promovido,No,No,02-07,1,1,2,2,5,1,1,1,2,2,2
2024,02-07-0160-43,El Progreso,201,Público,Urbana,Hombre,5,Primaria,Ladino/Mestizo,Diario,Matutina,Promovido,No,No,02-07,1,1,1,2,5,1,1,1,2,2,2
2024,02-03-0060-43,El Progreso,201,Público,Urbana,Mujer,2,Primaria,Ladino/Mestizo,Diario,Matutina,Promovido,No,No,02-03,1,1,2,2,5,1,1,1,2,2,2
2024,02-03-0100-45,El Progreso,201,Cooperativa,Urbana,Mujer,2,Básico,Ladino/Mestizo,Diario,Vespertina,Promovido,No,No,02-03,4,1,2,3,5,1,2,1,2,2,2
2024,19-03-0016-45,Zacapa,1901,Público,Rural,Mujer,2,Básico,Ladino/Mestizo,Diario,Matutina,Promovido,No,No,19-03,1,2,2,3,5,1,1,1,2,2,19
2024,19-01-0017-43,Zacapa,1901,Privado,Urbana,Hombre,6,Primaria,Ladino/Mestizo,Diario,Matutina,Promovido,No,No,19-01,2,1,1,2,5,1,1,1,2,2,19
2024,19-04-1097-42,Zacapa,1901,Público,Rural,Mujer,1,Preprimaria,Ladino/Mestizo,Diario,Matutina,Promovido,No,No,19-04,1,2,2,1,5,1,1,1,2,2,19
2024,15-08-0049-43,Baja Verapaz,1501,Público,Rural,Hombre,1,Primaria,Maya,Diario,Matutina,No promovido,No,No,15-08,1,2,1,2,1,1,1,5,2,2,15
2024,15-08-0206-46,Baja Verapaz,1501,Privado,Urbana,Hombre,4,Diversificado,Maya,Fin de semana,Doble,Promovido,No,No,15-08,2,1,1,4,1,2,4,1,2,2,15
2024,15-04-0099-45,Baja Verapaz,1501,Público,Urbana,Hombre,2,Básico,Ladino/Mestizo,Diario,Matutina,No promovido,No,No,15-04,1,1,1,3,5,1,1,5,2,2,15
2024,19-03-0838-42,Zacapa,1901,Público,Rural,Hombre,4,Preprimaria,Ladino/Mestizo,Diario,Matutina,Promovido,No,No,19-03,1,2,1,1,5,1,1,1,2,2,19
2024,19-05-0207-43,Zacapa,1901,Público,Rural,Hombre,3,Primaria,Ladino/Mestizo,Diario,Matutina,Promovido,No,No,19-05,1,2,1,2,5,1,1,1,2,2,19
2024,19-03-0004-46,Zacapa,1901,Cooperativa,Urbana,Mujer,5,Diversificado,Ladino/Mestizo,Diario,Vespertina,Promovido,No,No,19-03,4,1,2,4,5,1,2,1,2,2,19
2024,15-08-0103-45,Baja Verapaz,1501,Público,Rural,Mujer,1,Básico,Maya,Diario,Vespertina,Promovido,No,No,15-08,1,2,2,3,1,1,2,1,2,2,15
2024,19-08-0248-43,Zacapa,1901,Público,Rural,Hombre,3,Primaria,Ladino/Mestizo,Diario,Matutina,Promovido,Sí,No,19-08,1,2,1,2,5,1,1,1,1,2,19
2024,02-08-0219-43,El Progreso,201,Público,Rural,Hombre,4,Primaria,Ladino/Mestizo,Diario,Matutina,Promovido,No,No,02-08,1,2,1,2,5,1,1,1,2,2,2
2024,15-04-0193-42,Baja Verapaz,1501,Público,Rural,Mujer,6,Preprimaria,Maya,Diario,Matutina,Promovido,No,No,15-04,1,2,2,1,1,1,1,1,2,2,15
2024,15-08-0280-43,Baja Verapaz,1501,Público,Rural,Mujer,1,Primaria,Maya,Diario,Matutina,Retirado,No,No,15-08,1,2,2,2,1,1,1,3,2,2,15
2024,19-04-1097-42,Zacapa,1901,Público,Rural,Hombre,6,Preprimaria,Ladino/Mestizo,Diario,Matutina,Promovido,No,No,19-04,1,2,1,1,5,1,1,1,2,2,19
2024,15-03-1478-42,Baja Verapaz,1501,Público,Rural,Mujer,2,Preprimaria,Ladino/Mestizo,Diario,Matutina,Promovido,No,No,15-03,1,2,2,1,5,1,1,1,2,2,15
2024,15-04-0071-43,Baja Verapaz,1501,Público,Rural,Mujer,5,Primaria,Maya,Diario,Matutina,Promovido,No,No,15-04,1,2,2,2,1,1,1,1,2,2,15
2024,15-03-0068-45,Baja Verapaz,1501,Público,Rural,Mujer,1,Básico,Maya,Diario,Matutina,Promovido,No,No,15-03,1,2,2,3,1,1,1,1,2,2,15
2024,02-07-0198-45,El Progreso,201,Público,Urbana,Hombre,2,Básico,Ladino/Mestizo,Diario,Matutina,Retirado,No,No,02-07,1,1,1,3,5,1,1,3,2,2,2
2024,19-11-0025-43,Zacapa,1901,Privado,Urbana,Mujer,4,Primaria,Ladino/Mestizo,Diario,Matutina,Promovido,No,No,19-11,2,1,2,2,5,1,1,1,2,2,19
2024,19-01-0012-43,Zacapa,1901,Público,Urbana,Mujer,1,Primaria,Ladino/Mestizo,Diario,Matutina,Promovido,No,No,19-01,1,1,2,2,5,1,1,1,2,2,19
2024,19-10-0300-43,Zacapa,1901,Público,Rural,Mujer,1,Primaria,Ladino/Mestizo,Diario,Matutina,Promovido,No,No,19-10,1,2,2,2,5,1,1,1,2,2,19
2024,02-07-0197-43,El Progreso,201,Privado,Rural,Hombre,2,Primaria,Ladino/Mestizo,Diario,Doble,Promovido,No,No,02-07,2,2,1,2,5,1,4,1,2,2,2
2024,15-07-0238-43,Baja Verapaz,1501,Público,Rural,Mujer,2,Primaria,Ladino/Mestizo,Diario,Matutina,Promovido,No,No,15-07,1,2,2,2,5,1,1,1,2,2,15
2024,15-01-0050-45,Baja Verapaz,1501,Público,Urbana,Hombre,2,Básico,Ladino/Mestizo,Diario,Matutina,Retirado,No,No,15-01,1,1,1,3,5,1,1,3,2,2,15
2024,15-04-0162-43,Baja Verapaz,1501,Público,Rural,Hombre,1,Primaria,Maya,Diario,Matutina,No promovido,Sí,No,15-04,1,2,1,2,1,1,1,5,1,2,15
2024,19-05-0810-45,Zacapa,1901,Privado,Urbana,Hombre,3,Básico,Ladino/Mestizo,Diario,Vespertina,Promovido,No,No,19-05,2,1,1,3,5,1,2,1,2,2,19
2024,19-04-0062-43,Zacapa,1901,Privado,Urbana,Hombre,1,Primaria,Ladino/Mestizo,Diario,Vespertina,Retirado,No,No,19-04,2,1,1,2,5,1,2,3,2,2,19
2024,19-09-0276-43,Zacapa,1901,Público,Rural,Mujer,4,Primaria,Ladino/Mestizo,Diario,Matutina,Retirado,No,No,19-09,1,2,2,2,5,1,1,3,2,2,19
2024,19-01-0921-42,Zacapa,1901,Público,Rural,Hombre,4,Preprimaria,Ladino/Mestizo,Diario,Matutina,Promovido,No,No,19-01,1,2,1,1,5,1,1,1,2,2,19
2024,19-02-0088-43,Zacapa,1901,Público,Urbana,Mujer,1,Primaria,Ladino/Mestizo,Diario,Matutina,Retirado,No,No,19-02,1,1,2,2,5,1,1,3,2,2,19
2024,15-01-1950-43,Baja Verapaz,1501,Público,Urbana,Hombre,2,Primaria,Ladino/Mestizo,Diario,Matutina,Promovido,No,No,15-01,1,1,1,2,5,1,1,1,2,2,15
2024,02-03-0083-43,El Progreso,201,Público,Rural,Mujer,1,Primaria,Ladino/Mestizo,Diario,Matutina,Promovido,No,No,02-03,1,2,2,2,5,1,1,1,2,2,2
2024,19-10-0295-43,Zacapa,1901,Público,Rural,Hombre,6,Primaria,Ladino/Mestizo,Diario,Matutina,Promovido,No,No,19-10,1,2,1,2,5,1,1,1,2,2,19
2024,19-03-0116-43,Zacapa,1901,Público,Rural,Hombre,2,Primaria,Ladino/Mestizo,Diario,Matutina,No promovido,Sí,No,19-03,1,2,1,2,5,1,1,5,1,2,19
2024,19-01-0015-43,Zacapa,1901,Privado,Urbana,Mujer,6,Primaria,Ladino/Mestizo,Diario,Matutina,Retirado,No,No,19-01,2,1,2,2,5,1,1,3,2,2,19
2024,19-01-0734-42,Zacapa,1901,Público,Rural,Hombre,5,Preprimaria,Ladino/Mestizo,Diario,Matutina,Promovido,No,No,19-01,1,2,1,1,5,1,1,1,2,2,19
2024,19-01-0116-46,Zacapa,1901,Público,Urbana,Mujer,4,Diversificado,Ladino/Mestizo,Diario,Vespertina,Promovido,Sí,No,19-01,1,1,2,4,5,1,2,1,1,2,19
2024,19-04-0132-43,Zacapa,1901,Público,Urbana,Hombre,4,Primaria,Ladino/Mestizo,Diario,Matutina,Promovido,No,No,19-04,1,1,1,2,5,1,1,1,2,2,19
2024,02-07-0400-42,El Progreso,201,Público,Rural,Hombre,5,Preprimaria,Ladino/Mestizo,Diario,Matutina,Promovido,No,No,02-07,1,2,1,1,5,1,1,1,2,2,2
2024,02-05-0005-43,El Progreso,201,Público,Rural,Hombre,2,Primaria,Ladino/Mestizo,Diario,Matutina,Promovido,No,No,02-05,1,2,1,2,5,1,1,1,2,2,2
2024,19-01-0042-43,Zacapa,1901,Público,Rural,Hombre,2,Primaria,Ladino/Mestizo,Diario,Matutina,Promovido,No,No,19-01,1,2,1,2,5,1,1,1,2,2,19
2024,19-06-0994-42,Zacapa,1901,Público,Rural,Hombre,5,Preprimaria,Ladino/Mestizo,Diario,Matutina,Promovido,No,No,19-06,1,2,1,1,5,1,1,1,2,2,19
2024,19-01-0117-45,Zacapa,1901,Público,Urbana,Hombre,2,Básico,Ladino/Mestizo,Diario,Matutina,Promovido,No,No,19-01,1,1,1,3,5,1,1,1,2,2,19
2024,15-03-0119-43,Baja Verapaz,1501,Público,Rural,Hombre,6,Primaria,Maya,Diario,Matutina,Promovido,No,No,15-03,1,2,1,2,1,1,1,1,2,2,15
2024,19-09-0026-43,Zacapa,1901,Público,Rural,Hombre,3,Primaria,Ladino/Mestizo,Diario,Matutina,Promovido,No,No,19-09,1,2,1,2,5,1,1,1,2,2,19
2024,15-01-1849-45,Baja Verapaz,1501,Privado,Urbana,Mujer,1,Básico,Ladino/Mestizo,Diario,Matutina,Promovido,No,No,15-01,2,1,2,3,5,1,1,1,2,2,15
2024,19-04-0052-46,Zacapa,1901,Privado,Urbana,Mujer,6,Diversificado,Ladino/Mestizo,Diario,Matutina,Promovido,No,Sí,19-04,2,1,2,4,5,1,1,1,2,1,19
2024,19-08-0617-42,Zacapa,1901,Público,Rural,Hombre,0,Preprimaria,Ladino/Mestizo,Diario,Matutina,Promovido,No,No,19-08,1,2,1,1,5,1,1,1,2,2,19
2024,19-09-0261-42,Zacapa,1901,Público,Urbana,Mujer,6,Preprimaria,Ladino/Mestizo,Diario,Matutina,Promovido,No,No,19-09,1,1,2,1,5,1,1,1,2,2,19
2024,15-08-0157-43,Baja Verapaz,1501,Público,Rural,Mujer,5,Primaria,Maya,Diario,Matutina,Promovido,No,No,15-08,1,2,2,2,1,1,1,1,2,2,15
2024,02-04-0018-45,El Progreso,201,Público,Rural,Mujer,2,Básico,Ladino/Mestizo,Diario,Vespertina,Promovido,No,No,02-04,1,2,2,3,5,1,2,1,2,2,2
2024,02-01-0562-46,El Progreso,201,Privado,Urbana,Mujer,5,Diversificado,Ladino/Mestizo,Diario,Matutina,Promovido,No,Sí,02-01,2,1,2,4,5,1,1,1,2,1,2
2024,15-02-0003-42,Baja Verapaz,1501,Público,Rural,Mujer,5,Preprimaria,Maya,Diario,Matutina,Promovido,No,No,15-02,1,2,2,1,1,1,1,1,2,2,15
2024,15-01-0319-43,Baja Verapaz,1501,Público,Rural,Mujer,3,Primaria,Maya,Diario,Matutina,Promovido,No,No,15-01,1,2,2,2,1,1,1,1,2,2,15
2024,15-07-0676-43,Baja Verapaz,1501,Público,Rural,Hombre,4,Primaria,Ladino/Mestizo,Diario,Matutina,Promovido,No,No,15-07,1,2,1,2,5,1,1,1,2,2,15
2024,15-03-0046-46,Baja Verapaz,1501,Público,Urbana,Mujer,4,Diversificado,Maya,Diario,Vespertina,Promovido,No,No,15-03,1,1,2,4,1,1,2,1,2,2,15
2024,19-01-0084-45,Zacapa,1901,Público,Urbana,Mujer,1,Básico,Ladino/Mestizo,Diario,Doble,Promovido,No,No,19-01,1,1,2,3,5,1,4,1,2,2,19
2024,15-08-2185-43,Baja Verapaz,1501,Privado,Rural,Hombre,4,Primaria,Ladino/Mestizo,Diario,Matutina,Promovido,No,No,15-08,2,2,1,2,5,1,1,1,2,2,15
2024,15-08-0169-43,Baja Verapaz,1501,Público,Rural,Hombre,5,Primaria,Maya,Diario,Matutina,Promovido,No,No,15-08,1,2,1,2,1,1,1,1,2,2,15
2024,15-01-0082-43,Baja Verapaz,1501,Privado,Urbana,Hombre,5,Primaria,Ladino/Mestizo,Diario,Matutina,Promovido,Sí,No,15-01,2,1,1,2,5,1,1,1,1,2,15
2024,15-01-1341-42,Baja Verapaz,1501,Público,Rural,Hombre,5,Preprimaria,Ladino/Mestizo,Diario,Matutina,Promovido,No,No,15-01,1,2,1,1,5,1,1,1,2,2,15
2024,19-01-0665-43,Zacapa,1901,Público,Urbana,Hombre,6,Primaria,Ladino/Mestizo,Diario,Matutina,Promovido,Sí,No,19-01,1,1,1,2,5,1,1,1,1,2,19
2024,19-09-0283-43,Zacapa,1901,Público,Rural,Mujer,2,Primaria,Ladino/Mestizo,Diario,Matutina,No promovido,Sí,No,19-09,1,2,2,2,5,1,1,5,1,2,19
2024,19-01-0047-43,Zacapa,1901,Público,Rural,Hombre,3,Primaria,Ladino/Mestizo,Diario,Matutina,Promovido,No,No,19-01,1,2,1,2,5,1,1,1,2,2,19
2024,15-04-1793-43,Baja Verapaz,1501,Privado,Urbana,Hombre,5,Primaria,Ladino/Mestizo,Diario,Matutina,Promovido,No,No,15-04,2,1,1,2,5,1,1,1,2,2,15
2024,02-03-0101-45,El Progreso,201,Cooperativa,Rural,Hombre,2,Básico,Ladino/Mestizo,Diario,Vespertina,Promovido,Sí,No,02-03,4,2,1,3,5,1,2,1,1,2,2
2024,19-02-0013-43,Zacapa,1901,Público,Urbana,Hombre,3,Primaria,Ladino/Mestizo,Diario,Vespertina,Promovido,No,No,19-02,1,1,1,2,5,1,2,1,2,2,19
2024,19-05-0200-42,Zacapa,1901,Privado,Urbana,Hombre,5,Preprimaria,Ladino/Mestizo,Diario,Matutina,Promovido,No,No,19-05,2,1,1,1,5,1,1,1,2,2,19
2024,19-03-0106-43,Zacapa,1901,Público,Rural,Hombre,2,Primaria,Ladino/Mestizo,Diario,Matutina,Promovido,No,No,19-03,1,2,1,2,5,1,1,1,2,2,19
2024,02-06-0148-43,El Progreso,201,Público,Rural,Hombre,1,Primaria,Ladino/Mestizo,Diario,Matutina,Promovido,Sí,No,02-06,1,2,1,2,5,1,1,1,1,2,2
2024,19-07-0244-45,Zacapa,1901,Público,Urbana,Mujer,2,Básico,Ladino/Mestizo,Diario,Matutina,Promovido,No,No,19-07,1,1,2,3,5,1,1,1,2,2,19
2024,02-06-0015-45,El Progreso,201,Privado,Urbana,Hombre,3,Básico,Ladino/Mestizo,Diario,Vespertina,Promovido,No,No,02-06,2,1,1,3,5,1,2,1,2,2,2
2024,19-03-0598-42,Zacapa,1901,Público,Rural,Mujer,5,Preprimaria,Ladino/Mestizo,Diario,Matutina,Retirado,No,No,19-03,1,2,2,1,5,1,1,3,2,2,19
2024,19-04-0044-45,Zacapa,1901,Público,Rural,Mujer,1,Básico,Ladino/Mestizo,Diario,Vespertina,Promovido,No,No,19-04,1,2,2,3,5,1,2,1,2,2,19
2024,15-04-0091-45,Baja Verapaz,1501,Público,Rural,Hombre,1,Básico,Maya,Diario,Vespertina,Promovido,No,No,15-04,1,2,1,3,1,1,2,1,2,2,15
2024,02-01-0704-46,El Progreso,201,Público,Urbana,Mujer,5,Diversificado,Ladino/Mestizo,Diario,Doble,Promovido,No,No,02-01,1,1,2,4,5,1,4,1,2,2,2
2024,19-09-0292-45,Zacapa,1901,Público,Urbana,Mujer,2,Básico,Ladino/Mestizo,Diario,Matutina,Promovido,Sí,No,19-09,1,1,2,3,5,1,1,1,1,2,19
2024,15-04-0201-45,Baja Verapaz,1501,Público,Rural,Hombre,2,Básico,Ladino/Mestizo,Diario,Vespertina,Promovido,No,No,15-04,1,2,1,3,5,1,2,1,2,2,15
2024,02-08-0209-43,El Progreso,201,Público,Rural,Hombre,3,Primaria,Ladino/Mestizo,Diario,Matutina,Promovido,Sí,No,02-08,1,2,1,2,5,1,1,1,1,2,2
2024,15-02-0342-43,Baja Verapaz,1501,Público,Rural,Mujer,2,Primaria,Ladino/Mestizo,Diario,Matutina,Promovido,No,No,15-02,1,2,2,2,5,1,1,1,2,2,15
2024,02-07-0633-42,El Progreso,201,Público,Urbana,Hombre,4,Preprimaria,Ladino/Mestizo,Diario,Vespertina,Retirado,No,No,02-07,1,1,1,1,5,1,2,3,2,2,2
2024,15-01-0037-43,Baja Verapaz,1501,Público,Rural,Mujer,2,Primaria,Maya,Diario,Matutina,Promovido,No,No,15-01,1,2,2,2,1,1,1,1,2,2,15
2024,15-07-1702-42,Baja Verapaz,1501,Público,Rural,Hombre,5,Preprimaria,Ladino/Mestizo,Diario,Matutina,Promovido,No,No,15-07,1,2,1,1,5,1,1,1,2,2,15
2024,15-04-0136-43,Baja Verapaz,1501,Público,Urbana,Hombre,3,Primaria,Ladino/Mestizo,Diario,Matutina,Promovido,No,No,15-04,1,1,1,2,5,1,1,1,2,2,15
2024,19-05-0213-45,Zacapa,1901,Público,Urbana,Hombre,1,Básico,Ladino/Mestizo,Diario,Matutina,Retirado,No,No,19-05,1,1,1,3,5,1,1,3,2,2,19
2024,15-08-0237-42,Baja Verapaz,1501,Público,Rural,Hombre,5,Preprimaria,Maya,Diario,Matutina,Promovido,No,No,15-08,1,2,1,1,1,1,1,1,2,2,15
2024,02-08-0801-42,El Progreso,201,Público,Rural,Mujer,5,Preprimaria,Ladino/Mestizo,Diario,Matutina,Promovido,No,No,02-08,1,2,2,1,5,1,1,1,2,2,2
2024,02-05-0114-43,El Progreso,201,Público,Urbana,Mujer,2,Primaria,Ladino/Mestizo,Diario,Matutina,Promovido,No,No,02-05,1,1,2,2,5,1,1,1,2,2,2
2024,02-07-0161-43,El Progreso,201,Público,Urbana,Mujer,1,Primaria,Ladino/Mestizo,Diario,Matutina,Promovido,No,No,02-07,1,1,2,2,5,1,1,1,2,2,2
2024,02-05-0114-43,El Progreso,201,Público,Urbana,Mujer,4,Primaria,Ladino/Mestizo,Diario,Matutina,Promovido,No,No,02-05,1,1,2,2,5,1,1,1,2,2,2
2024,15-04-0146-43,Baja Verapaz,1501,Público,Rural,Mujer,6,Primaria,Maya,Diario,Matutina,Promovido,No,No,15-04,1,2,2,2,1,1,1,1,2,2,15
2024,15-01-0050-46,Baja Verapaz,1501,Público,Urbana,Mujer,5,Diversificado,Ladino/Mestizo,Diario,Matutina,Promovido,No,Sí,15-01,1,1,2,4,5,1,1,1,2,1,15
2024,15-01-0339-43,Baja Verapaz,1501,Público,Rural,Hombre,3,Primaria,Ladino/Mestizo,Diario,Matutina,Promovido,No,No,15-01,1,2,1,2,5,1,1,1,2,2,15
2024,02-01-0798-45,El Progreso,201,Privado,Urbana,Mujer,1,Básico,Ladino/Mestizo,Diario,Matutina,Promovido,No,No,02-01,2,1,2,3,5,1,1,1,2,2,2
2024,19-07-0234-43,Zacapa,1901,Público,Rural,Hombre,1,Primaria,Ladino/Mestizo,Diario,Matutina,Promovido,Sí,No,19-07,1,2,1,2,5,1,1,1,1,2,19
2024,15-02-0069-42,Baja Verapaz,1501,Público,Rural,Hombre,4,Preprimaria,Maya,Diario,Matutina,Promovido,No,No,15-02,1,2,1,1,1,1,1,1,2,2,15
2024,15-01-0111-46,Baja Verapaz,1501,Privado,Urbana,Hombre,5,Diversificado,Ladino/Mestizo,Diario,Doble,Promovido,Sí,Ignorado,15-01,2,1,1,4,5,1,4,1,1,9,15
2024,15-04-0148-43,Baja Verapaz,1501,Público,Rural,Mujer,4,Primaria,Maya,Diario,Matutina,Promovido,No,No,15-04,1,2,2,2,1,1,1,1,2,2,15
2024,15-03-2151-43,Baja Verapaz,1501,Público,Rural,Mujer,6,Primaria,Maya,Diario,Matutina,Promovido,No,No,15-03,1,2,2,2,1,1,1,1,2,2,15
2024,15-01-0112-46,Baja Verapaz,1501,Privado,Urbana,Hombre,4,Diversificado,Ladino/Mestizo,Diario,Matutina,Promovido,Sí,No,15-01,2,1,1,4,5,1,1,1,1,2,15
2024,19-10-0602-42,Zacapa,1901,Público,Rural,Hombre,6,Preprimaria,Ladino/Mestizo,Diario,Matutina,Promovido,No,No,19-10,1,2,1,1,5,1,1,1,2,2,19
2024,15-03-0122-43,Baja Verapaz,1501,Público,Rural,Mujer,1,Primaria,Maya,Diario,Matutina,Promovido,No,No,15-03,1,2,2,2,1,1,1,1,2,2,15
2024,02-03-0060-43,El Progreso,201,Público,Urbana,Mujer,2,Primaria,Ladino/Mestizo,Diario,Matutina,Promovido,No,No,02-03,1,1,2,2,5,1,1,1,2,2,2
2024,19-02-0912-43,Zacapa,1901,Público,Urbana,Mujer,2,Primaria,Ladino/Mestizo,Diario,Matutina,Promovido,No,No,19-02,1,1,2,2,5,1,1,1,2,2,19
2024,15-01-0064-43,Baja Verapaz,1501,Público,Rural,Hombre,2,Primaria,Ladino/Mestizo,Diario,Matutina,Promovido,No,No,15-01,1,2,1,2,5,1,1,1,2,2,15
2024,15-01-0009-43,Baja Verapaz,1501,Privado,Urbana,Hombre,6,Primaria,Ladino/Mestizo,Diario,Matutina,Promovido,No,No,15-01,2,1,1,2,5,1,1,1,2,2,15
2024,02-02-0259-43,El Progreso,201,Público,Rural,Hombre,1,Primaria,Ladino/Mestizo,Diario,Matutina,No promovido,Sí,No,02-02,1,2,1,2,5,1,1,5,1,2,2
2024,02-07-0513-43,El Progreso,201,Público,Rural,Hombre,3,Primaria,Ladino/Mestizo,Diario,Vespertina,Retirado,No,No,02-07,1,2,1,2,5,1,2,3,2,2,2
2024,15-01-1950-43,Baja Verapaz,1501,Público,Urbana,Hombre,3,Primaria,Ladino/Mestizo,Diario,Matutina,Promovido,No,No,15-01,1,1,1,2,5,1,1,1,2,2,15
2024,02-01-0702-43,El Progreso,201,Público,Rural,Mujer,6,Primaria,Ladino/Mestizo,Diario,Matutina,Promovido,No,No,02-01,1,2,2,2,5,1,1,1,2,2,2
2024,19-01-0029-45,Zacapa,1901,Público,Rural,Mujer,2,Básico,Ladino/Mestizo,Diario,Matutina,Promovido,No,No,19-01,1,2,2,3,5,1,1,1,2,2,19
2024,19-05-0206-43,Zacapa,1901,Público,Rural,Mujer,1,Primaria,Ladino/Mestizo,Diario,Matutina,No promovido,No,No,19-05,1,2,2,2,5,1,1,5,2,2,19
2024,15-01-1848-43,Baja Verapaz,1501,Privado,Urbana,Mujer,2,Primaria,Ladino/Mestizo,Diario,Matutina,Promovido,No,No,15-01,2,1,2,2,5,1,1,1,2,2,15
2024,15-01-0123-45,Baja Verapaz,1501,Público,Rural,Hombre,2,Básico,Ladino/Mestizo,Diario,Matutina,Promovido,No,No,15-01,1,2,1,3,5,1,1,1,2,2,15
2024,19-05-0892-42,Zacapa,1901,Público,Rural,Mujer,6,Preprimaria,Ladino/Mestizo,Diario,Matutina,Promovido,No,No,19-05,1,2,2,1,5,1,1,1,2,2,19
2024,19-04-0146-43,Zacapa,1901,Público,Rural,Mujer,4,Primaria,Ladino/Mestizo,Diario,Matutina,Retirado,No,No,19-04,1,2,2,2,5,1,1,3,2,2,19
2024,02-08-0209-43,El Progreso,201,Público,Rural,Mujer,5,Primaria,Ladino/Mestizo,Diario,Matutina,No promovido,No,No,02-08,1,2,2,2,5,1,1,5,2,2,2
2024,19-01-0001-42,Zacapa,1901,Público,Urbana,Hombre,6,Preprimaria,Ladino/Mestizo,Diario,Matutina,Promovido,No,No,19-01,1,1,1,1,5,1,1,1,2,2,19
2024,15-01-0112-46,Baja Verapaz,1501,Privado,Urbana,Mujer,4,Diversificado,Maya,Diario,Matutina,Promovido,No,No,15-01,2,1,2,4,1,1,1,1,2,2,15
2024,02-07-0163-43,El Progreso,201,Público,Rural,Hombre,5,Primaria,Ladino/Mestizo,Diario,Matutina,Promovido,No,No,02-07,1,2,1,2,5,1,1,1,2,2,2
2024,19-01-0734-42,Zacapa,1901,Público,Rural,Hombre,1,Preprimaria,Ladino/Mestizo,Diario,Matutina,Promovido,No,No,19-01,1,2,1,1,5,1,1,1,2,2,19
2024,19-04-0035-42,Zacapa,1901,Público,Rural,Mujer,6,Preprimaria,Ladino/Mestizo,Diario,Matutina,Promovido,No,No,19-04,1,2,2,1,5,1,1,1,2,2,19
2024,02-07-0509-43,El Progreso,201,Público,Urbana,Hombre,1,Primaria,Ladino/Mestizo,Diario,Vespertina,Promovido,No,No,02-07,1,1,1,2,5,1,2,1,2,2,2
2024,02-08-0636-45,El Progreso,201,Cooperativa,Rural,Hombre,2,Básico,Ladino/Mestizo,Diario,Vespertina,Promovido,No,No,02-08,4,2,1,3,5,1,2,1,2,2,2
2024,02-07-0201-45,El Progreso,201,Cooperativa,Rural,Hombre,2,Básico,Ladino/Mestizo,Diario,Vespertina,Promovido,No,No,02-07,4,2,1,3,5,1,2,1,2,2,2
2024,15-04-0184-43,Baja Verapaz,1501,Público,Rural,Hombre,1,Primaria,Maya,Diario,Matutina,Promovido,No,No,15-04,1,2,1,2,1,1,1,1,2,2,15
2024,15-04-0169-43,Baja Verapaz,1501,Público,Rural,Mujer,1,Primaria,Maya,Diario,Matutina,Promovido,Sí,No,15-04,1,2,2,2,1,1,1,1,1,2,15
2024,19-04-0061-42,Zacapa,1901,Privado,Urbana,Hombre,5,Preprimaria,Ladino/Mestizo,Diario,Vespertina,Promovido,No,No,19-04,2,1,1,1,5,1,2,1,2,2,19
2024,19-10-0301-43,Zacapa,1901,Público,Rural,Hombre,6,Primaria,Ladino/Mestizo,Diario,Matutina,Promovido,No,No,19-10,1,2,1,2,5,1,1,1,2,2,19
2024,19-01-0191-45,Zacapa,1901,Privado,Urbana,Hombre,3,Básico,Ladino/Mestizo,Fin de semana,Doble,Promovido,Sí,No,19-01,2,1,1,3,5,2,4,1,1,2,19
2024,15-03-0100-43,Baja Verapaz,1501,Público,Urbana,Hombre,1,Primaria,Maya,Diario,Matutina,Promovido,No,No,15-03,1,1,1,2,1,1,1,1,2,2,15
2024,15-02-0042-41,Baja Verapaz,1501,Público,Rural,Mujer,4,Preprimaria,Maya,Diario,Matutina,Promovido,No,No,15-02,1,2,2,1,1,1,1,1,2,2,15
2024,15-04-0327-43,Baja Verapaz,1501,Público,Rural,Mujer,1,Primaria,Maya,Diario,Matutina,Promovido,Sí,No,15-04,1,2,2,2,1,1,1,1,1,2,15
2024,02-06-0549-45,El Progreso,201,Público,Rural,Hombre,2,Básico,Ladino/Mestizo,Diario,Vespertina,Promovido,No,No,02-06,1,2,1,3,5,1,2,1,2,2,2
2024,02-08-0601-45,El Progreso,201,Público,Rural,Mujer,3,Básico,Ladino/Mestizo,Diario,Matutina,Promovido,No,No,02-08,1,2,2,3,5,1,1,1,2,2,2
2024,19-05-0207-43,Zacapa,1901,Público,Rural,Hombre,6,Primaria,Ladino/Mestizo,Diario,Matutina,Promovido,No,No,19-05,1,2,1,2,5,1,1,1,2,2,19
2024,15-08-0065-43,Baja Verapaz,1501,Público,Rural,Mujer,4,Primaria,Maya,Diario,Matutina,No promovido,Sí,No,15-08,1,2,2,2,1,1,1,5,1,2,15
2024,19-11-0005-42,Zacapa,1901,Público,Rural,Hombre,2,Preprimaria,Ladino/Mestizo,Diario,Matutina,Promovido,No,No,19-11,1,2,1,1,5,1,1,1,2,2,19
2024,19-10-0294-43,Zacapa,1901,Público,Urbana,Mujer,6,Primaria,Ladino/Mestizo,Diario,Matutina,Promovido,No,No,19-10,1,1,2,2,5,1,1,1,2,2,19
2024,15-08-0051-43,Baja Verapaz,1501,Público,Rural,Mujer,1,Primaria,Maya,Diario,Matutina,No promovido,No,No,15-08,1,2,2,2,1,1,1,5,2,2,15
2024,15-01-0051-46,Baja Verapaz,1501,Privado,Urbana,Mujer,5,Diversificado,Ladino/Mestizo,Diario,Vespertina,Promovido,No,Sí,15-01,2,1,2,4,5,1,2,1,2,1,15
2024,15-01-0048-45,Baja Verapaz,1501,Público,Urbana,Mujer,1,Básico,Ladino/Mestizo,Diario,Matutina,Promovido,No,No,15-01,1,1,2,3,5,1,1,1,2,2,15
2024,19-01-1017-42,Zacapa,1901,Público,Urbana,Mujer,2,Preprimaria,Ladino/Mestizo,Diario,Doble,Promovido,No,No,19-01,1,1,2,1,5,1,4,1,2,2,19
2024,19-03-1058-45,Zacapa,1901,Público,Urbana,Mujer,3,Básico,Ladino/Mestizo,Diario,Matutina,Promovido,No,No,19-03,1,1,2,3,5,1,1,1,2,2,19
2024,19-04-0044-45,Zacapa,1901,Público,Rural,Hombre,2,Básico,Ladino/Mestizo,Diario,Vespertina,Promovido,No,No,19-04,1,2,1,3,5,1,2,1,2,2,19
2024,02-08-0205-43,El Progreso,201,Público,Urbana,Hombre,2,Primaria,Ladino/Mestizo,Diario,Matutina,Promovido,No,No,02-08,1,1,1,2,5,1,1,1,2,2,2
2024,15-01-0330-41,Baja Verapaz,1501,Público,Rural,Mujer,5,Preprimaria,Maya,Diario,Matutina,Promovido,No,No,15-01,1,2,2,1,1,1,1,1,2,2,15
2024,19-05-0213-45,Zacapa,1901,Público,Urbana,Hombre,1,Básico,Ladino/Mestizo,Diario,Matutina,Promovido,No,No,19-05,1,1,1,3,5,1,1,1,2,2,19
2024,19-07-0234-43,Zacapa,1901,Público,Rural,Mujer,1,Primaria,Ladino/Mestizo,Diario,Matutina,No promovido,No,No,19-07,1,2,2,2,5,1,1,5,2,2,19
2024,19-01-0023-42,Zacapa,1901,Público,Rural,Mujer,6,Preprimaria,Ladino/Mestizo,Diario,Matutina,Promovido,No,No,19-01,1,2,2,1,5,1,1,1,2,2,19
2024,15-04-1215-43,Baja Verapaz,1501,Público,Rural,Hombre,3,Primaria,Maya,Diario,Matutina,Promovido,Sí,No,15-04,1,2,1,2,1,1,1,1,1,2,15
2024,15-02-0050-45,Baja Verapaz,1501,Público,Urbana,Hombre,3,Básico,Maya,Diario,Matutina,Promovido,No,No,15-02,1,1,1,3,1,1,1,1,2,2,15
2024,19-04-0033-42,Zacapa,1901,Público,Rural,Hombre,5,Preprimaria,Ladino/Mestizo,Diario,Matutina,Promovido,No,No,19-04,1,2,1,1,5,1,1,1,2,2,19
2024,02-08-0222-43,El Progreso,201,Público,Rural,Hombre,5,Primaria,Ladino/Mestizo,Diario,Matutina,Promovido,No,No,02-08,1,2,1,2,5,1,1,1,2,2,2
2024,19-04-0057-42,Zacapa,1901,Municipal,Urbana,Mujer,6,Preprimaria,Ladino/Mestizo,Diario,Doble,Retirado,No,No,19-04,3,1,2,1,5,1,4,3,2,2,19
2024,19-05-0204-43,Zacapa,1901,Público,Rural,Hombre,4,Primaria,Ladino/Mestizo,Diario,Matutina,Promovido,No,No,19-05,1,2,1,2,5,1,1,1,2,2,19
2024,02-02-0041-43,El Progreso,201,Público,Rural,Mujer,4,Primaria,Ladino/Mestizo,Diario,Matutina,Promovido,No,No,02-02,1,2,2,2,5,1,1,1,2,2,2
2024,02-03-0117-46,El Progreso,201,Privado,Urbana,Hombre,4,Diversificado,Ladino/Mestizo,Diario,Vespertina,Promovido,No,No,02-03,2,1,1,4,5,1,2,1,2,2,2
2024,15-08-0041-43,Baja Verapaz,1501,Público,Rural,Mujer,1,Primaria,Maya,Diario,Matutina,Promovido,No,No,15-08,1,2,2,2,1,1,1,1,2,2,15
2024,19-01-0924-43,Zacapa,1901,Público,Rural,Hombre,1,Primaria,Ladino/Mestizo,Diario,Matutina,Promovido,No,No,19-01,1,2,1,2,5,1,1,1,2,2,19
2024,15-03-0044-45,Baja Verapaz,1501,Público,Rural,Mujer,3,Básico,Maya,Diario,Vespertina,Promovido,No,No,15-03,1,2,2,3,1,1,2,1,2,2,15
2024,15-08-1263-42,Baja Verapaz,1501,Público,Rural,Mujer,5,Preprimaria,Maya,Diario,Vespertina,Promovido,No,No,15-08,1,2,2,1,1,1,2,1,2,2,15
2024,02-07-0164-43,El Progreso,201,Público,Rural,Hombre,4,Primaria,Ladino/Mestizo,Diario,Matutina,Promovido,No,No,02-07,1,2,1,2,5,1,1,1,2,2,2
2024,19-01-0011-43,Zacapa,1901,Público,Urbana,Mujer,4,Primaria,Ladino/Mestizo,Diario,Matutina,Promovido,No,No,19-01,1,1,2,2,5,1,1,1,2,2,19
2024,15-01-1195-42,Baja Verapaz,1501,Público,Rural,Hombre,5,Preprimaria,Ladino/Mestizo,Diario,Matutina,Promovido,No,No,15-01,1,2,1,1,5,1,1,1,2,2,15
2024,02-03-0778-43,El Progreso,201,Público,Rural,Mujer,2,Primaria,Ladino/Mestizo,Diario,Matutina,Promovido,No,No,02-03,1,2,2,2,5,1,1,1,2,2,2
2024,15-08-0692-43,Baja Verapaz,1501,Público,Rural,Hombre,2,Primaria,Maya,Diario,Matutina,Promovido,No,No,15-08,1,2,1,2,1,1,1,1,2,2,15
2024,15-08-0208-45,Baja Verapaz,1501,Público,Urbana,Hombre,2,Básico,Maya,Diario,Matutina,Promovido,No,No,15-08,1,1,1,3,1,1,1,1,2,2,15
2024,19-05-0199-42,Zacapa,1901,Público,Urbana,Mujer,6,Preprimaria,Ladino/Mestizo,Diario,Matutina,Promovido,No,No,19-05,1,1,2,1,5,1,1,1,2,2,19
2024,15-06-1943-45,Baja Verapaz,1501,Público,Rural,Hombre,3,Básico,Ladino/Mestizo,Diario,Vespertina,Promovido,No,No,15-06,1,2,1,3,5,1,2,1,2,2,15
2024,02-08-0208-42,El Progreso,201,Público,Rural,Hombre,6,Preprimaria,Ladino/Mestizo,Diario,Matutina,Promovido,No,No,02-08,1,2,1,1,5,1,1,1,2,2,2
2024,15-01-0123-45,Baja Verapaz,1501,Público,Rural,Hombre,2,Básico,Ladino/Mestizo,Diario,Matutina,Promovido,No,No,15-01,1,2,1,3,5,1,1,1,2,2,15
2024,19-04-0365-42,Zacapa,1901,Público,Rural,Mujer,5,Preprimaria,Ladino/Mestizo,Diario,Matutina,Promovido,No,No,19-04,1,2,2,1,5,1,1,1,2,2,19
2024,15-06-1206-42,Baja Verapaz,1501,Público,Rural,Hombre,6,Preprimaria,Ladino/Mestizo,Diario,Matutina,Promovido,No,No,15-06,1,2,1,1,5,1,1,1,2,2,15
2024,19-04-0154-43,Zacapa,1901,Público,Rural,Hombre,6,Primaria,Ladino/Mestizo,Diario,Matutina,Promovido,No,No,19-04,1,2,1,2,5,1,1,1,2,2,19
2024,15-04-0095-45,Baja Verapaz,1501,Público,Rural,Mujer,3,Básico,Maya,Diario,Vespertina,Promovido,No,No,15-04,1,2,2,3,1,1,2,1,2,2,15
2024,19-07-0244-45,Zacapa,1901,Público,Urbana,Mujer,3,Básico,Extranjero,Diario,Matutina,Promovido,No,No,19-07,1,1,2,3,6,1,1,1,2,2,19
2024,15-04-0159-43,Baja Verapaz,1501,Público,Rural,Hombre,1,Primaria,Maya,Diario,Matutina,No promovido,Sí,No,15-04,1,2,1,2,1,1,1,5,1,2,15
2024,15-01-0049-45,Baja Verapaz,1501,Cooperativa,Urbana,Mujer,2,Básico,Ladino/Mestizo,Diario,Nocturna,Promovido,No,No,15-01,4,1,2,3,5,1,3,1,2,2,15
2024,02-07-0678-46,El Progreso,201,Privado,Urbana,Mujer,5,Diversificado,Ladino/Mestizo,Diario,Vespertina,Promovido,No,No,02-07,2,1,2,4,5,1,2,1,2,2,2
2024,02-02-0390-42,El Progreso,201,Público,Rural,Hombre,4,Preprimaria,Ladino/Mestizo,Diario,Matutina,Promovido,No,No,02-02,1,2,1,1,5,1,1,1,2,2,2
2024,02-03-0070-43,El Progreso,201,Público,Rural,Hombre,6,Primaria,Ladino/Mestizo,Diario,Matutina,No promovido,No,No,02-03,1,2,1,2,5,1,1,5,2,2,2
2024,15-02-0030-42,Baja Verapaz,1501,Público,Rural,Hombre,3,Preprimaria,Maya,Diario,Matutina,Promovido,No,No,15-02,1,2,1,1,1,1,1,1,2,2,15
2024,15-05-0036-43,Baja Verapaz,1501,Público,Rural,Hombre,6,Primaria,Ladino/Mestizo,Diario,Matutina,Promovido,No,No,15-05,1,2,1,2,5,1,1,1,2,2,15
2024,15-08-0147-45,Baja Verapaz,1501,Público,Rural,Hombre,1,Básico,Maya,Diario,Vespertina,Promovido,No,No,15-08,1,2,1,3,1,1,2,1,2,2,15
2024,02-01-0227-42,El Progreso,201,Público,Rural,Hombre,6,Preprimaria,Ladino/Mestizo,Diario,Matutina,Promovido,No,No,02-01,1,2,1,1,5,1,1,1,2,2,2
2024,02-03-0583-43,El Progreso,201,Público,Rural,Mujer,5,Primaria,Ladino/Mestizo,Diario,Vespertina,Promovido,No,No,02-03,1,2,2,2,5,1,2,1,2,2,2
2024,19-01-0023-43,Zacapa,1901,Público,Rural,Mujer,4,Primaria,Ladino/Mestizo,Diario,Matutina,Promovido,No,No,19-01,1,2,2,2,5,1,1,1,2,2,19
2024,19-06-0216-43,Zacapa,1901,Público,Urbana,Mujer,2,Primaria,Ladino/Mestizo,Diario,Matutina,Promovido,No,No,19-06,1,1,2,2,5,1,1,1,2,2,19
2024,02-07-0682-43,El Progreso,201,Privado,Urbana,Mujer,4,Primaria,Ladino/Mestizo,Diario,Matutina,Promovido,No,No,02-07,2,1,2,2,5,1,1,1,2,2,2
2024,02-02-0029-42,El Progreso,201,Público,Urbana,Hombre,5,Preprimaria,Ladino/Mestizo,Diario,Matutina,Promovido,No,No,02-02,1,1,1,1,5,1,1,1,2,2,2
2024,02-08-0205-43,El Progreso,201,Público,Urbana,Hombre,3,Primaria,Ladino/Mestizo,Diario,Matutina,Promovido,No,No,02-08,1,1,1,2,5,1,1,1,2,2,2
2024,19-04-1172-42,Zacapa,1901,Público,Rural,Mujer,4,Preprimaria,Ladino/Mestizo,Diario,Matutina,Promovido,No,No,19-04,1,2,2,1,5,1,1,1,2,2,19
2024,19-01-1138-43,Zacapa,1901,Público,Rural,Hombre,2,Primaria,Ladino/Mestizo,Diario,Matutina,No promovido,Sí,No,19-01,1,2,1,2,5,1,1,5,1,2,19
2024,19-01-0168-43,Zacapa,1901,Privado,Urbana,Hombre,5,Primaria,Ladino/Mestizo,Diario,Matutina,Promovido,No,No,19-01,2,1,1,2,5,1,1,1,2,2,19
2024,02-03-0091-43,El Progreso,201,Público,Rural,Hombre,4,Primaria,Ladino/Mestizo,Diario,Matutina,Promovido,No,No,02-03,1,2,1,2,5,1,1,1,2,2,2
2024,19-04-0067-45,Zacapa,1901,Privado,Urbana,Mujer,2,Básico,Ladino/Mestizo,Diario,Vespertina,Promovido,No,No,19-04,2,1,2,3,5,1,2,1,2,2,19
2024,02-06-0148-43,El Progreso,201,Público,Rural,Mujer,5,Primaria,Ladino/Mestizo,Diario,Matutina,Promovido,No,No,02-06,1,2,2,2,5,1,1,1,2,2,2
2024,15-04-0216-45,Baja Verapaz,1501,Público,Rural,Hombre,1,Básico,Maya,Diario,Matutina,No promovido,Sí,No,15-04,1,2,1,3,1,1,1,5,1,2,15
2024,02-04-0675-43,El Progreso,201,Público,Rural,Mujer,6,Primaria,Ladino/Mestizo,Diario,Matutina,Promovido,Sí,No,02-04,1,2,2,2,5,1,1,1,1,2,2
2024,19-04-0020-43,Zacapa,1901,Público,Rural,Mujer,1,Primaria,Ladino/Mestizo,Diario,Matutina,Promovido,Sí,No,19-04,1,2,2,2,5,1,1,1,1,2,19
2024,19-01-0352-46,Zacapa,1901,Público,Urbana,Mujer,4,Diversificado,Ladino/Mestizo,Diario,Matutina,Promovido,No,No,19-01,1,1,2,4,5,1,1,1,2,2,19
2024,02-03-0056-42,El Progreso,201,Público,Rural,Mujer,4,Preprimaria,Ladino/Mestizo,Diario,Matutina,Promovido,No,No,02-03,1,2,2,1,5,1,1,1,2,2,2
2024,19-04-0187-43,Zacapa,1901,Privado,Rural,Hombre,3,Primaria,Ladino/Mestizo,Diario,Matutina,Promovido,No,No,19-04,2,2,1,2,5,1,1,1,2,2,19
2024,15-08-1251-43,Baja Verapaz,1501,Público,Rural,Mujer,1,Primaria,Maya,Diario,Matutina,Retirado,No,No,15-08,1,2,2,2,1,1,1,3,2,2,15
2024,02-03-0151-45,El Progreso,201,Privado,Rural,Mujer,2,Básico,Ladino/Mestizo,Semipresencial,Ignorado,Promovido,No,No,02-03,2,2,2,3,5,4,9,1,2,2,2
2024,02-07-0713-42,El Progreso,201,Público,Rural,Hombre,1,Preprimaria,Ladino/Mestizo,Diario,Matutina,Retirado,No,No,02-07,1,2,1,1,5,1,1,3,2,2,2
2024,02-03-0085-43,El Progreso,201,Público,Rural,Hombre,5,Primaria,Ladino/Mestizo,Diario,Matutina,Promovido,No,No,02-03,1,2,1,2,5,1,1,1,2,2,2
2024,19-01-1032-42,Zacapa,1901,Público,Rural,Hombre,5,Preprimaria,Ladino/Mestizo,Diario,Matutina,Retirado,No,No,19-01,1,2,1,1,5,1,1,3,2,2,19
2024,15-08-0189-45,Baja Verapaz,1501,Privado,Rural,Mujer,1,Básico,Maya,Diario,Vespertina,Promovido,No,No,15-08,2,2,2,3,1,1,2,1,2,2,15
2024,19-11-0019-45,Zacapa,1901,Cooperativa,Urbana,Hombre,2,Básico,Ladino/Mestizo,Diario,Vespertina,Promovido,No,No,19-11,4,1,1,3,5,1,2,1,2,2,19
2024,19-11-0022-45,Zacapa,1901,Público,Rural,Hombre,2,Básico,Ladino/Mestizo,Diario,Vespertina,Promovido,No,No,19-11,1,2,1,3,5,1,2,1,2,2,19
2024,15-01-0154-46,Baja Verapaz,1501,Privado,Urbana,Mujer,6,Diversificado,Ladino/Mestizo,Diario,Vespertina,Promovido,No,Sí,15-01,2,1,2,4,5,1,2,1,2,1,15
2024,02-01-0001-42,El Progreso,201,Público,Urbana,Hombre,5,Preprimaria,Ladino/Mestizo,Diario,Matutina,Promovido,No,No,02-01,1,1,1,1,5,1,1,1,2,2,2
2024,02-03-0392-42,El Progreso,201,Público,Rural,Mujer,5,Preprimaria,Ladino/Mestizo,Diario,Matutina,Promovido,No,No,02-03,1,2,2,1,5,1,1,1,2,2,2
2024,19-01-0013-43,Zacapa,1901,Público,Urbana,Mujer,6,Primaria,Ladino/Mestizo,Diario,Matutina,Promovido,No,No,19-01,1,1,2,2,5,1,1,1,2,2,19
2024,19-08-1215-42,Zacapa,1901,Público,Rural,Hombre,5,Preprimaria,Ladino/Mestizo,Diario,Matutina,Promovido,No,No,19-08,1,2,1,1,5,1,1,1,2,2,19
2024,19-03-0013-42,Zacapa,1901,Público,Rural,Hombre,5,Preprimaria,Ladino/Mestizo,Diario,Doble,Promovido,No,No,19-03,1,2,1,1,5,1,4,1,2,2,19
2024,02-07-0199-45,El Progreso,201,Privado,Urbana,Mujer,2,Básico,Ladino/Mestizo,Diario,Matutina,Promovido,No,No,02-07,2,1,2,3,5,1,1,1,2,2,2
2024,19-04-0348-45,Zacapa,1901,Privado,Urbana,Mujer,3,Básico,Ladino/Mestizo,Diario,Matutina,Promovido,No,No,19-04,2,1,2,3,5,1,1,1,2,2,19
2024,19-01-0353-43,Zacapa,1901,Público,Urbana,Hombre,3,Primaria,Ladino/Mestizo,Diario,Vespertina,Promovido,Sí,No,19-01,1,1,1,2,5,1,2,1,1,2,19
2024,19-07-0229-43,Zacapa,1901,Público,Rural,Mujer,6,Primaria,Ladino/Mestizo,Diario,Matutina,Promovido,No,No,19-07,1,2,2,2,5,1,1,1,2,2,19
2024,02-03-0671-43,El Progreso,201,Público,Rural,Hombre,1,Primaria,Ladino/Mestizo,Diario,Matutina,Retirado,Sí,No,02-03,1,2,1,2,5,1,1,3,1,2,2
2024,15-04-1733-43,Baja Verapaz,1501,Público,Rural,Hombre,6,Primaria,Maya,Diario,Matutina,Promovido,No,No,15-04,1,2,1,2,1,1,1,1,2,2,15
2024,19-04-0008-43,Zacapa,1901,Público,Rural,Hombre,4,Primaria,Ladino/Mestizo,Diario,Matutina,Promovido,Sí,No,19-04,1,2,1,2,5,1,1,1,1,2,19
2024,15-04-0325-43,Baja Verapaz,1501,Público,Rural,Hombre,2,Primaria,Ladino/Mestizo,Diario,Matutina,Promovido,No,No,15-04,1,2,1,2,5,1,1,1,2,2,15
2024,19-07-0244-45,Zacapa,1901,Público,Urbana,Hombre,1,Básico,Ladino/Mestizo,Diario,Matutina,Promovido,No,No,19-07,1,1,1,3,5,1,1,1,2,2,19
2024,19-01-0008-43,Zacapa,1901,Público,Urbana,Mujer,5,Primaria,Ladino/Mestizo,Diario,Matutina,Promovido,No,No,19-01,1,1,2,2,5,1,1,1,2,2,19
2024,15-02-0059-46,Baja Verapaz,1501,Privado,Urbana,Mujer,4,Diversificado,Maya,Diario,Vespertina,Promovido,No,No,15-02,2,1,2,4,1,1,2,1,2,2,15
2024,15-07-0045-46,Baja Verapaz,1501,Privado,Rural,Hombre,4,Diversificado,Ladino/Mestizo,Diario,Doble,Promovido,No,No,15-07,2,2,1,4,5,1,4,1,2,2,15
2024,02-07-0239-46,El Progreso,201,Privado,Urbana,Hombre,4,Diversificado,Ladino/Mestizo,Fin de semana,Doble,Promovido,No,No,02-07,2,1,1,4,5,2,4,1,2,2,2
2024,15-08-0199-43,Baja Verapaz,1501,Público,Rural,Hombre,4,Primaria,Maya,Diario,Matutina,Promovido,No,No,15-08,1,2,1,2,1,1,1,1,2,2,15
2024,02-03-0060-43,El Progreso,201,Público,Urbana,Hombre,6,Primaria,Ladino/Mestizo,Diario,Matutina,No promovido,No,Ignorado,02-03,1,1,1,2,5,1,1,5,2,9,2
2024,15-04-0138-43,Baja Verapaz,1501,Público,Rural,Mujer,2,Primaria,Ladino/Mestizo,Diario,Matutina,Promovido,No,No,15-04,1,2,2,2,5,1,1,1,2,2,15
2024,15-02-0070-43,Baja Verapaz,1501,Público,Urbana,Hombre,4,Primaria,Maya,Diario,Matutina,Promovido,No,No,15-02,1,1,1,2,1,1,1,1,2,2,15
2024,15-01-0318-43,Baja Verapaz,1501,Público,Rural,Mujer,1,Primaria,Ladino/Mestizo,Diario,Matutina,Promovido,No,No,15-01,1,2,2,2,5,1,1,1,2,2,15
2024,19-03-0116-43,Zacapa,1901,Público,Rural,Mujer,6,Primaria,Ladino/Mestizo,Diario,Matutina,Promovido,No,No,19-03,1,2,2,2,5,1,1,1,2,2,19
2024,19-01-1082-42,Zacapa,1901,Privado,Urbana,Mujer,6,Preprimaria,Ladino/Mestizo,Diario,Matutina,Promovido,No,No,19-01,2,1,2,1,5,1,1,1,2,2,19
2024,15-03-0061-45,Baja Verapaz,1501,Privado,Urbana,Mujer,3,Básico,Ladino/Mestizo,Diario,Vespertina,Promovido,No,No,15-03,2,1,2,3,5,1,2,1,2,2,15
2024,02-03-0070-43,El Progreso,201,Público,Rural,Mujer,2,Primaria,Ladino/Mestizo,Diario,Matutina,Promovido,No,No,02-03,1,2,2,2,5,1,1,1,2,2,2
2024,15-01-0042-43,Baja Verapaz,1501,Público,Rural,Hombre,4,Primaria,Maya,Diario,Matutina,Promovido,No,No,15-01,1,2,1,2,1,1,1,1,2,2,15
2024,19-03-0114-43,Zacapa,1901,Público,Rural,Hombre,2,Primaria,Ladino/Mestizo,Diario,Matutina,Promovido,Sí,No,19-03,1,2,1,2,5,1,1,1,1,2,19
2024,15-02-0110-45,Baja Verapaz,1501,Público,Rural,Mujer,1,Básico,Maya,Diario,Vespertina,Promovido,No,No,15-02,1,2,2,3,1,1,2,1,2,2,15
2024,15-02-0078-43,Baja Verapaz,1501,Público,Rural,Hombre,5,Primaria,Ladino/Mestizo,Diario,Matutina,Promovido,No,No,15-02,1,2,1,2,5,1,1,1,2,2,15
2024,19-02-0614-42,Zacapa,1901,Público,Rural,Hombre,1,Preprimaria,Ladino/Mestizo,Diario,Matutina,Promovido,No,No,19-02,1,2,1,1,5,1,1,1,2,2,19
2024,02-03-0481-45,El Progreso,201,Público,Rural,Hombre,2,Básico,Ladino/Mestizo,Diario,Vespertina,Promovido,No,No,02-03,1,2,1,3,5,1,2,1,2,2,2
2024,02-08-0209-43,El Progreso,201,Público,Rural,Mujer,6,Primaria,Ladino/Mestizo,Diario,Matutina,Promovido,No,No,02-08,1,2,2,2,5,1,1,1,2,2,2
2024,15-01-1754-46,Baja Verapaz,1501,Público,Urbana,Mujer,6,Diversificado,Maya,Diario,Matutina,Promovido,No,Sí,15-01,1,1,2,4,1,1,1,1,2,1,15
2024,15-07-0766-42,Baja Verapaz,1501,Público,Rural,Mujer,4,Preprimaria,Ladino/Mestizo,Diario,Matutina,Promovido,No,No,15-07,1,2,2,1,5,1,1,1,2,2,15
2024,02-03-0062-43,El Progreso,201,Público,Rural,Mujer,6,Primaria,Ladino/Mestizo,Diario,Matutina,Retirado,No,No,02-03,1,2,2,2,5,1,1,3,2,2,2
2024,19-08-0247-43,Zacapa,1901,Público,Rural,Mujer,1,Primaria,Ladino/Mestizo,Diario,Matutina,Promovido,No,No,19-08,1,2,2,2,5,1,1,1,2,2,19
2024,02-07-0174-43,El Progreso,201,Público,Rural,Mujer,4,Primaria,Ladino/Mestizo,Diario,Matutina,Promovido,No,No,02-07,1,2,2,2,5,1,1,1,2,2,2
2024,19-05-0955-42,Zacapa,1901,Público,Urbana,Hombre,5,Preprimaria,Ladino/Mestizo,Diario,Vespertina,Promovido,No,No,19-05,1,1,1,1,5,1,2,1,2,2,19
2024,15-07-0021-42,Baja Verapaz,1501,Público,Rural,Hombre,6,Preprimaria,Ladino/Mestizo,Diario,Matutina,Promovido,No,No,15-07,1,2,1,1,5,1,1,1,2,2,15
2024,15-06-0011-42,Baja Verapaz,1501,Público,Urbana,Mujer,5,Preprimaria,Ladino/Mestizo,Diario,Matutina,Promovido,No,No,15-06,1,1,2,1,5,1,1,1,2,2,15
2024,15-08-0294-43,Baja Verapaz,1501,Público,Rural,Mujer,3,Primaria,Maya,Diario,Matutina,No promovido,Sí,No,15-08,1,2,2,2,1,1,1,5,1,2,15
2024,19-01-0059-43,Zacapa,1901,Público,Rural,Hombre,4,Primaria,Ladino/Mestizo,Diario,Matutina,No promovido,No,No,19-01,1,2,1,2,5,1,1,5,2,2,19
2024,19-04-0348-45,Zacapa,1901,Privado,Urbana,Mujer,3,Básico,Ladino/Mestizo,Diario,Matutina,Retirado,No,No,19-04,2,1,2,3,5,1,1,3,2,2,19
2024,15-04-0161-43,Baja Verapaz,1501,Público,Rural,Hombre,6,Primaria,Ladino/Mestizo,Diario,Matutina,Promovido,No,No,15-04,1,2,1,2,5,1,1,1,2,2,15
2024,19-06-0584-42,Zacapa,1901,Público,Rural,Mujer,6,Preprimaria,Ladino/Mestizo,Diario,Matutina,Promovido,No,No,19-06,1,2,2,1,5,1,1,1,2,2,19
2024,15-03-0125-43,Baja Verapaz,1501,Público,Rural,Mujer,4,Primaria,Maya,Diario,Matutina,Promovido,No,No,15-03,1,2,2,2,1,1,1,1,2,2,15
2024,19-01-0703-43,Zacapa,1901,Privado,Urbana,Hombre,6,Primaria,Ladino/Mestizo,Diario,Matutina,Promovido,No,No,19-01,2,1,1,2,5,1,1,1,2,2,19
2024,19-09-0008-46,Zacapa,1901,Público,Urbana,Hombre,4,Diversificado,Ladino/Mestizo,Diario,Vespertina,Promovido,No,No,19-09,1,1,1,4,5,1,2,1,2,2,19
2024,15-02-1829-42,Baja Verapaz,1501,Público,Rural,Mujer,5,Preprimaria,Maya,Diario,Matutina,Promovido,No,No,15-02,1,2,2,1,1,1,1,1,2,2,15
2024,02-07-0198-45,El Progreso,201,Público,Urbana,Mujer,3,Básico,Ladino/Mestizo,Diario,Matutina,Promovido,No,No,02-07,1,1,2,3,5,1,1,1,2,2,2
2024,15-02-0671-43,Baja Verapaz,1501,Público,Rural,Hombre,1,Primaria,Maya,Diario,Matutina,Promovido,No,No,15-02,1,2,1,2,1,1,1,1,2,2,15
2024,15-07-0012-43,Baja Verapaz,1501,Público,Rural,Hombre,3,Primaria,Ladino/Mestizo,Diario,Matutina,Promovido,No,No,15-07,1,2,1,2,5,1,1,1,2,2,15
2024,19-09-1085-43,Zacapa,1901,Público,Rural,Hombre,1,Primaria,Ladino/Mestizo,Diario,Matutina,No promovido,No,No,19-09,1,2,1,2,5,1,1,5,2,2,19
2024,15-02-0080-43,Baja Verapaz,1501,Público,Rural,Hombre,2,Primaria,Maya,Diario,Matutina,Promovido,No,No,15-02,1,2,1,2,1,1,1,1,2,2,15
2024,15-08-0356-43,Baja Verapaz,1501,Público,Rural,Mujer,5,Primaria,Maya,Diario,Matutina,Promovido,No,No,15-08,1,2,2,2,1,1,1,1,2,2,15
2024,19-10-0294-43,Zacapa,1901,Público,Urbana,Mujer,3,Primaria,Ladino/Mestizo,Diario,Matutina,Promovido,No,No,19-10,1,1,2,2,5,1,1,1,2,2,19
2024,02-03-0068-43,El Progreso,201,Público,Rural,Mujer,6,Primaria,Ladino/Mestizo,Diario,Matutina,Promovido,No,No,02-03,1,2,2,2,5,1,1,1,2,2,2
2024,19-01-0025-42,Zacapa,1901,Público,Rural,Hombre,5,Preprimaria,Ladino/Mestizo,Diario,Matutina,Promovido,No,No,19-01,1,2,1,1,5,1,1,1,2,2,19
2024,15-08-0021-41,Baja Verapaz,1501,Público,Rural,Mujer,6,Preprimaria,Ladino/Mestizo,Diario,Matutina,Promovido,No,No,15-08,1,2,2,1,5,1,1,1,2,2,15
2024,19-01-0120-45,Zacapa,1901,Público,Rural,Mujer,3,Básico,Ladino/Mestizo,Diario,Vespertina,Promovido,No,No,19-01,1,2,2,3,5,1,2,1,2,2,19
2024,15-07-0016-45,Baja Verapaz,1501,Público,Rural,Hombre,2,Básico,Ladino/Mestizo,Diario,Vespertina,Promovido,No,No,15-07,1,2,1,3,5,1,2,1,2,2,15
2024,02-05-0118-43,El Progreso,201,Público,Rural,Hombre,2,Primaria,Ladino/Mestizo,Diario,Matutina,No promovido,Sí,No,02-05,1,2,1,2,5,1,1,5,1,2,2
2024,19-04-0157-43,Zacapa,1901,Público,Rural,Hombre,1,Primaria,Ladino/Mestizo,Diario,Matutina,No promovido,Sí,No,19-04,1,2,1,2,5,1,1,5,1,2,19
2024,15-07-1234-42,Baja Verapaz,1501,Público,Rural,Hombre,6,Preprimaria,Ladino/Mestizo,Diario,Matutina,Promovido,No,No,15-07,1,2,1,1,5,1,1,1,2,2,15
2024,19-09-0033-43,Zacapa,1901,Público,Urbana,Hombre,3,Primaria,Ladino/Mestizo,Diario,Matutina,No promovido,No,No,19-09,1,1,1,2,5,1,1,5,2,2,19
2024,15-01-0037-43,Baja Verapaz,1501,Público,Rural,Hombre,1,Primaria,Maya,Diario,Matutina,Promovido,No,No,15-01,1,2,1,2,1,1,1,1,2,2,15
2024,19-01-0734-42,Zacapa,1901,Público,Rural,Hombre,4,Preprimaria,Ladino/Mestizo,Diario,Matutina,Promovido,No,No,19-01,1,2,1,1,5,1,1,1,2,2,19
2024,15-02-0063-45,Baja Verapaz,1501,Público,Rural,Hombre,2,Básico,Maya,Diario,Matutina,Promovido,No,No,15-02,1,2,1,3,1,1,1,1,2,2,15
2024,19-11-0014-43,Zacapa,1901,Público,Rural,Hombre,3,Primaria,Ladino/Mestizo,Diario,Matutina,Promovido,No,No,19-11,1,2,1,2,5,1,1,1,2,2,19
2024,15-04-0143-43,Baja Verapaz,1501,Público,Rural,Hombre,6,Primaria,Maya,Diario,Matutina,Promovido,No,No,15-04,1,2,1,2,1,1,1,1,2,2,15
2024,19-04-0164-43,Zacapa,1901,Público,Rural,Mujer,3,Primaria,Ladino/Mestizo,Diario,Matutina,Retirado,No,No,19-04,1,2,2,2,5,1,1,3,2,2,19
2024,19-01-0958-43,Zacapa,1901,Público,Rural,Mujer,1,Primaria,Ladino/Mestizo,Diario,Matutina,Promovido,No,No,19-01,1,2,2,2,5,1,1,1,2,2,19
2024,15-04-0113-43,Baja Verapaz,1501,Público,Rural,Hombre,3,Primaria,Ladino/Mestizo,Diario,Matutina,Promovido,No,No,15-04,1,2,1,2,5,1,1,1,2,2,15
2024,19-04-0595-43,Zacapa,1901,Público,Urbana,Mujer,2,Primaria,Ladino/Mestizo,Diario,Matutina,Promovido,No,No,19-04,1,1,2,2,5,1,1,1,2,2,19
2024,15-04-1215-43,Baja Verapaz,1501,Público,Rural,Hombre,1,Primaria,Maya,Diario,Matutina,No promovido,No,No,15-04,1,2,1,2,1,1,1,5,2,2,15
2024,19-01-0011-43,Zacapa,1901,Público,Urbana,Hombre,3,Primaria,Ladino/Mestizo,Diario,Matutina,Promovido,No,No,19-01,1,1,1,2,5,1,1,1,2,2,19
2024,15-05-0190-43,Baja Verapaz,1501,Público,Rural,Hombre,3,Primaria,Ladino/Mestizo,Diario,Matutina,Promovido,No,No,15-05,1,2,1,2,5,1,1,1,2,2,15
2024,15-04-0138-43,Baja Verapaz,1501,Público,Rural,Mujer,6,Primaria,Ladino/Mestizo,Diario,Matutina,Promovido,No,No,15-04,1,2,2,2,5,1,1,1,2,2,15
2024,15-01-0297-43,Baja Verapaz,1501,Público,Rural,Hombre,5,Primaria,Ladino/Mestizo,Diario,Matutina,Promovido,No,No,15-01,1,2,1,2,5,1,1,1,2,2,15
2024,19-05-0203-43,Zacapa,1901,Público,Rural,Hombre,4,Primaria,Ladino/Mestizo,Diario,Matutina,Promovido,No,No,19-05,1,2,1,2,5,1,1,1,2,2,19
2024,15-08-0188-43,Baja Verapaz,1501,Público,Rural,Hombre,4,Primaria,Maya,Diario,Matutina,Promovido,No,No,15-08,1,2,1,2,1,1,1,1,2,2,15
2024,02-03-0056-42,El Progreso,201,Público,Rural,Mujer,4,Preprimaria,Ladino/Mestizo,Diario,Matutina,Promovido,No,No,02-03,1,2,2,1,5,1,1,1,2,2,2
2024,15-08-0056-43,Baja Verapaz,1501,Público,Rural,Mujer,1,Primaria,Maya,Diario,Matutina,Promovido,No,No,15-08,1,2,2,2,1,1,1,1,2,2,15
2024,15-08-0261-41,Baja Verapaz,1501,Público,Rural,Mujer,4,Preprimaria,Maya,Diario,Matutina,Promovido,No,No,15-08,1,2,2,1,1,1,1,1,2,2,15
2024,19-11-0004-42,Zacapa,1901,Público,Rural,Hombre,4,Preprimaria,Ladino/Mestizo,Diario,Matutina,Retirado,No,No,19-11,1,2,1,1,5,1,1,3,2,2,19
2024,15-01-0310-43,Baja Verapaz,1501,Público,Rural,Mujer,6,Primaria,Ladino/Mestizo,Diario,Matutina,Promovido,No,No,15-01,1,2,2,2,5,1,1,1,2,2,15
2024,15-08-0014-42,Baja Verapaz,1501,Público,Rural,Mujer,5,Preprimaria,Maya,Diario,Matutina,Promovido,No,No,15-08,1,2,2,1,1,1,1,1,2,2,15
2024,19-01-0055-43,Zacapa,1901,Público,Rural,Mujer,2,Primaria,Ladino/Mestizo,Diario,Matutina,Promovido,No,No,19-01,1,2,2,2,5,1,1,1,2,2,19
2024,15-01-0103-45,Baja Verapaz,1501,Público,Rural,Mujer,2,Básico,Maya,Diario,Vespertina,Retirado,No,No,15-01,1,2,2,3,1,1,2,3,2,2,15
2024,02-06-0136-43,El Progreso,201,Público,Rural,Hombre,6,Primaria,Ladino/Mestizo,Diario,Matutina,Promovido,No,No,02-06,1,2,1,2,5,1,1,1,2,2,2
2024,19-01-1033-42,Zacapa,1901,Público,Rural,Hombre,2,Preprimaria,Ladino/Mestizo,Diario,Matutina,Promovido,No,No,19-01,1,2,1,1,5,1,1,1,2,2,19
2024,15-08-1801-43,Baja Verapaz,1501,Público,Rural,Hombre,2,Primaria,Ladino/Mestizo,Diario,Matutina,Retirado,No,No,15-08,1,2,1,2,5,1,1,3,2,2,15
2024,15-03-0137-45,Baja Verapaz,1501,Público,Rural,Hombre,2,Básico,Maya,Diario,Matutina,Promovido,No,No,15-03,1,2,1,3,1,1,1,1,2,2,15
2024,02-03-0719-46,El Progreso,201,Privado,Rural,Mujer,5,Diversificado,Ladino/Mestizo,Fin de semana,Doble,Promovido,No,No,02-03,2,2,2,4,5,2,4,1,2,2,2
2024,02-01-0798-45,El Progreso,201,Privado,Urbana,Mujer,2,Básico,Ladino/Mestizo,Diario,Matutina,Promovido,No,No,02-01,2,1,2,3,5,1,1,1,2,2,2
2024,15-04-0099-45,Baja Verapaz,1501,Público,Urbana,Hombre,1,Básico,Maya,Diario,Matutina,Promovido,No,Ignorado,15-04,1,1,1,3,1,1,1,1,2,9,15
2024,02-08-0211-43,El Progreso,201,Público,Rural,Hombre,2,Primaria,Ladino/Mestizo,Diario,Matutina,Promovido,No,No,02-08,1,2,1,2,5,1,1,1,2,2,2
2024,19-05-0891-42,Zacapa,1901,Público,Rural,Mujer,3,Preprimaria,Ladino/Mestizo,Diario,Matutina,Promovido,No,No,19-05,1,2,2,1,5,1,1,1,2,2,19
2024,19-05-0211-43,Zacapa,1901,Privado,Urbana,Mujer,4,Primaria,Ladino/Mestizo,Diario,Matutina,Promovido,No,No,19-05,2,1,2,2,5,1,1,1,2,2,19
2024,19-01-1121-42,Zacapa,1901,Público,Rural,Mujer,4,Preprimaria,Ladino/Mestizo,Diario,Matutina,Promovido,No,No,19-01,1,2,2,1,5,1,1,1,2,2,19
2024,02-01-0026-45,El Progreso,201,Público,Urbana,Hombre,2,Básico,Ladino/Mestizo,Diario,Matutina,Promovido,No,Ignorado,02-01,1,1,1,3,5,1,1,1,2,9,2
2024,02-07-0175-43,El Progreso,201,Público,Rural,Hombre,2,Primaria,Ladino/Mestizo,Diario,Matutina,Promovido,No,No,02-07,1,2,1,2,5,1,1,1,2,2,2
2024,19-01-0084-46,Zacapa,1901,Público,Urbana,Hombre,4,Diversificado,Ladino/Mestizo,Diario,Doble,Promovido,No,No,19-01,1,1,1,4,5,1,4,1,2,2,19
2024,15-08-0205-46,Baja Verapaz,1501,Privado,Urbana,Mujer,4,Diversificado,Maya,Diario,Vespertina,Promovido,No,No,15-08,2,1,2,4,1,1,2,1,2,2,15
2024,19-01-0019-43,Zacapa,1901,Público,Rural,Mujer,2,Primaria,Ladino/Mestizo,Diario,Matutina,Promovido,No,No,19-01,1,2,2,2,5,1,1,1,2,2,19
2024,15-08-1867-43,Baja Verapaz,1501,Público,Rural,Mujer,3,Primaria,Maya,Diario,Matutina,Promovido,Sí,No,15-08,1,2,2,2,1,1,1,1,1,2,15
2024,19-04-0593-43,Zacapa,1901,Público,Urbana,Hombre,4,Primaria,Ladino/Mestizo,Diario,Matutina,Promovido,No,No,19-04,1,1,1,2,5,1,1,1,2,2,19
2024,02-07-0169-43,El Progreso,201,Público,Rural,Mujer,1,Primaria,Ladino/Mestizo,Diario,Matutina,Promovido,No,No,02-07,1,2,2,2,5,1,1,1,2,2,2
2024,19-09-1224-42,Zacapa,1901,Público,Rural,Hombre,5,Preprimaria,Ladino/Mestizo,Diario,Matutina,Promovido,No,No,19-09,1,2,1,1,5,1,1,1,2,2,19
2024,19-05-0213-45,Zacapa,1901,Público,Urbana,Mujer,1,Básico,Ladino/Mestizo,Diario,Matutina,Promovido,No,No,19-05,1,1,2,3,5,1,1,1,2,2,19
2024,19-04-0348-45,Zacapa,1901,Privado,Urbana,Hombre,1,Básico,Ladino/Mestizo,Diario,Matutina,Promovido,No,No,19-04,2,1,1,3,5,1,1,1,2,2,19
2024,19-01-0026-43,Zacapa,1901,Público,Rural,Hombre,5,Primaria,Ladino/Mestizo,Diario,Matutina,Promovido,No,No,19-01,1,2,1,2,5,1,1,1,2,2,19
2024,02-08-0208-43,El Progreso,201,Público,Rural,Hombre,1,Primaria,Ladino/Mestizo,Diario,Matutina,No promovido,No,No,02-08,1,2,1,2,5,1,1,5,2,2,2
2024,15-04-0163-43,Baja Verapaz,1501,Público,Rural,Mujer,1,Primaria,Maya,Diario,Matutina,Promovido,No,No,15-04,1,2,2,2,1,1,1,1,2,2,15
2024,15-01-0015-43,Baja Verapaz,1501,Público,Rural,Hombre,2,Primaria,Maya,Diario,Matutina,Promovido,No,No,15-01,1,2,1,2,1,1,1,1,2,2,15
2024,15-08-0210-43,Baja Verapaz,1501,Público,Urbana,Hombre,4,Primaria,Maya,Diario,Vespertina,Promovido,No,No,15-08,1,1,1,2,1,1,2,1,2,2,15
2024,15-01-0018-43,Baja Verapaz,1501,Público,Urbana,Mujer,6,Primaria,Ladino/Mestizo,Diario,Matutina,Promovido,No,No,15-01,1,1,2,2,5,1,1,1,2,2,15
2024,19-01-0050-43,Zacapa,1901,Público,Rural,Mujer,4,Primaria,Ladino/Mestizo,Diario,Matutina,Promovido,No,No,19-01,1,2,2,2,5,1,1,1,2,2,19
2024,19-01-0011-43,Zacapa,1901,Público,Urbana,Hombre,1,Primaria,Ladino/Mestizo,Diario,Matutina,Promovido,Sí,No,19-01,1,1,1,2,5,1,1,1,1,2,19
2024,02-07-0185-43,El Progreso,201,Público,Rural,Mujer,2,Primaria,Ladino/Mestizo,Diario,Matutina,Promovido,No,No,02-07,1,2,2,2,5,1,1,1,2,2,2
2024,15-01-0038-43,Baja Verapaz,1501,Público,Rural,Mujer,5,Primaria,Ladino/Mestizo,Diario,Matutina,Promovido,No,No,15-01,1,2,2,2,5,1,1,1,2,2,15
2024,15-02-0076-43,Baja Verapaz,1501,Público,Rural,Mujer,3,Primaria,Maya,Diario,Matutina,Promovido,No,No,15-02,1,2,2,2,1,1,1,1,2,2,15
2024,15-03-0045-45,Baja Verapaz,1501,Público,Urbana,Mujer,1,Básico,Ladino/Mestizo,Diario,Vespertina,No promovido,Sí,No,15-03,1,1,2,3,5,1,2,5,1,2,15
2024,19-03-0107-43,Zacapa,1901,Público,Rural,Mujer,5,Primaria,Ladino/Mestizo,Diario,Matutina,Promovido,No,No,19-03,1,2,2,2,5,1,1,1,2,2,19
2024,15-01-0026-43,Baja Verapaz,1501,Público,Rural,Mujer,2,Primaria,Ladino/Mestizo,Diario,Matutina,Promovido,No,No,15-01,1,2,2,2,5,1,1,1,2,2,15
2024,02-03-0067-43,El Progreso,201,Público,Rural,Hombre,6,Primaria,Ladino/Mestizo,Diario,Matutina,Promovido,No,No,02-03,1,2,1,2,5,1,1,1,2,2,2
2024,19-01-0058-43,Zacapa,1901,Público,Rural,Mujer,2,Primaria,Ladino/Mestizo,Diario,Matutina,No promovido,Sí,No,19-01,1,2,2,2,5,1,1,5,1,2,19
2024,19-09-0262-43,Zacapa,1901,Público,Urbana,Mujer,4,Primaria,Ladino/Mestizo,Diario,Matutina,Promovido,No,No,19-09,1,1,2,2,5,1,1,1,2,2,19
2024,15-02-0070-43,Baja Verapaz,1501,Público,Urbana,Mujer,3,Primaria,Maya,Diario,Matutina,Promovido,No,No,15-02,1,1,2,2,1,1,1,1,2,2,15
2024,19-04-0155-43,Zacapa,1901,Público,Rural,Hombre,1,Primaria,Ladino/Mestizo,Diario,Matutina,Promovido,Sí,No,19-04,1,2,1,2,5,1,1,1,1,2,19
2024,19-05-0203-43,Zacapa,1901,Público,Rural,Mujer,5,Primaria,Ladino/Mestizo,Diario,Matutina,Promovido,No,No,19-05,1,2,2,2,5,1,1,1,2,2,19
2024,15-02-1829-42,Baja Verapaz,1501,Público,Rural,Mujer,6,Preprimaria,Maya,Diario,Matutina,Promovido,No,No,15-02,1,2,2,1,1,1,1,1,2,2,15
2024,15-01-0170-43,Baja Verapaz,1501,Público,Rural,Hombre,3,Primaria,Ladino/Mestizo,Diario,Matutina,Promovido,No,No,15-01,1,2,1,2,5,1,1,1,2,2,15
2024,15-01-0019-43,Baja Verapaz,1501,Público,Urbana,Hombre,3,Primaria,Ladino/Mestizo,Diario,Vespertina,Promovido,No,No,15-01,1,1,1,2,5,1,2,1,2,2,15
2024,19-06-1257-45,Zacapa,1901,Público,Rural,Hombre,1,Básico,Ladino/Mestizo,Diario,Vespertina,Promovido,No,No,19-06,1,2,1,3,5,1,2,1,2,2,19
2024,15-05-2201-42,Baja Verapaz,1501,Público,Rural,Hombre,6,Preprimaria,Ladino/Mestizo,Diario,Matutina,Promovido,No,No,15-05,1,2,1,1,5,1,1,1,2,2,15
2024,19-04-0132-42,Zacapa,1901,Público,Urbana,Hombre,4,Preprimaria,Ladino/Mestizo,Diario,Matutina,Retirado,No,No,19-04,1,1,1,1,5,1,1,3,2,2,19
2024,19-05-1186-42,Zacapa,1901,Público,Rural,Mujer,4,Preprimaria,Ladino/Mestizo,Diario,Doble,Retirado,No,No,19-05,1,2,2,1,5,1,4,3,2,2,19
2024,02-08-0535-46,El Progreso,201,Cooperativa,Urbana,Hombre,4,Diversificado,Ladino/Mestizo,Diario,Vespertina,Promovido,No,No,02-08,4,1,1,4,5,1,2,1,2,2,2
2024,02-05-0015-45,El Progreso,201,Público,Rural,Mujer,1,Básico,Ladino/Mestizo,Diario,Vespertina,Promovido,No,No,02-05,1,2,2,3,5,1,2,1,2,2,2
2024,15-08-0059-43,Baja Verapaz,1501,Público,Rural,Mujer,3,Primaria,Maya,Diario,Matutina,Promovido,No,No,15-08,1,2,2,2,1,1,1,1,2,2,15
2024,15-01-0144-45,Baja Verapaz,1501,Público,Rural,Hombre,1,Básico,Ladino/Mestizo,Diario,Vespertina,Promovido,No,No,15-01,1,2,1,3,5,1,2,1,2,2,15
2024,15-01-1956-42,Baja Verapaz,1501,Público,Rural,Hombre,6,Preprimaria,Ladino/Mestizo,Diario,Vespertina,Promovido,No,No,15-01,1,2,1,1,5,1,2,1,2,2,15
2024,19-04-0594-43,Zacapa,1901,Público,Rural,Hombre,3,Primaria,Ladino/Mestizo,Diario,Matutina,Promovido,No,No,19-04,1,2,1,2,5,1,1,1,2,2,19
2024,02-05-0004-42,El Progreso,201,Público,Rural,Mujer,6,Preprimaria,Ladino/Mestizo,Diario,Matutina,Promovido,No,No,02-05,1,2,2,1,5,1,1,1,2,2,2
2024,15-08-0103-45,Baja Verapaz,1501,Público,Rural,Mujer,2,Básico,Maya,Diario,Vespertina,Promovido,No,No,15-08,1,2,2,3,1,1,2,1,2,2,15
2024,15-02-0051-45,Baja Verapaz,1501,Privado,Urbana,Hombre,2,Básico,Ladino/Mestizo,Diario,Matutina,Promovido,No,No,15-02,2,1,1,3,5,1,1,1,2,2,15
2024,15-03-1888-46,Baja Verapaz,1501,Privado,Urbana,Mujer,5,Diversificado,Ladino/Mestizo,Diario,Vespertina,Promovido,Sí,Sí,15-03,2,1,2,4,5,1,2,1,1,1,15
2024,15-07-0247-43,Baja Verapaz,1501,Público,Rural,Mujer,2,Primaria,Ladino/Mestizo,Diario,Matutina,Promovido,Sí,No,15-07,1,2,2,2,5,1,1,1,1,2,15
2024,15-02-0090-43,Baja Verapaz,1501,Público,Rural,Mujer,1,Primaria,Maya,Diario,Matutina,Promovido,No,No,15-02,1,2,2,2,1,1,1,1,2,2,15
2024,19-11-0009-42,Zacapa,1901,Público,Rural,Mujer,5,Preprimaria,Ladino/Mestizo,Diario,Matutina,Promovido,No,No,19-11,1,2,2,1,5,1,1,1,2,2,19
2024,19-04-0043-45,Zacapa,1901,Público,Rural,Hombre,1,Básico,Ladino/Mestizo,Diario,Vespertina,Promovido,Sí,No,19-04,1,2,1,3,5,1,2,1,1,2,19
2024,19-03-0004-46,Zacapa,1901,Cooperativa,Urbana,Hombre,5,Diversificado,Ladino/Mestizo,Diario,Vespertina,Promovido,No,No,19-03,4,1,1,4,5,1,2,1,2,2,19
2024,02-03-0093-43,El Progreso,201,Público,Rural,Hombre,1,Primaria,Ladino/Mestizo,Diario,Matutina,Promovido,No,No,02-03,1,2,1,2,5,1,1,1,2,2,2
2024,19-01-0025-42,Zacapa,1901,Público,Rural,Hombre,4,Preprimaria,Ladino/Mestizo,Diario,Matutina,Promovido,No,No,19-01,1,2,1,1,5,1,1,1,2,2,19
2024,19-05-0586-42,Zacapa,1901,Público,Rural,Hombre,6,Preprimaria,Ladino/Mestizo,Diario,Matutina,Promovido,No,No,19-05,1,2,1,1,5,1,1,1,2,2,19
2024,19-04-0133-43,Zacapa,1901,Público,Urbana,Mujer,3,Primaria,Ladino/Mestizo,Diario,Matutina,Retirado,No,No,19-04,1,1,2,2,5,1,1,3,2,2,19
2024,19-05-0012-43,Zacapa,1901,Público,Rural,Mujer,1,Primaria,Ladino/Mestizo,Diario,Matutina,Promovido,Sí,No,19-05,1,2,2,2,5,1,1,1,1,2,19
2024,15-03-0116-43,Baja Verapaz,1501,Público,Rural,Mujer,1,Primaria,Ladino/Mestizo,Diario,Matutina,Promovido,Sí,No,15-03,1,2,2,2,5,1,1,1,1,2,15
2024,02-02-0046-43,El Progreso,201,Público,Rural,Hombre,5,Primaria,Ladino/Mestizo,Diario,Matutina,Promovido,No,No,02-02,1,2,1,2,5,1,1,1,2,2,2
2024,15-08-0098-43,Baja Verapaz,1501,Público,Rural,Hombre,3,Primaria,Maya,Diario,Matutina,No promovido,Sí,No,15-08,1,2,1,2,1,1,1,5,1,2,15
2024,15-04-0165-43,Baja Verapaz,1501,Público,Rural,Mujer,6,Primaria,Ladino/Mestizo,Diario,Matutina,Promovido,No,No,15-04,1,2,2,2,5,1,1,1,2,2,15
2024,15-08-0292-43,Baja Verapaz,1501,Público,Rural,Hombre,2,Primaria,Maya,Diario,Matutina,Retirado,No,No,15-08,1,2,1,2,1,1,1,3,2,2,15
2024,15-04-0136-43,Baja Verapaz,1501,Público,Urbana,Hombre,2,Primaria,Maya,Diario,Matutina,Promovido,No,No,15-04,1,1,1,2,1,1,1,1,2,2,15
2024,15-01-0057-42,Baja Verapaz,1501,Público,Rural,Hombre,4,Preprimaria,Ladino/Mestizo,Diario,Matutina,Promovido,No,No,15-01,1,2,1,1,5,1,1,1,2,2,15
2024,15-08-0008-42,Baja Verapaz,1501,Público,Rural,Mujer,5,Preprimaria,Maya,Diario,Matutina,Promovido,No,No,15-08,1,2,2,1,1,1,1,1,2,2,15
2024,19-09-0268-43,Zacapa,1901,Público,Rural,Hombre,4,Primaria,Ladino/Mestizo,Diario,Matutina,Promovido,No,No,19-09,1,2,1,2,5,1,1,1,2,2,19
2024,02-07-0171-43,El Progreso,201,Público,Rural,Hombre,3,Primaria,Ladino/Mestizo,Diario,Matutina,Promovido,No,No,02-07,1,2,1,2,5,1,1,1,2,2,2
2024,15-08-0273-42,Baja Verapaz,1501,Público,Urbana,Hombre,4,Preprimaria,Ladino/Mestizo,Diario,Matutina,Retirado,No,No,15-08,1,1,1,1,5,1,1,3,2,2,15
2024,02-01-0027-46,El Progreso,201,Público,Urbana,Mujer,4,Diversificado,Ladino/Mestizo,Diario,Doble,Promovido,No,No,02-01,1,1,2,4,5,1,4,1,2,2,2
2024,19-01-0697-45,Zacapa,1901,Cooperativa,Rural,Mujer,2,Básico,Ladino/Mestizo,Diario,Vespertina,Promovido,No,No,19-01,4,2,2,3,5,1,2,1,2,2,19
2024,15-04-0183-43,Baja Verapaz,1501,Público,Rural,Hombre,5,Primaria,Maya,Diario,Matutina,Promovido,No,No,15-04,1,2,1,2,1,1,1,1,2,2,15
2024,15-02-0095-45,Baja Verapaz,1501,Público,Rural,Hombre,1,Básico,Maya,Diario,Vespertina,Retirado,No,No,15-02,1,2,1,3,1,1,2,3,2,2,15
2024,15-06-0233-43,Baja Verapaz,1501,Público,Rural,Hombre,6,Primaria,Ladino/Mestizo,Diario,Matutina,Promovido,No,No,15-06,1,2,1,2,5,1,1,1,2,2,15
2024,19-08-0002-45,Zacapa,1901,Público,Rural,Mujer,3,Básico,Ladino/Mestizo,Diario,Vespertina,No promovido,No,No,19-08,1,2,2,3,5,1,2,5,2,2,19
2024,19-04-0070-45,Zacapa,1901,Privado,Urbana,Mujer,2,Básico,Ladino/Mestizo,Semipresencial,Ignorado,Promovido,No,No,19-04,2,1,2,3,5,4,9,1,2,2,19
2024,19-06-0219-43,Zacapa,1901,Público,Rural,Hombre,1,Primaria,Ladino/Mestizo,Diario,Matutina,No promovido,No,No,19-06,1,2,1,2,5,1,1,5,2,2,19
2024,19-02-0912-43,Zacapa,1901,Público,Urbana,Hombre,6,Primaria,Ladino/Mestizo,Diario,Matutina,Promovido,No,No,19-02,1,1,1,2,5,1,1,1,2,2,19
2024,19-01-0703-43,Zacapa,1901,Privado,Urbana,Hombre,1,Primaria,Ladino/Mestizo,Diario,Matutina,Promovido,No,No,19-01,2,1,1,2,5,1,1,1,2,2,19
2024,02-03-0060-43,El Progreso,201,Público,Urbana,Mujer,5,Primaria,Ladino/Mestizo,Diario,Matutina,Promovido,No,Ignorado,02-03,1,1,2,2,5,1,1,1,2,9,2
2024,15-02-0068-42,Baja Verapaz,1501,Público,Urbana,Mujer,4,Preprimaria,Maya,Diario,Matutina,Promovido,No,No,15-02,1,1,2,1,1,1,1,1,2,2,15
2024,15-01-0666-43,Baja Verapaz,1501,Privado,Urbana,Hombre,1,Primaria,Maya,Diario,Matutina,Promovido,No,No,15-01,2,1,1,2,1,1,1,1,2,2,15
2024,19-01-0121-45,Zacapa,1901,Público,Rural,Mujer,2,Básico,Ladino/Mestizo,Diario,Vespertina,Retirado,No,No,19-01,1,2,2,3,5,1,2,3,2,2,19
2024,15-01-0109-46,Baja Verapaz,1501,Privado,Urbana,Mujer,5,Diversificado,Maya,Fin de semana,Doble,Promovido,No,Sí,15-01,2,1,2,4,1,2,4,1,2,1,15
2024,19-10-0679-42,Zacapa,1901,Público,Rural,Mujer,5,Preprimaria,Ladino/Mestizo,Diario,Matutina,Promovido,No,No,19-10,1,2,2,1,5,1,1,1,2,2,19
2024,15-04-0327-43,Baja Verapaz,1501,Público,Rural,Mujer,1,Primaria,Maya,Diario,Matutina,Promovido,No,No,15-04,1,2,2,2,1,1,1,1,2,2,15
2024,15-03-1935-42,Baja Verapaz,1501,Público,Rural,Hombre,5,Preprimaria,Maya,Diario,Matutina,Promovido,No,No,15-03,1,2,1,1,1,1,1,1,2,2,15
2024,15-08-0103-45,Baja Verapaz,1501,Público,Rural,Hombre,1,Básico,Ladino/Mestizo,Diario,Vespertina,Promovido,No,No,15-08,1,2,1,3,5,1,2,1,2,2,15
2024,15-07-0664-42,Baja Verapaz,1501,Público,Rural,Hombre,1,Preprimaria,Ladino/Mestizo,Diario,Matutina,Promovido,No,No,15-07,1,2,1,1,5,1,1,1,2,2,15
2024,15-08-0334-41,Baja Verapaz,1501,Público,Rural,Hombre,6,Preprimaria,Maya,Diario,Matutina,Promovido,No,No,15-08,1,2,1,1,1,1,1,1,2,2,15
2024,15-01-0013-43,Baja Verapaz,1501,Público,Rural,Hombre,1,Primaria,Ladino/Mestizo,Diario,Matutina,No promovido,No,No,15-01,1,2,1,2,5,1,1,5,2,2,15
2024,19-06-1159-42,Zacapa,1901,Público,Rural,Mujer,5,Preprimaria,Ladino/Mestizo,Diario,Matutina,Retirado,No,No,19-06,1,2,2,1,5,1,1,3,2,2,19
2024,19-07-0004-46,Zacapa,1901,Público,Urbana,Mujer,5,Diversificado,Ladino/Mestizo,Diario,Vespertina,Promovido,No,Sí,19-07,1,1,2,4,5,1,2,1,2,1,19
2024,15-01-0061-43,Baja Verapaz,1501,Público,Rural,Hombre,1,Primaria,Ladino/Mestizo,Diario,Matutina,Retirado,No,No,15-01,1,2,1,2,5,1,1,3,2,2,15
2024,19-09-0283-43,Zacapa,1901,Público,Rural,Mujer,3,Primaria,Ladino/Mestizo,Diario,Matutina,Promovido,Sí,No,19-09,1,2,2,2,5,1,1,1,1,2,19
2024,19-01-0116-46,Zacapa,1901,Público,Urbana,Mujer,5,Diversificado,Ladino/Mestizo,Diario,Vespertina,Promovido,No,Sí,19-01,1,1,2,4,5,1,2,1,2,1,19
2024,02-07-0198-45,El Progreso,201,Público,Urbana,Mujer,2,Básico,Ladino/Mestizo,Diario,Matutina,Retirado,No,No,02-07,1,1,2,3,5,1,1,3,2,2,2
2024,02-08-0214-43,El Progreso,201,Público,Rural,Mujer,6,Primaria,Ladino/Mestizo,Diario,Matutina,Promovido,No,No,02-08,1,2,2,2,5,1,1,1,2,2,2
2024,15-01-0020-43,Baja Verapaz,1501,Público,Rural,Hombre,3,Primaria,Ladino/Mestizo,Diario,Matutina,Promovido,No,No,15-01,1,2,1,2,5,1,1,1,2,2,15
2024,02-07-0180-43,El Progreso,201,Público,Rural,Hombre,2,Primaria,Ladino/Mestizo,Diario,Matutina,No promovido,No,No,02-07,1,2,1,2,5,1,1,5,2,2,2
2024,15-03-0110-43,Baja Verapaz,1501,Público,Rural,Mujer,1,Primaria,Maya,Diario,Matutina,Promovido,Sí,No,15-03,1,2,2,2,1,1,1,1,1,2,15
2024,15-07-1806-42,Baja Verapaz,1501,Público,Rural,Mujer,6,Preprimaria,Ladino/Mestizo,Diario,Matutina,Promovido,No,No,15-07,1,2,2,1,5,1,1,1,2,2,15
2024,02-03-0745-43,El Progreso,201,Público,Urbana,Hombre,5,Primaria,Ladino/Mestizo,Diario,Vespertina,Promovido,No,No,02-03,1,1,1,2,5,1,2,1,2,2,2
2024,19-10-1073-45,Zacapa,1901,Público,Rural,Mujer,3,Básico,Ladino/Mestizo,Diario,Matutina,Promovido,No,No,19-10,1,2,2,3,5,1,1,1,2,2,19
2024,02-08-0216-43,El Progreso,201,Público,Rural,Mujer,3,Primaria,Ladino/Mestizo,Diario,Matutina,Promovido,No,No,02-08,1,2,2,2,5,1,1,1,2,2,2
2024,19-01-1138-43,Zacapa,1901,Público,Rural,Mujer,3,Primaria,Ladino/Mestizo,Diario,Matutina,Retirado,No,No,19-01,1,2,2,2,5,1,1,3,2,2,19
2024,15-02-0050-45,Baja Verapaz,1501,Público,Urbana,Hombre,3,Básico,Maya,Diario,Matutina,Promovido,No,No,15-02,1,1,1,3,1,1,1,1,2,2,15
2024,19-04-0133-43,Zacapa,1901,Público,Urbana,Mujer,3,Primaria,Ladino/Mestizo,Diario,Matutina,Promovido,No,No,19-04,1,1,2,2,5,1,1,1,2,2,19
2024,15-01-0064-43,Baja Verapaz,1501,Público,Rural,Mujer,1,Primaria,Ladino/Mestizo,Diario,Matutina,No promovido,No,No,15-01,1,2,2,2,5,1,1,5,2,2,15
2024,19-01-0023-43,Zacapa,1901,Público,Rural,Mujer,3,Primaria,Ladino/Mestizo,Diario,Matutina,No promovido,No,No,19-01,1,2,2,2,5,1,1,5,2,2,19
2024,19-01-1082-42,Zacapa,1901,Privado,Urbana,Hombre,4,Preprimaria,Ladino/Mestizo,Diario,Matutina,Promovido,No,No,19-01,2,1,1,1,5,1,1,1,2,2,19
2024,15-03-0058-45,Baja Verapaz,1501,Público,Rural,Hombre,3,Básico,Maya,Diario,Matutina,Promovido,Sí,No,15-03,1,2,1,3,1,1,1,1,1,2,15
2024,19-10-1073-45,Zacapa,1901,Público,Rural,Hombre,1,Básico,Ladino/Mestizo,Diario,Matutina,No promovido,No,No,19-10,1,2,1,3,5,1,1,5,2,2,19
2024,19-04-0166-43,Zacapa,1901,Público,Rural,Hombre,5,Primaria,Ladino/Mestizo,Diario,Matutina,Promovido,No,No,19-04,1,2,1,2,5,1,1,1,2,2,19
2024,15-07-0027-45,Baja Verapaz,1501,Público,Rural,Hombre,3,Básico,Ladino/Mestizo,Diario,Vespertina,Promovido,No,No,15-07,1,2,1,3,5,1,2,1,2,2,15
2024,19-02-0088-43,Zacapa,1901,Público,Urbana,Mujer,2,Primaria,Ladino/Mestizo,Diario,Matutina,Promovido,No,No,19-02,1,1,2,2,5,1,1,1,2,2,19
2024,19-10-0295-43,Zacapa,1901,Público,Rural,Hombre,6,Primaria,Ladino/Mestizo,Diario,Matutina,Promovido,No,No,19-10,1,2,1,2,5,1,1,1,2,2,19
2024,15-04-1667-41,Baja Verapaz,1501,Público,Rural,Mujer,5,Preprimaria,Maya,Diario,Matutina,Promovido,No,No,15-04,1,2,2,1,1,1,1,1,2,2,15
2024,15-04-0674-43,Baja Verapaz,1501,Público,Rural,Hombre,5,Primaria,Ladino/Mestizo,Diario,Matutina,Promovido,No,No,15-04,1,2,1,2,5,1,1,1,2,2,15
2024,02-07-0163-43,El Progreso,201,Público,Rural,Hombre,3,Primaria,Ladino/Mestizo,Diario,Matutina,Promovido,No,No,02-07,1,2,1,2,5,1,1,1,2,2,2
2024,15-03-0094-42,Baja Verapaz,1501,Público,Urbana,Hombre,6,Preprimaria,Maya,Diario,Matutina,Promovido,No,No,15-03,1,1,1,1,1,1,1,1,2,2,15
2024,19-05-0021-45,Zacapa,1901,Público,Rural,Hombre,2,Básico,Ladino/Mestizo,Diario,Matutina,No promovido,Sí,No,19-05,1,2,1,3,5,1,1,5,1,2,19
2024,15-04-0065-43,Baja Verapaz,1501,Público,Rural,Hombre,1,Primaria,Maya,Diario,Matutina,Promovido,No,No,15-04,1,2,1,2,1,1,1,1,2,2,15
2024,15-04-0326-43,Baja Verapaz,1501,Público,Rural,Mujer,5,Primaria,Ladino/Mestizo,Diario,Matutina,Promovido,No,No,15-04,1,2,2,2,5,1,1,1,2,2,15
2024,19-01-0352-46,Zacapa,1901,Público,Urbana,Mujer,4,Diversificado,Ladino/Mestizo,Diario,Matutina,Promovido,No,No,19-01,1,1,2,4,5,1,1,1,2,2,19
2024,19-10-0303-45,Zacapa,1901,Público,Urbana,Hombre,1,Básico,Ladino/Mestizo,Diario,Matutina,Promovido,No,No,19-10,1,1,1,3,5,1,1,1,2,2,19
2024,02-01-0007-43,El Progreso,201,Público,Rural,Hombre,1,Primaria,Maya,Diario,Matutina,Promovido,No,No,02-01,1,2,1,2,1,1,1,1,2,2,2
2024,02-01-0015-43,El Progreso,201,Público,Rural,Mujer,6,Primaria,Ladino/Mestizo,Diario,Matutina,Promovido,No,No,02-01,1,2,2,2,5,1,1,1,2,2,2
2024,15-01-0134-43,Baja Verapaz,1501,Público,Urbana,Hombre,4,Primaria,Ladino/Mestizo,Diario,Vespertina,No promovido,Sí,No,15-01,1,1,1,2,5,1,2,5,1,2,15
2024,19-09-0027-43,Zacapa,1901,Público,Rural,Hombre,5,Primaria,Ladino/Mestizo,Diario,Matutina,Promovido,No,No,19-09,1,2,1,2,5,1,1,1,2,2,19
2024,02-03-0068-43,El Progreso,201,Público,Rural,Hombre,2,Primaria,Ladino/Mestizo,Diario,Matutina,Promovido,No,No,02-03,1,2,1,2,5,1,1,1,2,2,2
2024,19-05-0214-45,Zacapa,1901,Privado,Urbana,Hombre,2,Básico,Ladino/Mestizo,Diario,Matutina,No promovido,No,Ignorado,19-05,2,1,1,3,5,1,1,5,2,9,19
2024,02-07-0175-43,El Progreso,201,Público,Rural,Mujer,5,Primaria,Ladino/Mestizo,Diario,Matutina,Promovido,No,No,02-07,1,2,2,2,5,1,1,1,2,2,2
2024,02-01-0026-45,El Progreso,201,Público,Urbana,Mujer,1,Básico,Ladino/Mestizo,Diario,Matutina,Promovido,No,No,02-01,1,1,2,3,5,1,1,1,2,2,2
2024,02-01-0735-43,El Progreso,201,Privado,Urbana,Mujer,5,Primaria,Ladino/Mestizo,Diario,Matutina,Promovido,No,No,02-01,2,1,2,2,5,1,1,1,2,2,2
2024,02-07-0175-43,El Progreso,201,Público,Rural,Hombre,6,Primaria,Ladino/Mestizo,Diario,Matutina,Retirado,No,No,02-07,1,2,1,2,5,1,1,3,2,2,2
2024,19-03-0597-43,Zacapa,1901,Público,Rural,Mujer,1,Primaria,Ladino/Mestizo,Diario,Matutina,Promovido,Sí,No,19-03,1,2,2,2,5,1,1,1,1,2,19
2024,15-08-0073-43,Baja Verapaz,1501,Público,Rural,Hombre,5,Primaria,Maya,Diario,Matutina,Promovido,No,No,15-08,1,2,1,2,1,1,1,1,2,2,15
2024,19-01-0122-45,Zacapa,1901,Público,Rural,Hombre,3,Básico,Ladino/Mestizo,Diario,Matutina,Retirado,No,No,19-01,1,2,1,3,5,1,1,3,2,2,19
2024,19-03-0097-43,Zacapa,1901,Público,Urbana,Mujer,2,Primaria,Ladino/Mestizo,Diario,Matutina,Promovido,No,No,19-03,1,1,2,2,5,1,1,1,2,2,19
2024,19-11-0012-43,Zacapa,1901,Público,Rural,Hombre,3,Primaria,Ladino/Mestizo,Diario,Matutina,Promovido,No,No,19-11,1,2,1,2,5,1,1,1,2,2,19
2024,02-08-0205-43,El Progreso,201,Público,Urbana,Mujer,6,Primaria,Ladino/Mestizo,Diario,Matutina,Promovido,No,No,02-08,1,1,2,2,5,1,1,1,2,2,2
2024,15-05-0036-43,Baja Verapaz,1501,Público,Rural,Hombre,2,Primaria,Ladino/Mestizo,Diario,Matutina,Promovido,No,No,15-05,1,2,1,2,5,1,1,1,2,2,15
2024,02-02-0003-45,El Progreso,201,Público,Urbana,Mujer,2,Básico,Ladino/Mestizo,Diario,Matutina,Promovido,No,No,02-02,1,1,2,3,5,1,1,1,2,2,2
2024,19-09-0281-43,Zacapa,1901,Público,Rural,Mujer,3,Primaria,Ladino/Mestizo,Diario,Matutina,Retirado,No,No,19-09,1,2,2,2,5,1,1,3,2,2,19
2024,02-04-0454-42,El Progreso,201,Público,Rural,Mujer,5,Preprimaria,Ladino/Mestizo,Diario,Matutina,Promovido,No,No,02-04,1,2,2,1,5,1,1,1,2,2,2
2024,19-03-0097-43,Zacapa,1901,Público,Urbana,Mujer,1,Primaria,Ladino/Mestizo,Diario,Matutina,No promovido,No,No,19-03,1,1,2,2,5,1,1,5,2,2,19
2024,19-09-0269-43,Zacapa,1901,Público,Rural,Hombre,1,Primaria,Ladino/Mestizo,Diario,Matutina,Retirado,No,No,19-09,1,2,1,2,5,1,1,3,2,2,19
2024,15-01-1274-46,Baja Verapaz,1501,Público,Urbana,Mujer,4,Diversificado,Maya,Diario,Vespertina,No promovido,No,No,15-01,1,1,2,4,1,1,2,5,2,2,15
2024,19-03-0122-43,Zacapa,1901,Público,Rural,Mujer,6,Primaria,Ladino/Mestizo,Diario,Matutina,Promovido,No,No,19-03,1,2,2,2,5,1,1,1,2,2,19
2024,19-11-0009-42,Zacapa,1901,Público,Rural,Mujer,6,Preprimaria,Ladino/Mestizo,Diario,Matutina,Promovido,No,No,19-11,1,2,2,1,5,1,1,1,2,2,19
2024,02-03-0089-43,El Progreso,201,Público,Rural,Hombre,4,Primaria,Ladino/Mestizo,Diario,Matutina,Promovido,No,No,02-03,1,2,1,2,5,1,1,1,2,2,2
2024,15-08-0107-45,Baja Verapaz,1501,Público,Rural,Hombre,2,Básico,Maya,Diario,Vespertina,Promovido,No,No,15-08,1,2,1,3,1,1,2,1,2,2,15
2024,15-02-0002-42,Baja Verapaz,1501,Público,Urbana,Mujer,6,Preprimaria,Ladino/Mestizo,Diario,Matutina,Retirado,No,No,15-02,1,1,2,1,5,1,1,3,2,2,15
2024,19-04-0157-43,Zacapa,1901,Público,Rural,Hombre,6,Primaria,Ladino/Mestizo,Diario,Matutina,Promovido,No,No,19-04,1,2,1,2,5,1,1,1,2,2,19
2024,15-04-0184-43,Baja Verapaz,1501,Público,Rural,Hombre,6,Primaria,Maya,Diario,Matutina,Promovido,No,No,15-04,1,2,1,2,1,1,1,1,2,2,15
2024,15-07-1671-43,Baja Verapaz,1501,Público,Urbana,Hombre,2,Primaria,Ladino/Mestizo,Diario,Vespertina,Promovido,No,No,15-07,1,1,1,2,5,1,2,1,2,2,15
2024,19-01-0072-45,Zacapa,1901,Público,Urbana,Hombre,2,Básico,Ladino/Mestizo,Diario,Matutina,Promovido,No,No,19-01,1,1,1,3,5,1,1,1,2,2,19
2024,19-02-0013-43,Zacapa,1901,Público,Urbana,Hombre,3,Primaria,Ladino/Mestizo,Diario,Vespertina,Promovido,No,No,19-02,1,1,1,2,5,1,2,1,2,2,19
2024,02-05-0130-45,El Progreso,201,Público,Urbana,Hombre,1,Básico,Ladino/Mestizo,Diario,Matutina,Promovido,No,No,02-05,1,1,1,3,5,1,1,1,2,2,2
2024,15-02-0073-43,Baja Verapaz,1501,Público,Rural,Mujer,4,Primaria,Maya,Diario,Matutina,Promovido,No,No,15-02,1,2,2,2,1,1,1,1,2,2,15
2024,02-03-0670-42,El Progreso,201,Público,Rural,Mujer,5,Preprimaria,Ladino/Mestizo,Diario,Matutina,Retirado,No,No,02-03,1,2,2,1,5,1,1,3,2,2,2
2024,19-09-0285-43,Zacapa,1901,Público,Rural,Hombre,3,Primaria,Ladino/Mestizo,Diario,Matutina,Promovido,No,No,19-09,1,2,1,2,5,1,1,1,2,2,19
2024,19-09-0328-43,Zacapa,1901,Público,Rural,Hombre,3,Primaria,Ladino/Mestizo,Diario,Matutina,Promovido,No,No,19-09,1,2,1,2,5,1,1,1,2,2,19
2024,15-02-0032-42,Baja Verapaz,1501,Público,Rural,Mujer,3,Preprimaria,Maya,Diario,Matutina,Promovido,No,No,15-02,1,2,2,1,1,1,1,1,2,2,15
2024,02-03-0060-43,El Progreso,201,Público,Urbana,Mujer,6,Primaria,Ladino/Mestizo,Diario,Matutina,Promovido,No,No,02-03,1,1,2,2,5,1,1,1,2,2,2
2024,15-04-0029-42,Baja Verapaz,1501,Público,Rural,Hombre,5,Preprimaria,Maya,Diario,Matutina,Promovido,No,No,15-04,1,2,1,1,1,1,1,1,2,2,15
2024,15-07-1234-42,Baja Verapaz,1501,Público,Rural,Hombre,4,Preprimaria,Ladino/Mestizo,Diario,Matutina,Promovido,No,No,15-07,1,2,1,1,5,1,1,1,2,2,15
2024,15-04-0080-43,Baja Verapaz,1501,Público,Rural,Hombre,6,Primaria,Maya,Diario,Matutina,Retirado,No,No,15-04,1,2,1,2,1,1,1,3,2,2,15
2024,15-08-0063-43,Baja Verapaz,1501,Público,Rural,Mujer,1,Primaria,Maya,Diario,Matutina,Promovido,No,No,15-08,1,2,2,2,1,1,1,1,2,2,15
2024,02-07-0713-42,El Progreso,201,Público,Rural,Mujer,4,Preprimaria,Ladino/Mestizo,Diario,Matutina,Retirado,No,No,02-07,1,2,2,1,5,1,1,3,2,2,2
2024,15-07-0243-43,Baja Verapaz,1501,Público,Rural,Hombre,2,Primaria,Ladino/Mestizo,Diario,Matutina,Promovido,No,No,15-07,1,2,1,2,5,1,1,1,2,2,15
2024,15-01-2024-45,Baja Verapaz,1501,Privado,Urbana,Hombre,2,Básico,Ladino/Mestizo,Fin de semana,Doble,Promovido,No,No,15-01,2,1,1,3,5,2,4,1,2,2,15
2024,19-09-0011-45,Zacapa,1901,Público,Rural,Hombre,2,Básico,Ladino/Mestizo,Diario,Vespertina,Promovido,No,No,19-09,1,2,1,3,5,1,2,1,2,2,19
2024,02-03-0007-42,El Progreso,201,Público,Rural,Hombre,5,Preprimaria,Ladino/Mestizo,Diario,Matutina,Promovido,No,No,02-03,1,2,1,1,5,1,1,1,2,2,2
2024,02-03-0137-42,El Progreso,201,Público,Rural,Mujer,5,Preprimaria,Ladino/Mestizo,Diario,Matutina,Promovido,No,No,02-03,1,2,2,1,5,1,1,1,2,2,2
2024,02-01-0060-45,El Progreso,201,Privado,Urbana,Mujer,1,Básico,Ladino/Mestizo,Diario,Matutina,Promovido,No,No,02-01,2,1,2,3,5,1,1,1,2,2,2
2024,19-05-0955-42,Zacapa,1901,Público,Urbana,Mujer,6,Preprimaria,Ladino/Mestizo,Diario,Vespertina,Promovido,No,No,19-05,1,1,2,1,5,1,2,1,2,2,19
2024,02-02-0391-42,El Progreso,201,Público,Rural,Hombre,5,Preprimaria,Ladino/Mestizo,Diario,Matutina,Promovido,No,No,02-02,1,2,1,1,5,1,1,1,2,2,2
2024,15-08-0042-43,Baja Verapaz,1501,Público,Rural,Mujer,5,Primaria,Maya,Diario,Matutina,Promovido,No,No,15-08,1,2,2,2,1,1,1,1,2,2,15
2024,19-09-1224-42,Zacapa,1901,Público,Rural,Mujer,6,Preprimaria,Ladino/Mestizo,Diario,Matutina,Promovido,No,No,19-09,1,2,2,1,5,1,1,1,2,2,19
2024,15-05-1819-42,Baja Verapaz,1501,Público,Rural,Mujer,6,Preprimaria,Ladino/Mestizo,Diario,Matutina,Promovido,No,No,15-05,1,2,2,1,5,1,1,1,2,2,15
2024,19-02-0019-46,Zacapa,1901,Público,Urbana,Hombre,6,Diversificado,Ladino/Mestizo,Diario,Nocturna,Promovido,No,Sí,19-02,1,1,1,4,5,1,3,1,2,1,19
2024,19-01-0729-45,Zacapa,1901,Público,Rural,Hombre,2,Básico,Ladino/Mestizo,Diario,Vespertina,Retirado,No,No,19-01,1,2,1,3,5,1,2,3,2,2,19
2024,02-07-0160-43,El Progreso,201,Público,Urbana,Mujer,4,Primaria,Ladino/Mestizo,Diario,Matutina,Promovido,No,No,02-07,1,1,2,2,5,1,1,1,2,2,2
2024,19-04-0072-43,Zacapa,1901,Público,Rural,Mujer,3,Primaria,Ladino/Mestizo,Diario,Matutina,Promovido,No,No,19-04,1,2,2,2,5,1,1,1,2,2,19
2024,19-05-0213-45,Zacapa,1901,Público,Urbana,Mujer,2,Básico,Ladino/Mestizo,Diario,Matutina,Promovido,No,No,19-05,1,1,2,3,5,1,1,1,2,2,19
2024,19-04-0056-43,Zacapa,1901,Público,Rural,Mujer,2,Primaria,Ladino/Mestizo,Diario,Matutina,Promovido,No,No,19-04,1,2,2,2,5,1,1,1,2,2,19
2024,15-02-0068-42,Baja Verapaz,1501,Público,Urbana,Mujer,4,Preprimaria,Maya,Diario,Matutina,Promovido,No,No,15-02,1,1,2,1,1,1,1,1,2,2,15
2024,02-03-0045-42,El Progreso,201,Público,Rural,Hombre,6,Preprimaria,Ladino/Mestizo,Diario,Matutina,Promovido,No,No,02-03,1,2,1,1,5,1,1,1,2,2,2
2024,15-08-0091-43,Baja Verapaz,1501,Público,Rural,Hombre,2,Primaria,Ladino/Mestizo,Diario,Matutina,Promovido,No,No,15-08,1,2,1,2,5,1,1,1,2,2,15
2024,02-07-0007-45,El Progreso,201,Público,Rural,Mujer,2,Básico,Ladino/Mestizo,Diario,Matutina,No promovido,No,Ignorado,02-07,1,2,2,3,5,1,1,5,2,9,2
2024,15-01-0112-46,Baja Verapaz,1501,Privado,Urbana,Mujer,5,Diversificado,Maya,Diario,Matutina,Promovido,Sí,Sí,15-01,2,1,2,4,1,1,1,1,1,1,15
2024,15-04-0093-45,Baja Verapaz,1501,Público,Rural,Hombre,2,Básico,Maya,Diario,Vespertina,Promovido,No,No,15-04,1,2,1,3,1,1,2,1,2,2,15
2024,19-01-0076-45,Zacapa,1901,Cooperativa,Rural,Mujer,3,Básico,Ladino/Mestizo,Diario,Vespertina,Promovido,No,No,19-01,4,2,2,3,5,1,2,1,2,2,19
2024,15-02-1235-42,Baja Verapaz,1501,Público,Rural,Mujer,2,Preprimaria,Maya,Diario,Matutina,Promovido,No,No,15-02,1,2,2,1,1,1,1,1,2,2,15
2024,19-02-1083-42,Zacapa,1901,Privado,Urbana,Mujer,4,Preprimaria,Ladino/Mestizo,Diario,Matutina,Promovido,No,No,19-02,2,1,2,1,5,1,1,1,2,2,19
2024,15-03-0116-43,Baja Verapaz,1501,Público,Rural,Hombre,2,Primaria,Maya,Diario,Matutina,No promovido,No,No,15-03,1,2,1,2,1,1,1,5,2,2,15
2024,15-02-0060-45,Baja Verapaz,1501,Privado,Urbana,Hombre,3,Básico,Maya,Diario,Vespertina,Promovido,No,No,15-02,2,1,1,3,1,1,2,1,2,2,15
2024,15-08-0001-43,Baja Verapaz,1501,Público,Rural,Mujer,4,Primaria,Maya,Diario,Matutina,Promovido,No,No,15-08,1,2,2,2,1,1,1,1,2,2,15
2024,15-02-1764-42,Baja Verapaz,1501,Público,Urbana,Hombre,1,Preprimaria,Maya,Diario,Matutina,Promovido,No,No,15-02,1,1,1,1,1,1,1,1,2,2,15
2024,19-05-0202-43,Zacapa,1901,Público,Rural,Mujer,3,Primaria,Ladino/Mestizo,Diario,Matutina,Promovido,No,No,19-05,1,2,2,2,5,1,1,1,2,2,19
2024,02-01-0244-43,El Progreso,201,Privado,Urbana,Mujer,6,Primaria,Ladino/Mestizo,Diario,Matutina,Promovido,No,No,02-01,2,1,2,2,5,1,1,1,2,2,2
2024,15-02-0030-42,Baja Verapaz,1501,Público,Rural,Hombre,2,Preprimaria,Maya,Diario,Matutina,Promovido,No,No,15-02,1,2,1,1,1,1,1,1,2,2,15
2024,19-05-0209-43,Zacapa,1901,Público,Rural,Mujer,3,Primaria,Ladino/Mestizo,Diario,Matutina,Promovido,No,No,19-05,1,2,2,2,5,1,1,1,2,2,19
2024,15-04-1793-43,Baja Verapaz,1501,Privado,Urbana,Mujer,2,Primaria,Ladino/Mestizo,Diario,Matutina,Promovido,No,No,15-04,2,1,2,2,5,1,1,1,2,2,15
2024,19-05-0201-43,Zacapa,1901,Público,Urbana,Mujer,1,Primaria,Ladino/Mestizo,Diario,Matutina,Promovido,No,No,19-05,1,1,2,2,5,1,1,1,2,2,19
2024,15-03-0119-43,Baja Verapaz,1501,Público,Rural,Hombre,6,Primaria,Maya,Diario,Matutina,Promovido,No,No,15-03,1,2,1,2,1,1,1,1,2,2,15
2024,15-03-1231-42,Baja Verapaz,1501,Público,Urbana,Hombre,0,Preprimaria,Maya,Diario,Matutina,Promovido,No,No,15-03,1,1,1,1,1,1,1,1,2,2,15
2024,19-10-1079-42,Zacapa,1901,Público,Rural,Mujer,6,Preprimaria,Ladino/Mestizo,Diario,Matutina,Promovido,No,No,19-10,1,2,2,1,5,1,1,1,2,2,19
2024,19-01-0337-43,Zacapa,1901,Público,Rural,Mujer,2,Primaria,Ladino/Mestizo,Diario,Matutina,Promovido,No,No,19-01,1,2,2,2,5,1,1,1,2,2,19
2024,15-04-0213-45,Baja Verapaz,1501,Público,Rural,Hombre,2,Básico,Maya,Diario,Vespertina,Promovido,No,No,15-04,1,2,1,3,1,1,2,1,2,2,15
2024,02-06-0151-43,El Progreso,201,Público,Rural,Hombre,5,Primaria,Ladino/Mestizo,Diario,Matutina,Promovido,No,No,02-06,1,2,1,2,5,1,1,1,2,2,2
2024,02-07-0172-43,El Progreso,201,Público,Rural,Mujer,2,Primaria,Ladino/Mestizo,Diario,Matutina,Promovido,No,No,02-07,1,2,2,2,5,1,1,1,2,2,2
2024,02-02-0052-43,El Progreso,201,Público,Rural,Hombre,1,Primaria,Ladino/Mestizo,Diario,Matutina,Promovido,No,No,02-02,1,2,1,2,5,1,1,1,2,2,2
2024,02-03-0578-42,El Progreso,201,Público,Rural,Hombre,6,Preprimaria,Ladino/Mestizo,Diario,Matutina,Promovido,No,No,02-03,1,2,1,1,5,1,1,1,2,2,2
2024,15-01-0024-43,Baja Verapaz,1501,Público,Rural,Mujer,3,Primaria,Ladino/Mestizo,Diario,Matutina,No promovido,Sí,No,15-01,1,2,2,2,5,1,1,5,1,2,15
2024,19-02-0614-42,Zacapa,1901,Público,Rural,Mujer,2,Preprimaria,Ladino/Mestizo,Diario,Matutina,Promovido,No,No,19-02,1,2,2,1,5,1,1,1,2,2,19
2024,02-06-0149-43,El Progreso,201,Público,Urbana,Mujer,3,Primaria,Ladino/Mestizo,Diario,Matutina,Promovido,No,No,02-06,1,1,2,2,5,1,1,1,2,2,2
2024,15-04-0135-42,Baja Verapaz,1501,Público,Urbana,Hombre,6,Preprimaria,Maya,Diario,Matutina,Promovido,No,No,15-04,1,1,1,1,1,1,1,1,2,2,15
2024,15-01-0011-43,Baja Verapaz,1501,Público,Rural,Mujer,1,Primaria,Ladino/Mestizo,Diario,Matutina,Promovido,No,No,15-01,1,2,2,2,5,1,1,1,2,2,15
2024,15-08-0142-45,Baja Verapaz,1501,Público,Rural,Mujer,2,Básico,Maya,Diario,Vespertina,Promovido,No,No,15-08,1,2,2,3,1,1,2,1,2,2,15
2024,15-05-0010-43,Baja Verapaz,1501,Público,Rural,Hombre,1,Primaria,Maya,Diario,Matutina,Promovido,No,No,15-05,1,2,1,2,1,1,1,1,2,2,15
2024,19-06-0008-46,Zacapa,1901,Público,Rural,Mujer,4,Diversificado,Ladino/Mestizo,Diario,Vespertina,Promovido,No,No,19-06,1,2,2,4,5,1,2,1,2,2,19
2024,02-03-0045-42,El Progreso,201,Público,Rural,Mujer,6,Preprimaria,Ladino/Mestizo,Diario,Matutina,Promovido,No,No,02-03,1,2,2,1,5,1,1,1,2,2,2
2024,15-02-0033-42,Baja Verapaz,1501,Público,Rural,Mujer,4,Preprimaria,Maya,Diario,Matutina,Promovido,No,No,15-02,1,2,2,1,1,1,1,1,2,2,15
2024,15-05-0198-43,Baja Verapaz,1501,Público,Rural,Mujer,5,Primaria,Ladino/Mestizo,Diario,Matutina,Promovido,No,No,15-05,1,2,2,2,5,1,1,1,2,2,15
2024,02-03-0060-43,El Progreso,201,Público,Urbana,Hombre,6,Primaria,Ladino/Mestizo,Diario,Matutina,Promovido,No,No,02-03,1,1,1,2,5,1,1,1,2,2,2
2024,02-07-0197-43,El Progreso,201,Privado,Rural,Mujer,1,Primaria,Ladino/Mestizo,Diario,Doble,Promovido,No,No,02-07,2,2,2,2,5,1,4,1,2,2,2
2024,15-08-0169-43,Baja Verapaz,1501,Público,Rural,Mujer,3,Primaria,Maya,Diario,Matutina,Promovido,No,No,15-08,1,2,2,2,1,1,1,1,2,2,15
2024,15-02-0113-43,Baja Verapaz,1501,Privado,Rural,Mujer,3,Primaria,Maya,Diario,Matutina,Promovido,No,No,15-02,2,2,2,2,1,1,1,1,2,2,15
2024,02-07-0028-43,El Progreso,201,Privado,Urbana,Hombre,1,Primaria,Ladino/Mestizo,Diario,Matutina,Promovido,No,No,02-07,2,1,1,2,5,1,1,1,2,2,2
2024,19-04-0167-43,Zacapa,1901,Público,Rural,Hombre,2,Primaria,Ladino/Mestizo,Diario,Matutina,Promovido,No,No,19-04,1,2,1,2,5,1,1,1,2,2,19
2024,15-08-0147-45,Baja Verapaz,1501,Público,Rural,Hombre,3,Básico,Maya,Diario,Vespertina,Promovido,No,No,15-08,1,2,1,3,1,1,2,1,2,2,15
2024,19-03-0105-43,Zacapa,1901,Público,Rural,Mujer,2,Primaria,Ladino/Mestizo,Diario,Matutina,Promovido,No,No,19-03,1,2,2,2,5,1,1,1,2,2,19
2024,15-02-0070-43,Baja Verapaz,1501,Público,Urbana,Mujer,2,Primaria,Maya,Diario,Matutina,Promovido,No,No,15-02,1,1,2,2,1,1,1,1,2,2,15
2024,19-10-0303-45,Zacapa,1901,Público,Urbana,Mujer,3,Básico,Ladino/Mestizo,Diario,Matutina,Promovido,No,No,19-10,1,1,2,3,5,1,1,1,2,2,19
2024,19-01-0023-43,Zacapa,1901,Público,Rural,Mujer,5,Primaria,Ladino/Mestizo,Diario,Matutina,No promovido,No,No,19-01,1,2,2,2,5,1,1,5,2,2,19
2024,02-06-0421-42,El Progreso,201,Público,Rural,Mujer,5,Preprimaria,Ladino/Mestizo,Diario,Matutina,Promovido,No,No,02-06,1,2,2,1,5,1,1,1,2,2,2
2024,15-03-0072-42,Baja Verapaz,1501,Público,Urbana,Mujer,6,Preprimaria,Maya,Diario,Matutina,Promovido,No,No,15-03,1,1,2,1,1,1,1,1,2,2,15
2024,19-01-0139-45,Zacapa,1901,Privado,Urbana,Hombre,2,Básico,Ladino/Mestizo,Diario,Matutina,Promovido,No,No,19-01,2,1,1,3,5,1,1,1,2,2,19
2024,19-11-0004-42,Zacapa,1901,Público,Rural,Mujer,2,Preprimaria,Ladino/Mestizo,Diario,Matutina,Promovido,No,No,19-11,1,2,2,1,5,1,1,1,2,2,19
2024,15-07-0238-43,Baja Verapaz,1501,Público,Rural,Mujer,1,Primaria,Ladino/Mestizo,Diario,Matutina,Promovido,No,No,15-07,1,2,2,2,5,1,1,1,2,2,15
2024,02-07-0026-43,El Progreso,201,Privado,Urbana,Mujer,4,Primaria,Ladino/Mestizo,Diario,Matutina,Promovido,No,No,02-07,2,1,2,2,5,1,1,1,2,2,2
2024,15-04-0136-43,Baja Verapaz,1501,Público,Urbana,Mujer,6,Primaria,Ladino/Mestizo,Diario,Matutina,Promovido,No,No,15-04,1,1,2,2,5,1,1,1,2,2,15
2024,15-03-0119-43,Baja Verapaz,1501,Público,Rural,Mujer,2,Primaria,Maya,Diario,Matutina,Promovido,No,No,15-03,1,2,2,2,1,1,1,1,2,2,15
2024,02-03-0148-46,El Progreso,201,Privado,Urbana,Mujer,4,Diversificado,Ladino/Mestizo,Semipresencial,Ignorado,No promovido,No,Sí,02-03,2,1,2,4,5,4,9,5,2,1,2
2024,19-01-0011-43,Zacapa,1901,Público,Urbana,Hombre,5,Primaria,Ladino/Mestizo,Diario,Matutina,Promovido,No,No,19-01,1,1,1,2,5,1,1,1,2,2,19
2024,02-03-0740-43,El Progreso,201,Público,Rural,Mujer,1,Primaria,Ladino/Mestizo,Diario,Matutina,No promovido,No,No,02-03,1,2,2,2,5,1,1,5,2,2,2
2024,02-07-0169-43,El Progreso,201,Público,Rural,Mujer,1,Primaria,Ladino/Mestizo,Diario,Matutina,Promovido,Sí,No,02-07,1,2,2,2,5,1,1,1,1,2,2
2024,19-01-0030-43,Zacapa,1901,Público,Rural,Hombre,5,Primaria,Ladino/Mestizo,Diario,Matutina,Promovido,No,No,19-01,1,2,1,2,5,1,1,1,2,2,19
2024,15-04-0136-43,Baja Verapaz,1501,Público,Urbana,Mujer,1,Primaria,Maya,Diario,Matutina,Promovido,No,No,15-04,1,1,2,2,1,1,1,1,2,2,15
2024,02-03-0091-43,El Progreso,201,Público,Rural,Hombre,3,Primaria,Ladino/Mestizo,Diario,Matutina,Retirado,No,No,02-03,1,2,1,2,5,1,1,3,2,2,2
2024,15-02-0050-45,Baja Verapaz,1501,Público,Urbana,Mujer,1,Básico,Ladino/Mestizo,Diario,Matutina,Promovido,No,No,15-02,1,1,2,3,5,1,1,1,2,2,15
2024,02-03-0060-43,El Progreso,201,Público,Urbana,Hombre,2,Primaria,Ladino/Mestizo,Diario,Matutina,Promovido,No,No,02-03,1,1,1,2,5,1,1,1,2,2,2
2024,02-03-0080-43,El Progreso,201,Público,Rural,Hombre,2,Primaria,Ladino/Mestizo,Diario,Matutina,Promovido,No,No,02-03,1,2,1,2,5,1,1,1,2,2,2
2024,02-03-0047-45,El Progreso,201,Público,Rural,Mujer,1,Básico,Ladino/Mestizo,Diario,Vespertina,Promovido,No,No,02-03,1,2,2,3,5,1,2,1,2,2,2
2024,19-06-0222-43,Zacapa,1901,Público,Rural,Mujer,4,Primaria,Ladino/Mestizo,Diario,Matutina,Promovido,No,No,19-06,1,2,2,2,5,1,1,1,2,2,19
2024,15-07-0254-45,Baja Verapaz,1501,Cooperativa,Urbana,Mujer,3,Básico,Ladino/Mestizo,Diario,Vespertina,Promovido,No,No,15-07,4,1,2,3,5,1,2,1,2,2,15
2024,02-07-0168-43,El Progreso,201,Público,Rural,Mujer,4,Primaria,Ladino/Mestizo,Diario,Matutina,Promovido,No,No,02-07,1,2,2,2,5,1,1,1,2,2,2
2024,19-09-0272-43,Zacapa,1901,Público,Rural,Hombre,3,Primaria,Ladino/Mestizo,Diario,Matutina,Promovido,Sí,No,19-09,1,2,1,2,5,1,1,1,1,2,19
2024,02-06-0752-43,El Progreso,201,Privado,Urbana,Mujer,1,Primaria,Ladino/Mestizo,Diario,Matutina,Promovido,No,No,02-06,2,1,2,2,5,1,1,1,2,2,2
2024,02-05-0131-45,El Progreso,201,Cooperativa,Rural,Mujer,2,Básico,Ladino/Mestizo,Diario,Vespertina,Promovido,No,No,02-05,4,2,2,3,5,1,2,1,2,2,2
2024,19-01-0012-43,Zacapa,1901,Público,Urbana,Mujer,5,Primaria,Ladino/Mestizo,Diario,Matutina,Promovido,No,No,19-01,1,1,2,2,5,1,1,1,2,2,19
2024,02-02-0030-43,El Progreso,201,Público,Urbana,Hombre,3,Primaria,Ladino/Mestizo,Diario,Matutina,Promovido,No,No,02-02,1,1,1,2,5,1,1,1,2,2,2
2024,19-05-0891-42,Zacapa,1901,Público,Rural,Hombre,5,Preprimaria,Ladino/Mestizo,Diario,Matutina,Retirado,No,No,19-05,1,2,1,1,5,1,1,3,2,2,19
2024,15-03-0074-45,Baja Verapaz,1501,Público,Urbana,Hombre,1,Básico,Ladino/Mestizo,Diario,Vespertina,Promovido,No,No,15-03,1,1,1,3,5,1,2,1,2,2,15
2024,02-04-0631-42,El Progreso,201,Público,Rural,Mujer,4,Preprimaria,Ladino/Mestizo,Diario,Matutina,Promovido,No,No,02-04,1,2,2,1,5,1,1,1,2,2,2
2024,15-08-0356-43,Baja Verapaz,1501,Público,Rural,Mujer,1,Primaria,Maya,Diario,Matutina,Promovido,No,No,15-08,1,2,2,2,1,1,1,1,2,2,15
2024,15-03-0095-42,Baja Verapaz,1501,Público,Urbana,Hombre,6,Preprimaria,Ladino/Mestizo,Diario,Matutina,Promovido,No,No,15-03,1,1,1,1,5,1,1,1,2,2,15
2024,15-01-0017-43,Baja Verapaz,1501,Público,Urbana,Mujer,2,Primaria,Ladino/Mestizo,Diario,Matutina,Promovido,No,No,15-01,1,1,2,2,5,1,1,1,2,2,15
2024,02-03-0583-43,El Progreso,201,Público,Rural,Mujer,5,Primaria,Ladino/Mestizo,Diario,Vespertina,Promovido,No,No,02-03,1,2,2,2,5,1,2,1,2,2,2
2024,19-01-0046-43,Zacapa,1901,Público,Rural,Hombre,6,Primaria,Ladino/Mestizo,Diario,Matutina,Promovido,No,No,19-01,1,2,1,2,5,1,1,1,2,2,19
2024,15-04-0204-45,Baja Verapaz,1501,Público,Rural,Hombre,1,Básico,Maya,Diario,Vespertina,Promovido,No,No,15-04,1,2,1,3,1,1,2,1,2,2,15
2024,19-01-0040-43,Zacapa,1901,Público,Rural,Hombre,2,Primaria,Ladino/Mestizo,Diario,Matutina,No promovido,Sí,No,19-01,1,2,1,2,5,1,1,5,1,2,19
2024,19-06-0683-42,Zacapa,1901,Público,Rural,Mujer,5,Preprimaria,Ladino/Mestizo,Diario,Matutina,Promovido,No,No,19-06,1,2,2,1,5,1,1,1,2,2,19
2024,02-05-0115-43,El Progreso,201,Público,Urbana,Hombre,5,Primaria,Ladino/Mestizo,Diario,Matutina,Promovido,No,No,02-05,1,1,1,2,5,1,1,1,2,2,2
2024,02-07-0188-42,El Progreso,201,Público,Rural,Hombre,6,Preprimaria,Ladino/Mestizo,Diario,Matutina,Promovido,No,No,02-07,1,2,1,1,5,1,1,1,2,2,2
2024,02-07-0160-43,El Progreso,201,Público,Urbana,Mujer,5,Primaria,Ladino/Mestizo,Diario,Matutina,Promovido,No,No,02-07,1,1,2,2,5,1,1,1,2,2,2
2024,19-02-0089-43,Zacapa,1901,Público,Urbana,Hombre,6,Primaria,Ladino/Mestizo,Diario,Matutina,Promovido,No,No,19-02,1,1,1,2,5,1,1,1,2,2,19
2024,19-01-0100-42,Zacapa,1901,Público,Rural,Mujer,5,Preprimaria,Ladino/Mestizo,Diario,Matutina,Promovido,No,No,19-01,1,2,2,1,5,1,1,1,2,2,19
2024,15-05-1824-42,Baja Verapaz,1501,Público,Rural,Mujer,6,Preprimaria,Ladino/Mestizo,Diario,Matutina,Promovido,No,No,15-05,1,2,2,1,5,1,1,1,2,2,15
2024,19-09-0282-43,Zacapa,1901,Público,Rural,Mujer,1,Primaria,Ladino/Mestizo,Diario,Matutina,Promovido,No,No,19-09,1,2,2,2,5,1,1,1,2,2,19
2024,15-08-1263-42,Baja Verapaz,1501,Público,Rural,Hombre,6,Preprimaria,Maya,Diario,Vespertina,Promovido,No,No,15-08,1,2,1,1,1,1,2,1,2,2,15
2024,02-03-0060-43,El Progreso,201,Público,Urbana,Mujer,3,Primaria,Ladino/Mestizo,Diario,Matutina,Promovido,No,No,02-03,1,1,2,2,5,1,1,1,2,2,2
2024,15-02-0005-42,Baja Verapaz,1501,Público,Rural,Hombre,5,Preprimaria,Maya,Diario,Matutina,Promovido,No,No,15-02,1,2,1,1,1,1,1,1,2,2,15
2024,19-04-0188-43,Zacapa,1901,Privado,Rural,Mujer,3,Primaria,Ladino/Mestizo,Diario,Matutina,Promovido,No,No,19-04,2,2,2,2,5,1,1,1,2,2,19
2024,19-04-0037-43,Zacapa,1901,Público,Rural,Mujer,5,Primaria,Ladino/Mestizo,Diario,Matutina,Promovido,No,No,19-04,1,2,2,2,5,1,1,1,2,2,19
2024,02-02-0575-42,El Progreso,201,Público,Rural,Mujer,6,Preprimaria,Ladino/Mestizo,Diario,Matutina,Promovido,No,No,02-02,1,2,2,1,5,1,1,1,2,2,2
2024,19-03-0116-43,Zacapa,1901,Público,Rural,Mujer,1,Primaria,Ladino/Mestizo,Diario,Matutina,Promovido,No,No,19-03,1,2,2,2,5,1,1,1,2,2,19
2024,15-07-0239-43,Baja Verapaz,1501,Público,Rural,Hombre,1,Primaria,Ladino/Mestizo,Diario,Matutina,Promovido,No,No,15-07,1,2,1,2,5,1,1,1,2,2,15
2024,15-02-0013-43,Baja Verapaz,1501,Público,Urbana,Mujer,5,Primaria,Maya,Diario,Matutina,Promovido,No,No,15-02,1,1,2,2,1,1,1,1,2,2,15
2024,15-08-0217-45,Baja Verapaz,1501,Público,Rural,Mujer,1,Básico,Ladino/Mestizo,Diario,Vespertina,Promovido,No,No,15-08,1,2,2,3,5,1,2,1,2,2,15
2024,15-08-0143-45,Baja Verapaz,1501,Público,Rural,Hombre,1,Básico,Maya,Diario,Vespertina,Promovido,No,No,15-08,1,2,1,3,1,1,2,1,2,2,15
2024,19-01-0011-43,Zacapa,1901,Público,Urbana,Hombre,6,Primaria,Ladino/Mestizo,Diario,Matutina,No promovido,No,No,19-01,1,1,1,2,5,1,1,5,2,2,19
2024,02-07-0163-43,El Progreso,201,Público,Rural,Mujer,2,Primaria,Ladino/Mestizo,Diario,Matutina,Promovido,No,No,02-07,1,2,2,2,5,1,1,1,2,2,2
2024,19-01-0332-46,Zacapa,1901,Privado,Urbana,Hombre,6,Diversificado,Ladino/Mestizo,Diario,Doble,Promovido,No,Sí,19-01,2,1,1,4,5,1,4,1,2,1,19
2024,19-01-0003-42,Zacapa,1901,Público,Urbana,Mujer,4,Preprimaria,Ladino/Mestizo,Diario,Matutina,Promovido,No,No,19-01,1,1,2,1,5,1,1,1,2,2,19
2024,15-07-1161-43,Baja Verapaz,1501,Público,Rural,Mujer,5,Primaria,Ladino/Mestizo,Diario,Matutina,Promovido,No,No,15-07,1,2,2,2,5,1,1,1,2,2,15
2024,19-02-0095-45,Zacapa,1901,Público,Urbana,Hombre,1,Básico,Ladino/Mestizo,Diario,Matutina,No promovido,No,No,19-02,1,1,1,3,5,1,1,5,2,2,19
2024,15-01-0117-43,Baja Verapaz,1501,Público,Rural,Mujer,1,Primaria,Ladino/Mestizo,Diario,Matutina,Promovido,No,No,15-01,1,2,2,2,5,1,1,1,2,2,15
2024,02-06-0225-43,El Progreso,201,Público,Rural,Hombre,2,Primaria,Ladino/Mestizo,Diario,Matutina,No promovido,Sí,No,02-06,1,2,1,2,5,1,1,5,1,2,2
2024,19-01-0078-46,Zacapa,1901,Público,Urbana,Mujer,5,Diversificado,Ladino/Mestizo,Diario,Vespertina,No promovido,No,No,19-01,1,1,2,4,5,1,2,5,2,2,19
2024,19-08-0260-45,Zacapa,1901,Público,Urbana,Hombre,1,Básico,Ladino/Mestizo,Diario,Matutina,Promovido,No,No,19-08,1,1,1,3,5,1,1,1,2,2,19
2024,02-01-0595-42,El Progreso,201,Público,Rural,Hombre,3,Preprimaria,Ladino/Mestizo,Diario,Matutina,Promovido,No,No,02-01,1,2,1,1,5,1,1,1,2,2,2
2024,02-07-0185-43,El Progreso,201,Público,Rural,Mujer,2,Primaria,Ladino/Mestizo,Diario,Matutina,Promovido,No,No,02-07,1,2,2,2,5,1,1,1,2,2,2
2024,15-08-0065-43,Baja Verapaz,1501,Público,Rural,Mujer,1,Primaria,Maya,Diario,Matutina,No promovido,No,No,15-08,1,2,2,2,1,1,1,5,2,2,15
2024,15-04-0670-46,Baja Verapaz,1501,Privado,Urbana,Mujer,5,Diversificado,Maya,Diario,Vespertina,Promovido,Sí,Sí,15-04,2,1,2,4,1,1,2,1,1,1,15
2024,15-08-0199-43,Baja Verapaz,1501,Público,Rural,Hombre,5,Primaria,Maya,Diario,Matutina,Promovido,No,No,15-08,1,2,1,2,1,1,1,1,2,2,15
2024,02-03-0394-42,El Progreso,201,Público,Rural,Mujer,6,Preprimaria,Ladino/Mestizo,Diario,Matutina,Promovido,No,No,02-03,1,2,2,1,5,1,1,1,2,2,2
2024,15-07-1703-42,Baja Verapaz,1501,Público,Rural,Mujer,6,Preprimaria,Ladino/Mestizo,Diario,Matutina,Promovido,No,No,15-07,1,2,2,1,5,1,1,1,2,2,15
2024,15-02-0068-42,Baja Verapaz,1501,Público,Urbana,Hombre,5,Preprimaria,Maya,Diario,Matutina,Promovido,No,No,15-02,1,1,1,1,1,1,1,1,2,2,15
2024,02-08-0636-45,El Progreso,201,Cooperativa,Rural,Hombre,3,Básico,Ladino/Mestizo,Diario,Vespertina,Promovido,No,No,02-08,4,2,1,3,5,1,2,1,2,2,2
2024,19-07-0235-43,Zacapa,1901,Público,Rural,Mujer,5,Primaria,Ladino/Mestizo,Diario,Matutina,Promovido,Sí,No,19-07,1,2,2,2,5,1,1,1,1,2,19
2024,15-02-0009-43,Baja Verapaz,1501,Público,Rural,Mujer,6,Primaria,Maya,Diario,Matutina,Promovido,No,No,15-02,1,2,2,2,1,1,1,1,2,2,15
2024,02-01-0010-43,El Progreso,201,Público,Rural,Hombre,2,Primaria,Ladino/Mestizo,Diario,Matutina,Promovido,No,No,02-01,1,2,1,2,5,1,1,1,2,2,2
2024,15-08-0174-45,Baja Verapaz,1501,Privado,Urbana,Hombre,3,Básico,Ladino/Mestizo,Fin de semana,Doble,Promovido,No,No,15-08,2,1,1,3,5,2,4,1,2,2,15
2024,15-08-0104-45,Baja Verapaz,1501,Público,Rural,Hombre,3,Básico,Maya,Diario,Vespertina,Promovido,No,No,15-08,1,2,1,3,1,1,2,1,2,2,15
2024,02-07-0174-43,El Progreso,201,Público,Rural,Hombre,5,Primaria,Ladino/Mestizo,Diario,Matutina,Promovido,No,No,02-07,1,2,1,2,5,1,1,1,2,2,2
2024,19-01-0697-45,Zacapa,1901,Cooperativa,Rural,Hombre,2,Básico,Ladino/Mestizo,Diario,Vespertina,Promovido,No,No,19-01,4,2,1,3,5,1,2,1,2,2,19
2024,15-05-0036-43,Baja Verapaz,1501,Público,Rural,Hombre,5,Primaria,Ladino/Mestizo,Diario,Matutina,Promovido,Sí,No,15-05,1,2,1,2,5,1,1,1,1,2,15
2024,15-05-0675-43,Baja Verapaz,1501,Público,Rural,Hombre,6,Primaria,Ladino/Mestizo,Diario,Matutina,Promovido,No,No,15-05,1,2,1,2,5,1,1,1,2,2,15
2024,19-11-0017-43,Zacapa,1901,Público,Rural,Hombre,2,Primaria,Ladino/Mestizo,Diario,Matutina,No promovido,Sí,No,19-11,1,2,1,2,5,1,1,5,1,2,19
2024,15-03-0778-46,Baja Verapaz,1501,Privado,Urbana,Mujer,6,Diversificado,Maya,Diario,Vespertina,Promovido,No,Sí,15-03,2,1,2,4,1,1,2,1,2,1,15
2024,19-01-0139-45,Zacapa,1901,Privado,Urbana,Hombre,1,Básico,Ladino/Mestizo,Diario,Matutina,Promovido,No,No,19-01,2,1,1,3,5,1,1,1,2,2,19
2024,15-04-0055-43,Baja Verapaz,1501,Público,Rural,Mujer,1,Primaria,Ladino/Mestizo,Diario,Matutina,Promovido,No,No,15-04,1,2,2,2,5,1,1,1,2,2,15
2024,15-07-0247-43,Baja Verapaz,1501,Público,Rural,Mujer,2,Primaria,Ladino/Mestizo,Diario,Matutina,Promovido,No,No,15-07,1,2,2,2,5,1,1,1,2,2,15
2024,02-07-0181-43,El Progreso,201,Público,Rural,Hombre,6,Primaria,Ladino/Mestizo,Diario,Matutina,Promovido,No,No,02-07,1,2,1,2,5,1,1,1,2,2,2
2024,15-08-0291-43,Baja Verapaz,1501,Público,Rural,Mujer,4,Primaria,Maya,Diario,Matutina,Promovido,No,No,15-08,1,2,2,2,1,1,1,1,2,2,15
2024,15-04-1215-43,Baja Verapaz,1501,Público,Rural,Mujer,1,Primaria,Maya,Diario,Matutina,Retirado,No,No,15-04,1,2,2,2,1,1,1,3,2,2,15
2024,15-02-0093-45,Baja Verapaz,1501,Cooperativa,Urbana,Mujer,1,Básico,Maya,Diario,Vespertina,Promovido,No,No,15-02,4,1,2,3,1,1,2,1,2,2,15
2024,19-04-0132-43,Zacapa,1901,Público,Urbana,Hombre,1,Primaria,Ladino/Mestizo,Diario,Matutina,No promovido,No,No,19-04,1,1,1,2,5,1,1,5,2,2,19
2024,02-03-0068-42,El Progreso,201,Público,Rural,Mujer,6,Preprimaria,Ladino/Mestizo,Diario,Matutina,Promovido,No,No,02-03,1,2,2,1,5,1,1,1,2,2,2
2024,15-03-0084-42,Baja Verapaz,1501,Público,Rural,Mujer,5,Preprimaria,Maya,Diario,Matutina,Vigente,No,No,15-03,1,2,2,1,1,1,1,2,2,2,15
2024,15-08-0110-43,Baja Verapaz,1501,Público,Rural,Mujer,3,Primaria,Maya,Diario,Matutina,Promovido,No,No,15-08,1,2,2,2,1,1,1,1,2,2,15
2024,19-10-0301-43,Zacapa,1901,Público,Rural,Hombre,1,Primaria,Ladino/Mestizo,Diario,Matutina,Promovido,Sí,No,19-10,1,2,1,2,5,1,1,1,1,2,19
2024,19-08-0003-46,Zacapa,1901,Público,Urbana,Mujer,6,Diversificado,Ladino/Mestizo,Diario,Vespertina,Promovido,No,Sí,19-08,1,1,2,4,5,1,2,1,2,1,19
2024,19-08-0255-43,Zacapa,1901,Público,Rural,Mujer,2,Primaria,Ladino/Mestizo,Diario,Matutina,Promovido,No,No,19-08,1,2,2,2,5,1,1,1,2,2,19
2024,19-09-0277-43,Zacapa,1901,Público,Rural,Hombre,2,Primaria,Ladino/Mestizo,Diario,Matutina,Promovido,No,No,19-09,1,2,1,2,5,1,1,1,2,2,19
2024,19-06-1157-42,Zacapa,1901,Público,Rural,Hombre,5,Preprimaria,Ladino/Mestizo,Diario,Matutina,Promovido,No,No,19-06,1,2,1,1,5,1,1,1,2,2,19
2024,15-01-0311-43,Baja Verapaz,1501,Público,Rural,Hombre,3,Primaria,Ladino/Mestizo,Diario,Matutina,Promovido,No,No,15-01,1,2,1,2,5,1,1,1,2,2,15
2024,02-03-0057-42,El Progreso,201,Público,Urbana,Mujer,6,Preprimaria,Ladino/Mestizo,Diario,Matutina,Promovido,No,No,02-03,1,1,2,1,5,1,1,1,2,2,2
2024,15-08-0056-43,Baja Verapaz,1501,Público,Rural,Mujer,1,Primaria,Maya,Diario,Matutina,No promovido,Sí,No,15-08,1,2,2,2,1,1,1,5,1,2,15
2024,02-03-0118-45,El Progreso,201,Privado,Urbana,Hombre,2,Básico,Ladino/Mestizo,Diario,Vespertina,Promovido,No,No,02-03,2,1,1,3,5,1,2,1,2,2,2
2024,19-01-1121-42,Zacapa,1901,Público,Rural,Hombre,3,Preprimaria,Ladino/Mestizo,Diario,Matutina,Promovido,No,No,19-01,1,2,1,1,5,1,1,1,2,2,19
2024,19-03-0014-42,Zacapa,1901,Público,Urbana,Hombre,6,Preprimaria,Ladino/Mestizo,Diario,Doble,Promovido,No,No,19-03,1,1,1,1,5,1,4,1,2,2,19
2024,15-08-0279-43,Baja Verapaz,1501,Público,Rural,Hombre,2,Primaria,Maya,Diario,Matutina,No promovido,Sí,No,15-08,1,2,1,2,1,1,1,5,1,2,15
2024,15-08-0292-43,Baja Verapaz,1501,Público,Rural,Hombre,4,Primaria,Maya,Diario,Matutina,Promovido,No,No,15-08,1,2,1,2,1,1,1,1,2,2,15
2024,02-02-0586-42,El Progreso,201,Público,Rural,Mujer,5,Preprimaria,Ladino/Mestizo,Diario,Matutina,Promovido,No,No,02-02,1,2,2,1,5,1,1,1,2,2,2
2024,19-07-0236-43,Zacapa,1901,Público,Rural,Hombre,1,Primaria,Ladino/Mestizo,Diario,Matutina,Promovido,No,No,19-07,1,2,1,2,5,1,1,1,2,2,19
2024,19-07-0228-43,Zacapa,1901,Público,Urbana,Mujer,1,Primaria,Ladino/Mestizo,Diario,Matutina,Promovido,No,No,19-07,1,1,2,2,5,1,1,1,2,2,19
2024,15-08-0333-41,Baja Verapaz,1501,Público,Rural,Hombre,5,Preprimaria,Maya,Diario,Matutina,Promovido,No,No,15-08,1,2,1,1,1,1,1,1,2,2,15
2024,02-07-0528-42,El Progreso,201,Público,Urbana,Hombre,6,Preprimaria,Ladino/Mestizo,Diario,Matutina,Promovido,No,No,02-07,1,1,1,1,5,1,1,1,2,2,2
2024,02-03-0065-43,El Progreso,201,Público,Rural,Hombre,2,Primaria,Ladino/Mestizo,Diario,Matutina,No promovido,No,No,02-03,1,2,1,2,5,1,1,5,2,2,2
2024,19-06-0222-43,Zacapa,1901,Público,Rural,Hombre,3,Primaria,Ladino/Mestizo,Diario,Matutina,Promovido,No,No,19-06,1,2,1,2,5,1,1,1,2,2,19
2024,15-04-0246-41,Baja Verapaz,1501,Público,Rural,Mujer,4,Preprimaria,Maya,Diario,Matutina,Promovido,No,No,15-04,1,2,2,1,1,1,1,1,2,2,15
2024,19-01-0009-43,Zacapa,1901,Público,Urbana,Hombre,5,Primaria,Ladino/Mestizo,Diario,Matutina,Retirado,No,No,19-01,1,1,1,2,5,1,1,3,2,2,19
2024,02-07-0174-43,El Progreso,201,Público,Rural,Hombre,2,Primaria,Ladino/Mestizo,Diario,Matutina,Promovido,No,No,02-07,1,2,1,2,5,1,1,1,2,2,2
2024,15-07-0766-42,Baja Verapaz,1501,Público,Rural,Hombre,4,Preprimaria,Ladino/Mestizo,Diario,Matutina,Promovido,No,No,15-07,1,2,1,1,5,1,1,1,2,2,15
2024,02-03-0777-43,El Progreso,201,Público,Rural,Mujer,2,Primaria,Ladino/Mestizo,Diario,Matutina,Promovido,No,No,02-03,1,2,2,2,5,1,1,1,2,2,2
2024,19-01-0084-46,Zacapa,1901,Público,Urbana,Mujer,4,Diversificado,Ladino/Mestizo,Diario,Doble,Promovido,No,No,19-01,1,1,2,4,5,1,4,1,2,2,19
2024,02-01-0255-45,El Progreso,201,Cooperativa,Rural,Hombre,1,Básico,Ladino/Mestizo,Diario,Vespertina,Promovido,No,No,02-01,4,2,1,3,5,1,2,1,2,2,2
2024,19-09-0270-43,Zacapa,1901,Público,Rural,Hombre,3,Primaria,Ladino/Mestizo,Diario,Matutina,No promovido,Sí,No,19-09,1,2,1,2,5,1,1,5,1,2,19
2024,15-01-0310-43,Baja Verapaz,1501,Público,Rural,Mujer,1,Primaria,Ladino/Mestizo,Diario,Matutina,Promovido,No,No,15-01,1,2,2,2,5,1,1,1,2,2,15
2024,02-01-0026-45,El Progreso,201,Público,Urbana,Hombre,3,Básico,Ladino/Mestizo,Diario,Matutina,Promovido,No,No,02-01,1,1,1,3,5,1,1,1,2,2,2
2024,19-05-0008-43,Zacapa,1901,Público,Rural,Mujer,1,Primaria,Ladino/Mestizo,Diario,Matutina,Promovido,No,No,19-05,1,2,2,2,5,1,1,1,2,2,19
2024,02-07-0170-43,El Progreso,201,Público,Rural,Mujer,6,Primaria,Ladino/Mestizo,Diario,Matutina,Retirado,No,No,02-07,1,2,2,2,5,1,1,3,2,2,2
2024,19-01-0026-43,Zacapa,1901,Público,Rural,Mujer,1,Primaria,Ladino/Mestizo,Diario,Matutina,Promovido,No,No,19-01,1,2,2,2,5,1,1,1,2,2,19
2024,19-01-0026-43,Zacapa,1901,Público,Rural,Hombre,4,Primaria,Ladino/Mestizo,Diario,Matutina,Promovido,No,No,19-01,1,2,1,2,5,1,1,1,2,2,19
2024,15-03-0109-43,Baja Verapaz,1501,Público,Rural,Hombre,3,Primaria,Maya,Diario,Matutina,Promovido,No,No,15-03,1,2,1,2,1,1,1,1,2,2,15
2024,19-01-0032-43,Zacapa,1901,Público,Rural,Mujer,3,Primaria,Ladino/Mestizo,Diario,Matutina,Promovido,No,No,19-01,1,2,2,2,5,1,1,1,2,2,19
2024,02-02-0668-45,El Progreso,201,Público,Rural,Mujer,1,Básico,Ladino/Mestizo,Diario,Vespertina,Promovido,No,No,02-02,1,2,2,3,5,1,2,1,2,2,2
2024,19-01-0061-43,Zacapa,1901,Público,Rural,Mujer,2,Primaria,Ladino/Mestizo,Diario,Matutina,No promovido,No,No,19-01,1,2,2,2,5,1,1,5,2,2,19
2024,15-01-0019-43,Baja Verapaz,1501,Público,Urbana,Hombre,1,Primaria,Ladino/Mestizo,Diario,Vespertina,Promovido,No,No,15-01,1,1,1,2,5,1,2,1,2,2,15
2024,19-01-0058-43,Zacapa,1901,Público,Rural,Mujer,6,Primaria,Ladino/Mestizo,Diario,Matutina,Promovido,No,No,19-01,1,2,2,2,5,1,1,1,2,2,19
2024,19-04-0365-42,Zacapa,1901,Público,Rural,Mujer,6,Preprimaria,Ladino/Mestizo,Diario,Matutina,Promovido,No,No,19-04,1,2,2,1,5,1,1,1,2,2,19
2024,15-08-0045-43,Baja Verapaz,1501,Público,Rural,Hombre,5,Primaria,Maya,Diario,Matutina,No promovido,No,No,15-08,1,2,1,2,1,1,1,5,2,2,15
2024,15-05-1230-43,Baja Verapaz,1501,Público,Rural,Mujer,3,Primaria,Ladino/Mestizo,Diario,Matutina,Promovido,No,No,15-05,1,2,2,2,5,1,1,1,2,2,15
2024,02-07-0509-43,El Progreso,201,Público,Urbana,Hombre,2,Primaria,Ladino/Mestizo,Diario,Vespertina,Promovido,No,No,02-07,1,1,1,2,5,1,2,1,2,2,2
2024,15-04-0326-43,Baja Verapaz,1501,Público,Rural,Hombre,1,Primaria,Maya,Diario,Matutina,Promovido,No,No,15-04,1,2,1,2,1,1,1,1,2,2,15
2024,15-07-0241-43,Baja Verapaz,1501,Público,Rural,Hombre,1,Primaria,Ladino/Mestizo,Diario,Matutina,No promovido,No,No,15-07,1,2,1,2,5,1,1,5,2,2,15
2024,19-01-0049-43,Zacapa,1901,Público,Rural,Hombre,1,Primaria,Ladino/Mestizo,Diario,Matutina,Promovido,No,No,19-01,1,2,1,2,5,1,1,1,2,2,19
2024,19-01-0042-43,Zacapa,1901,Público,Rural,Mujer,3,Primaria,Ladino/Mestizo,Diario,Matutina,Promovido,No,No,19-01,1,2,2,2,5,1,1,1,2,2,19
2024,02-03-0057-42,El Progreso,201,Público,Urbana,Hombre,5,Preprimaria,Ladino/Mestizo,Diario,Matutina,Promovido,No,No,02-03,1,1,1,1,5,1,1,1,2,2,2
2024,02-07-0198-45,El Progreso,201,Público,Urbana,Hombre,1,Básico,Ladino/Mestizo,Diario,Matutina,No promovido,No,No,02-07,1,1,1,3,5,1,1,5,2,2,2
2024,15-08-0011-42,Baja Verapaz,1501,Público,Rural,Mujer,5,Preprimaria,Ladino/Mestizo,Diario,Matutina,Promovido,No,No,15-08,1,2,2,1,5,1,1,1,2,2,15
2024,02-07-0177-43,El Progreso,201,Público,Rural,Mujer,4,Primaria,Ladino/Mestizo,Diario,Matutina,Promovido,No,No,02-07,1,2,2,2,5,1,1,1,2,2,2
2024,15-01-1950-43,Baja Verapaz,1501,Público,Urbana,Hombre,1,Primaria,Ladino/Mestizo,Diario,Matutina,Retirado,No,No,15-01,1,1,1,2,5,1,1,3,2,2,15
2024,15-02-0070-43,Baja Verapaz,1501,Público,Urbana,Hombre,1,Primaria,Maya,Diario,Matutina,Promovido,No,No,15-02,1,1,1,2,1,1,1,1,2,2,15
2024,15-08-0102-45,Baja Verapaz,1501,Público,Rural,Hombre,1,Básico,Maya,Diario,Vespertina,Promovido,No,No,15-08,1,2,1,3,1,1,2,1,2,2,15
2024,15-07-1657-42,Baja Verapaz,1501,Público,Rural,Hombre,6,Preprimaria,Ladino/Mestizo,Diario,Matutina,Promovido,No,No,15-07,1,2,1,1,5,1,1,1,2,2,15
2024,15-04-0164-43,Baja Verapaz,1501,Público,Rural,Mujer,2,Primaria,Ladino/Mestizo,Diario,Matutina,Promovido,No,No,15-04,1,2,2,2,5,1,1,1,2,2,15
2024,15-02-1682-45,Baja Verapaz,1501,Público,Rural,Mujer,3,Básico,Maya,Diario,Matutina,Promovido,No,No,15-02,1,2,2,3,1,1,1,1,2,2,15
2024,15-01-0069-43,Baja Verapaz,1501,Público,Rural,Mujer,3,Primaria,Ladino/Mestizo,Diario,Matutina,Retirado,No,No,15-01,1,2,2,2,5,1,1,3,2,2,15
2024,02-04-0105-43,El Progreso,201,Público,Urbana,Mujer,3,Primaria,Ladino/Mestizo,Diario,Matutina,Promovido,No,No,02-04,1,1,2,2,5,1,1,1,2,2,2
2024,19-03-0118-43,Zacapa,1901,Público,Rural,Mujer,1,Primaria,Ladino/Mestizo,Diario,Matutina,Promovido,No,No,19-03,1,2,2,2,5,1,1,1,2,2,19
2024,15-04-2204-45,Baja Verapaz,1501,Público,Rural,Mujer,2,Básico,Maya,Diario,Vespertina,Promovido,No,No,15-04,1,2,2,3,1,1,2,1,2,2,15
2024,02-03-0101-45,El Progreso,201,Cooperativa,Rural,Mujer,2,Básico,Ladino/Mestizo,Diario,Vespertina,Promovido,No,No,02-03,4,2,2,3,5,1,2,1,2,2,2
2024,15-03-0102-43,Baja Verapaz,1501,Privado,Urbana,Hombre,5,Primaria,Maya,Diario,Matutina,Promovido,No,No,15-03,2,1,1,2,1,1,1,1,2,2,15
2024,02-03-0024-45,El Progreso,201,Público,Rural,Mujer,1,Básico,Ladino/Mestizo,Diario,Matutina,Promovido,No,No,02-03,1,2,2,3,5,1,1,1,2,2,2
2024,19-09-1223-43,Zacapa,1901,Público,Rural,Mujer,2,Primaria,Ladino/Mestizo,Diario,Matutina,Promovido,No,No,19-09,1,2,2,2,5,1,1,1,2,2,19
2024,19-07-0796-42,Zacapa,1901,Público,Rural,Mujer,6,Preprimaria,Ladino/Mestizo,Diario,Matutina,Promovido,No,No,19-07,1,2,2,1,5,1,1,1,2,2,19
2024,19-10-1073-45,Zacapa,1901,Público,Rural,Hombre,2,Básico,Ladino/Mestizo,Diario,Matutina,Promovido,No,No,19-10,1,2,1,3,5,1,1,1,2,2,19
2024,15-06-0234-45,Baja Verapaz,1501,Cooperativa,Urbana,Mujer,3,Básico,Ladino/Mestizo,Diario,Vespertina,Promovido,Sí,No,15-06,4,1,2,3,5,1,2,1,1,2,15
2024,19-09-1191-42,Zacapa,1901,Público,Rural,Mujer,5,Preprimaria,Ladino/Mestizo,Diario,Matutina,Promovido,No,No,19-09,1,2,2,1,5,1,1,1,2,2,19
2024,19-09-0285-43,Zacapa,1901,Público,Rural,Hombre,1,Primaria,Ladino/Mestizo,Diario,Matutina,Promovido,No,No,19-09,1,2,1,2,5,1,1,1,2,2,19
2024,02-03-0669-42,El Progreso,201,Público,Rural,Hombre,3,Preprimaria,Ladino/Mestizo,Diario,Matutina,Promovido,No,No,02-03,1,2,1,1,5,1,1,1,2,2,2
2024,19-01-0330-45,Zacapa,1901,Privado,Urbana,Mujer,3,Básico,Ladino/Mestizo,Diario,Matutina,Promovido,No,No,19-01,2,1,2,3,5,1,1,1,2,2,19
2024,19-06-0217-43,Zacapa,1901,Público,Rural,Hombre,2,Primaria,Ladino/Mestizo,Diario,Matutina,No promovido,No,No,19-06,1,2,1,2,5,1,1,5,2,2,19
2024,19-01-0317-43,Zacapa,1901,Público,Rural,Mujer,4,Primaria,Ladino/Mestizo,Diario,Matutina,Retirado,No,No,19-01,1,2,2,2,5,1,1,3,2,2,19
2024,15-07-0250-43,Baja Verapaz,1501,Público,Rural,Mujer,1,Primaria,Ladino/Mestizo,Diario,Matutina,Promovido,Sí,No,15-07,1,2,2,2,5,1,1,1,1,2,15
2024,19-01-0013-43,Zacapa,1901,Público,Urbana,Hombre,3,Primaria,Ladino/Mestizo,Diario,Matutina,Promovido,No,No,19-01,1,1,1,2,5,1,1,1,2,2,19
2024,15-01-0001-41,Baja Verapaz,1501,Público,Rural,Hombre,5,Preprimaria,Maya,Diario,Matutina,Promovido,No,No,15-01,1,2,1,1,1,1,1,1,2,2,15
2024,15-07-0243-43,Baja Verapaz,1501,Público,Rural,Hombre,1,Primaria,Ladino/Mestizo,Diario,Matutina,No promovido,No,No,15-07,1,2,1,2,5,1,1,5,2,2,15
2024,19-03-1058-45,Zacapa,1901,Público,Urbana,Hombre,2,Básico,Ladino/Mestizo,Diario,Matutina,Promovido,No,No,19-03,1,1,1,3,5,1,1,1,2,2,19
2024,15-08-2160-42,Baja Verapaz,1501,Público,Rural,Hombre,4,Preprimaria,Maya,Diario,Matutina,Promovido,No,No,15-08,1,2,1,1,1,1,1,1,2,2,15
2024,15-03-1286-42,Baja Verapaz,1501,Público,Urbana,Mujer,6,Preprimaria,Maya,Diario,Matutina,Promovido,No,No,15-03,1,1,2,1,1,1,1,1,2,2,15
2024,19-09-0049-42,Zacapa,1901,Público,Rural,Mujer,6,Preprimaria,Ladino/Mestizo,Diario,Matutina,Promovido,No,No,19-09,1,2,2,1,5,1,1,1,2,2,19
2024,19-04-1149-46,Zacapa,1901,Municipal,Urbana,Mujer,5,Diversificado,Ladino/Mestizo,Diario,Vespertina,Promovido,Sí,No,19-04,3,1,2,4,5,1,2,1,1,2,19
2024,19-10-0301-43,Zacapa,1901,Público,Rural,Mujer,3,Primaria,Ladino/Mestizo,Diario,Matutina,Promovido,No,No,19-10,1,2,2,2,5,1,1,1,2,2,19
2024,02-07-0509-43,El Progreso,201,Público,Urbana,Hombre,3,Primaria,Ladino/Mestizo,Diario,Vespertina,Promovido,No,No,02-07,1,1,1,2,5,1,2,1,2,2,2
2024,02-01-0607-46,El Progreso,201,Cooperativa,Urbana,Mujer,5,Diversificado,Ladino/Mestizo,Diario,Vespertina,Promovido,No,No,02-01,4,1,2,4,5,1,2,1,2,2,2
2024,15-08-0049-43,Baja Verapaz,1501,Público,Rural,Mujer,1,Primaria,Maya,Diario,Matutina,Promovido,No,No,15-08,1,2,2,2,1,1,1,1,2,2,15
2024,19-05-0207-43,Zacapa,1901,Público,Rural,Hombre,1,Primaria,Ladino/Mestizo,Diario,Matutina,Promovido,No,No,19-05,1,2,1,2,5,1,1,1,2,2,19
2024,19-01-0353-43,Zacapa,1901,Público,Urbana,Hombre,2,Primaria,Ladino/Mestizo,Diario,Vespertina,Promovido,No,No,19-01,1,1,1,2,5,1,2,1,2,2,19
2024,19-06-0001-42,Zacapa,1901,Público,Rural,Mujer,4,Preprimaria,Ladino/Mestizo,Diario,Doble,Promovido,No,No,19-06,1,2,2,1,5,1,4,1,2,2,19
2024,02-08-0601-45,El Progreso,201,Público,Rural,Hombre,2,Básico,Ladino/Mestizo,Diario,Matutina,Promovido,No,No,02-08,1,2,1,3,5,1,1,1,2,2,2
2024,15-02-1746-41,Baja Verapaz,1501,Público,Rural,Hombre,5,Preprimaria,Maya,Diario,Matutina,Promovido,No,No,15-02,1,2,1,1,1,1,1,1,2,2,15
2024,02-03-0015-43,El Progreso,201,Público,Rural,Hombre,6,Primaria,Ladino/Mestizo,Diario,Matutina,Promovido,No,No,02-03,1,2,1,2,5,1,1,1,2,2,2
2024,15-03-0039-43,Baja Verapaz,1501,Privado,Urbana,Hombre,3,Primaria,Ladino/Mestizo,Diario,Matutina,Retirado,No,No,15-03,2,1,1,2,5,1,1,3,2,2,15
2024,15-04-0328-43,Baja Verapaz,1501,Público,Rural,Mujer,3,Primaria,Ladino/Mestizo,Diario,Matutina,Promovido,No,No,15-04,1,2,2,2,5,1,1,1,2,2,15
2024,15-03-2149-42,Baja Verapaz,1501,Público,Rural,Hombre,4,Preprimaria,Ladino/Mestizo,Diario,Matutina,Promovido,No,No,15-03,1,2,1,1,5,1,1,1,2,2,15
2024,02-07-0169-43,El Progreso,201,Público,Rural,Hombre,2,Primaria,Ladino/Mestizo,Diario,Matutina,Promovido,No,No,02-07,1,2,1,2,5,1,1,1,2,2,2
2024,19-01-0021-43,Zacapa,1901,Público,Rural,Hombre,4,Primaria,Ladino/Mestizo,Diario,Matutina,Promovido,No,No,19-01,1,2,1,2,5,1,1,1,2,2,19
2024,15-01-0124-45,Baja Verapaz,1501,Privado,Urbana,Mujer,2,Básico,Ladino/Mestizo,Diario,Matutina,Promovido,No,No,15-01,2,1,2,3,5,1,1,1,2,2,15
2024,02-08-0205-43,El Progreso,201,Público,Urbana,Hombre,6,Primaria,Ladino/Mestizo,Diario,Matutina,Promovido,No,No,02-08,1,1,1,2,5,1,1,1,2,2,2
2024,15-02-0077-43,Baja Verapaz,1501,Público,Rural,Mujer,6,Primaria,Maya,Diario,Matutina,Promovido,No,No,15-02,1,2,2,2,1,1,1,1,2,2,15
2024,02-03-0655-45,El Progreso,201,Público,Rural,Mujer,2,Básico,Ladino/Mestizo,Diario,Vespertina,Promovido,No,No,02-03,1,2,2,3,5,1,2,1,2,2,2
2024,02-07-0509-43,El Progreso,201,Público,Urbana,Hombre,6,Primaria,Ladino/Mestizo,Diario,Vespertina,Promovido,No,No,02-07,1,1,1,2,5,1,2,1,2,2,2
2024,19-09-0267-43,Zacapa,1901,Público,Rural,Mujer,1,Primaria,Ladino/Mestizo,Diario,Matutina,No promovido,No,No,19-09,1,2,2,2,5,1,1,5,2,2,19
2024,15-04-0175-43,Baja Verapaz,1501,Público,Rural,Mujer,1,Primaria,Ladino/Mestizo,Diario,Matutina,Promovido,No,No,15-04,1,2,2,2,5,1,1,1,2,2,15
2024,15-02-0077-43,Baja Verapaz,1501,Público,Rural,Hombre,5,Primaria,Maya,Diario,Matutina,No promovido,No,No,15-02,1,2,1,2,1,1,1,5,2,2,15
2024,02-01-0434-43,El Progreso,201,Privado,Urbana,Hombre,5,Primaria,Ladino/Mestizo,Diario,Matutina,Promovido,No,No,02-01,2,1,1,2,5,1,1,1,2,2,2
2024,19-01-0959-42,Zacapa,1901,Público,Rural,Hombre,5,Preprimaria,Ladino/Mestizo,Diario,Matutina,Promovido,No,No,19-01,1,2,1,1,5,1,1,1,2,2,19
2024,15-02-0080-43,Baja Verapaz,1501,Público,Rural,Hombre,2,Primaria,Maya,Diario,Matutina,Promovido,No,No,15-02,1,2,1,2,1,1,1,1,2,2,15
2024,19-01-1138-43,Zacapa,1901,Público,Rural,Mujer,4,Primaria,Ladino/Mestizo,Diario,Matutina,Retirado,No,No,19-01,1,2,2,2,5,1,1,3,2,2,19
2024,19-01-1246-42,Zacapa,1901,Público,Rural,Hombre,6,Preprimaria,Ladino/Mestizo,Diario,Matutina,Promovido,No,No,19-01,1,2,1,1,5,1,1,1,2,2,19
2024,15-08-2059-43,Baja Verapaz,1501,Privado,Urbana,Hombre,5,Primaria,Maya,Diario,Matutina,Promovido,No,No,15-08,2,1,1,2,1,1,1,1,2,2,15
2024,19-11-0020-45,Zacapa,1901,Público,Rural,Mujer,3,Básico,Ladino/Mestizo,Diario,Matutina,Promovido,No,No,19-11,1,2,2,3,5,1,1,1,2,2,19
2024,19-03-0121-43,Zacapa,1901,Público,Rural,Hombre,6,Primaria,Ladino/Mestizo,Diario,Matutina,Promovido,No,No,19-03,1,2,1,2,5,1,1,1,2,2,19
2024,15-03-0095-42,Baja Verapaz,1501,Público,Urbana,Mujer,5,Preprimaria,Maya,Diario,Matutina,Promovido,No,No,15-03,1,1,2,1,1,1,1,1,2,2,15
2024,15-04-0233-43,Baja Verapaz,1501,Público,Rural,Hombre,2,Primaria,Maya,Diario,Matutina,Promovido,No,No,15-04,1,2,1,2,1,1,1,1,2,2,15
2024,19-08-0254-43,Zacapa,1901,Público,Rural,Hombre,1,Primaria,Ladino/Mestizo,Diario,Matutina,Promovido,No,No,19-08,1,2,1,2,5,1,1,1,2,2,19
2024,15-08-0096-43,Baja Verapaz,1501,Público,Rural,Mujer,6,Primaria,Maya,Diario,Matutina,No promovido,No,No,15-08,1,2,2,2,1,1,1,5,2,2,15
2024,19-04-0009-43,Zacapa,1901,Público,Rural,Hombre,3,Primaria,Ladino/Mestizo,Diario,Matutina,No promovido,Sí,No,19-04,1,2,1,2,5,1,1,5,1,2,19
2024,19-03-0106-43,Zacapa,1901,Público,Rural,Hombre,5,Primaria,Ladino/Mestizo,Diario,Matutina,Promovido,No,No,19-03,1,2,1,2,5,1,1,1,2,2,19
2024,19-05-0892-42,Zacapa,1901,Público,Rural,Hombre,6,Preprimaria,Ladino/Mestizo,Diario,Matutina,Promovido,No,No,19-05,1,2,1,1,5,1,1,1,2,2,19
2024,15-08-0029-42,Baja Verapaz,1501,Público,Rural,Hombre,5,Preprimaria,Maya,Diario,Matutina,Promovido,No,No,15-08,1,2,1,1,1,1,1,1,2,2,15
2024,15-03-0041-45,Baja Verapaz,1501,Público,Rural,Hombre,2,Básico,Maya,Diario,Vespertina,Promovido,No,No,15-03,1,2,1,3,1,1,2,1,2,2,15
2024,15-02-0078-43,Baja Verapaz,1501,Público,Rural,Hombre,4,Primaria,Maya,Diario,Matutina,Promovido,Sí,No,15-02,1,2,1,2,1,1,1,1,1,2,15
2024,19-05-0211-43,Zacapa,1901,Privado,Urbana,Mujer,6,Primaria,Ladino/Mestizo,Diario,Matutina,Promovido,No,No,19-05,2,1,2,2,5,1,1,1,2,2,19
2024,15-01-0321-43,Baja Verapaz,1501,Público,Rural,Hombre,1,Primaria,Ladino/Mestizo,Diario,Matutina,Promovido,No,No,15-01,1,2,1,2,5,1,1,1,2,2,15
2024,19-09-0280-43,Zacapa,1901,Público,Rural,Hombre,4,Primaria,Ladino/Mestizo,Diario,Matutina,Promovido,No,No,19-09,1,2,1,2,5,1,1,1,2,2,19
2024,02-02-0048-43,El Progreso,201,Público,Rural,Mujer,2,Primaria,Ladino/Mestizo,Diario,Matutina,Promovido,No,No,02-02,1,2,2,2,5,1,1,1,2,2,2
2024,19-09-1260-43,Zacapa,1901,Público,Rural,Hombre,2,Primaria,Ladino/Mestizo,Diario,Matutina,No promovido,Sí,No,19-09,1,2,1,2,5,1,1,5,1,2,19
2024,15-03-0040-45,Baja Verapaz,1501,Público,Rural,Hombre,3,Básico,Maya,Diario,Matutina,Promovido,No,No,15-03,1,2,1,3,1,1,1,1,2,2,15
2024,02-07-0509-43,El Progreso,201,Público,Urbana,Mujer,6,Primaria,Ladino/Mestizo,Diario,Vespertina,Promovido,No,No,02-07,1,1,2,2,5,1,2,1,2,2,2
2024,02-01-0005-42,El Progreso,201,Público,Urbana,Hombre,4,Preprimaria,Ladino/Mestizo,Diario,Matutina,Promovido,No,No,02-01,1,1,1,1,5,1,1,1,2,2,2
2024,02-03-0084-43,El Progreso,201,Público,Rural,Mujer,6,Primaria,Ladino/Mestizo,Diario,Matutina,Promovido,No,No,02-03,1,2,2,2,5,1,1,1,2,2,2
2024,15-08-0051-43,Baja Verapaz,1501,Público,Rural,Mujer,6,Primaria,Maya,Diario,Matutina,Promovido,No,No,15-08,1,2,2,2,1,1,1,1,2,2,15
2024,02-02-0029-42,El Progreso,201,Público,Urbana,Hombre,5,Preprimaria,Ladino/Mestizo,Diario,Matutina,Promovido,No,No,02-02,1,1,1,1,5,1,1,1,2,2,2
2024,15-08-0276-43,Baja Verapaz,1501,Público,Urbana,Hombre,5,Primaria,Ladino/Mestizo,Diario,Matutina,Promovido,No,No,15-08,1,1,1,2,5,1,1,1,2,2,15
2024,15-08-0039-43,Baja Verapaz,1501,Público,Rural,Hombre,6,Primaria,Maya,Diario,Matutina,Promovido,No,No,15-08,1,2,1,2,1,1,1,1,2,2,15
2024,19-04-0171-43,Zacapa,1901,Público,Rural,Mujer,5,Primaria,Ladino/Mestizo,Diario,Matutina,Promovido,No,No,19-04,1,2,2,2,5,1,1,1,2,2,19
2024,02-06-0243-45,El Progreso,201,Público,Urbana,Mujer,2,Básico,Ladino/Mestizo,Diario,Matutina,Promovido,No,No,02-06,1,1,2,3,5,1,1,1,2,2,2
2024,19-01-0069-43,Zacapa,1901,Público,Rural,Hombre,1,Primaria,Ladino/Mestizo,Diario,Matutina,Promovido,No,No,19-01,1,2,1,2,5,1,1,1,2,2,19
2024,15-08-0356-43,Baja Verapaz,1501,Público,Rural,Hombre,5,Primaria,Maya,Diario,Matutina,Promovido,No,No,15-08,1,2,1,2,1,1,1,1,2,2,15
2024,19-01-0012-43,Zacapa,1901,Público,Urbana,Mujer,3,Primaria,Ladino/Mestizo,Diario,Matutina,Promovido,No,No,19-01,1,1,2,2,5,1,1,1,2,2,19
2024,15-03-0135-43,Baja Verapaz,1501,Privado,Urbana,Hombre,3,Primaria,Maya,Diario,Matutina,Promovido,No,No,15-03,2,1,1,2,1,1,1,1,2,2,15
2024,15-02-0028-43,Baja Verapaz,1501,Público,Rural,Hombre,1,Primaria,Ladino/Mestizo,Diario,Matutina,Promovido,No,No,15-02,1,2,1,2,5,1,1,1,2,2,15
2024,19-01-0012-43,Zacapa,1901,Público,Urbana,Mujer,4,Primaria,Ladino/Mestizo,Diario,Matutina,Promovido,No,No,19-01,1,1,2,2,5,1,1,1,2,2,19
2024,19-08-0246-43,Zacapa,1901,Público,Urbana,Hombre,6,Primaria,Ladino/Mestizo,Diario,Matutina,Promovido,No,No,19-08,1,1,1,2,5,1,1,1,2,2,19
2024,19-09-0003-43,Zacapa,1901,Público,Rural,Hombre,5,Primaria,Ladino/Mestizo,Diario,Matutina,Retirado,No,No,19-09,1,2,1,2,5,1,1,3,2,2,19
2024,15-08-0203-43,Baja Verapaz,1501,Público,Rural,Hombre,2,Primaria,Maya,Diario,Matutina,Promovido,No,No,15-08,1,2,1,2,1,1,1,1,2,2,15
2024,15-01-1964-43,Baja Verapaz,1501,Público,Rural,Hombre,2,Primaria,Maya,Diario,Vespertina,Retirado,No,No,15-01,1,2,1,2,1,1,2,3,2,2,15
2024,19-10-0007-45,Zacapa,1901,Público,Rural,Hombre,1,Básico,Ladino/Mestizo,Diario,Vespertina,Promovido,No,No,19-10,1,2,1,3,5,1,2,1,2,2,19
2024,19-01-0067-43,Zacapa,1901,Público,Rural,Mujer,3,Primaria,Ladino/Mestizo,Diario,Matutina,Promovido,No,No,19-01,1,2,2,2,5,1,1,1,2,2,19
2024,02-03-0708-42,El Progreso,201,Público,Rural,Mujer,4,Preprimaria,Ladino/Mestizo,Diario,Matutina,Promovido,No,No,02-03,1,2,2,1,5,1,1,1,2,2,2
2024,15-03-2037-43,Baja Verapaz,1501,Público,Urbana,Mujer,1,Primaria,Ladino/Mestizo,Diario,Matutina,Promovido,No,No,15-03,1,1,2,2,5,1,1,1,2,2,15
2024,15-08-0049-43,Baja Verapaz,1501,Público,Rural,Mujer,3,Primaria,Maya,Diario,Matutina,Promovido,Sí,No,15-08,1,2,2,2,1,1,1,1,1,2,15
2024,02-02-0041-43,El Progreso,201,Público,Rural,Hombre,1,Primaria,Ladino/Mestizo,Diario,Matutina,No promovido,Sí,No,02-02,1,2,1,2,5,1,1,5,1,2,2
2024,19-06-0223-43,Zacapa,1901,Público,Rural,Hombre,5,Primaria,Ladino/Mestizo,Diario,Matutina,No promovido,Sí,No,19-06,1,2,1,2,5,1,1,5,1,2,19
2024,19-07-0228-43,Zacapa,1901,Público,Urbana,Mujer,5,Primaria,Ladino/Mestizo,Diario,Matutina,Promovido,No,No,19-07,1,1,2,2,5,1,1,1,2,2,19
2024,15-04-0148-43,Baja Verapaz,1501,Público,Rural,Hombre,2,Primaria,Maya,Diario,Matutina,No promovido,No,No,15-04,1,2,1,2,1,1,1,5,2,2,15
2024,02-01-0562-46,El Progreso,201,Privado,Urbana,Mujer,5,Diversificado,Ladino/Mestizo,Diario,Matutina,Promovido,No,Sí,02-01,2,1,2,4,5,1,1,1,2,1,2
2024,15-04-0157-43,Baja Verapaz,1501,Público,Rural,Hombre,5,Primaria,Maya,Diario,Matutina,Promovido,No,No,15-04,1,2,1,2,1,1,1,1,2,2,15
2024,02-03-0057-42,El Progreso,201,Público,Urbana,Mujer,6,Preprimaria,Ladino/Mestizo,Diario,Matutina,Promovido,No,No,02-03,1,1,2,1,5,1,1,1,2,2,2
2024,19-05-0008-43,Zacapa,1901,Público,Rural,Mujer,6,Primaria,Ladino/Mestizo,Diario,Matutina,Promovido,No,No,19-05,1,2,2,2,5,1,1,1,2,2,19
2024,15-01-0321-43,Baja Verapaz,1501,Público,Rural,Mujer,1,Primaria,Ladino/Mestizo,Diario,Matutina,Promovido,No,No,15-01,1,2,2,2,5,1,1,1,2,2,15
2024,15-06-0233-43,Baja Verapaz,1501,Público,Rural,Mujer,2,Primaria,Ladino/Mestizo,Diario,Matutina,Promovido,No,No,15-06,1,2,2,2,5,1,1,1,2,2,15
2024,19-01-0734-42,Zacapa,1901,Público,Rural,Hombre,3,Preprimaria,Ladino/Mestizo,Diario,Matutina,Promovido,No,No,19-01,1,2,1,1,5,1,1,1,2,2,19
2024,15-03-0070-46,Baja Verapaz,1501,Privado,Rural,Mujer,4,Diversificado,Ladino/Mestizo,Diario,Matutina,Promovido,No,No,15-03,2,2,2,4,5,1,1,1,2,2,15
2024,19-01-0945-46,Zacapa,1901,Público,Urbana,Mujer,6,Diversificado,Ladino/Mestizo,Diario,Doble,Promovido,No,Sí,19-01,1,1,2,4,5,1,4,1,2,1,19
2024,15-03-0124-43,Baja Verapaz,1501,Público,Rural,Mujer,6,Primaria,Maya,Diario,Matutina,Promovido,No,No,15-03,1,2,2,2,1,1,1,1,2,2,15
2024,19-06-1018-42,Zacapa,1901,Público,Rural,Hombre,3,Preprimaria,Ladino/Mestizo,Diario,Doble,Promovido,No,No,19-06,1,2,1,1,5,1,4,1,2,2,19
2024,02-03-0062-43,El Progreso,201,Público,Rural,Mujer,4,Primaria,Ladino/Mestizo,Diario,Matutina,Promovido,No,No,02-03,1,2,2,2,5,1,1,1,2,2,2
2024,15-03-0094-42,Baja Verapaz,1501,Público,Urbana,Mujer,6,Preprimaria,Maya,Diario,Matutina,Promovido,No,No,15-03,1,1,2,1,1,1,1,1,2,2,15
2024,19-03-0599-42,Zacapa,1901,Público,Rural,Hombre,5,Preprimaria,Ladino/Mestizo,Diario,Matutina,Promovido,No,No,19-03,1,2,1,1,5,1,1,1,2,2,19
2024,02-03-0429-43,El Progreso,201,Público,Rural,Mujer,1,Primaria,Ladino/Mestizo,Diario,Vespertina,Promovido,Sí,No,02-03,1,2,2,2,5,1,2,1,1,2,2
2024,15-02-0092-43,Baja Verapaz,1501,Público,Rural,Hombre,1,Primaria,Maya,Diario,Matutina,Promovido,No,No,15-02,1,2,1,2,1,1,1,1,2,2,15
2024,15-04-0057-43,Baja Verapaz,1501,Público,Rural,Mujer,3,Primaria,Ladino/Mestizo,Diario,Matutina,Retirado,No,No,15-04,1,2,2,2,5,1,1,3,2,2,15
2024,02-07-0417-42,El Progreso,201,Público,Urbana,Mujer,6,Preprimaria,Ladino/Mestizo,Diario,Matutina,Promovido,No,No,02-07,1,1,2,1,5,1,1,1,2,2,2
2024,15-04-0071-43,Baja Verapaz,1501,Público,Rural,Hombre,4,Primaria,Maya,Diario,Matutina,Promovido,No,No,15-04,1,2,1,2,1,1,1,1,2,2,15
2024,19-01-0703-43,Zacapa,1901,Privado,Urbana,Mujer,2,Primaria,Ladino/Mestizo,Diario,Matutina,Promovido,No,No,19-01,2,1,2,2,5,1,1,1,2,2,19
2024,02-07-0510-43,El Progreso,201,Público,Urbana,Mujer,3,Primaria,Ladino/Mestizo,Diario,Vespertina,Promovido,No,No,02-07,1,1,2,2,5,1,2,1,2,2,2
2024,15-02-0043-42,Baja Verapaz,1501,Público,Rural,Hombre,2,Preprimaria,Maya,Diario,Matutina,Promovido,No,No,15-02,1,2,1,1,1,1,1,1,2,2,15
2024,19-04-0061-42,Zacapa,1901,Privado,Urbana,Mujer,6,Preprimaria,Ladino/Mestizo,Diario,Vespertina,Promovido,No,No,19-04,2,1,2,1,5,1,2,1,2,2,19
2024,19-03-1123-42,Zacapa,1901,Público,Rural,Mujer,6,Preprimaria,Ladino/Mestizo,Diario,Matutina,Promovido,No,No,19-03,1,2,2,1,5,1,1,1,2,2,19
2024,15-08-0332-41,Baja Verapaz,1501,Público,Rural,Mujer,4,Preprimaria,Maya,Diario,Matutina,Promovido,No,No,15-08,1,2,2,1,1,1,1,1,2,2,15
2024,02-08-0212-43,El Progreso,201,Público,Rural,Mujer,3,Primaria,Ladino/Mestizo,Diario,Matutina,Promovido,No,No,02-08,1,2,2,2,5,1,1,1,2,2,2
2024,19-11-0026-42,Zacapa,1901,Público,Rural,Mujer,4,Preprimaria,Ladino/Mestizo,Diario,Matutina,Promovido,No,No,19-11,1,2,2,1,5,1,1,1,2,2,19
2024,15-02-1764-42,Baja Verapaz,1501,Público,Urbana,Mujer,1,Preprimaria,Maya,Diario,Matutina,Promovido,No,No,15-02,1,1,2,1,1,1,1,1,2,2,15
2024,15-05-0199-43,Baja Verapaz,1501,Público,Rural,Hombre,4,Primaria,Ladino/Mestizo,Diario,Matutina,Promovido,No,No,15-05,1,2,1,2,5,1,1,1,2,2,15
2024,15-04-0127-42,Baja Verapaz,1501,Público,Rural,Hombre,6,Preprimaria,Maya,Diario,Matutina,Retirado,No,No,15-04,1,2,1,1,1,1,1,3,2,2,15
2024,19-01-0013-43,Zacapa,1901,Público,Urbana,Hombre,2,Primaria,Ladino/Mestizo,Diario,Matutina,Promovido,No,No,19-01,1,1,1,2,5,1,1,1,2,2,19
2024,15-07-0237-43,Baja Verapaz,1501,Público,Rural,Mujer,3,Primaria,Ladino/Mestizo,Diario,Matutina,Promovido,No,No,15-07,1,2,2,2,5,1,1,1,2,2,15
2024,15-02-0141-45,Baja Verapaz,1501,Público,Rural,Mujer,3,Básico,Maya,Diario,Matutina,Retirado,No,No,15-02,1,2,2,3,1,1,1,3,2,2,15
2024,19-01-0651-42,Zacapa,1901,Público,Rural,Hombre,6,Preprimaria,Ladino/Mestizo,Diario,Matutina,Retirado,No,No,19-01,1,2,1,1,5,1,1,3,2,2,19
2024,15-08-0283-43,Baja Verapaz,1501,Público,Rural,Hombre,2,Primaria,Maya,Diario,Matutina,Promovido,No,No,15-08,1,2,1,2,1,1,1,1,2,2,15
2024,02-03-0060-43,El Progreso,201,Público,Urbana,Hombre,2,Primaria,Ladino/Mestizo,Diario,Matutina,Promovido,No,No,02-03,1,1,1,2,5,1,1,1,2,2,2
2024,15-03-0099-43,Baja Verapaz,1501,Público,Urbana,Mujer,4,Primaria,Ladino/Mestizo,Diario,Matutina,Promovido,No,No,15-03,1,1,2,2,5,1,1,1,2,2,15
2024,19-09-0656-42,Zacapa,1901,Público,Rural,Hombre,5,Preprimaria,Ladino/Mestizo,Diario,Matutina,Promovido,No,No,19-09,1,2,1,1,5,1,1,1,2,2,19
2024,15-04-0177-43,Baja Verapaz,1501,Público,Rural,Mujer,3,Primaria,Maya,Diario,Matutina,Promovido,No,No,15-04,1,2,2,2,1,1,1,1,2,2,15
2024,02-03-0106-43,El Progreso,201,Privado,Rural,Hombre,2,Primaria,Ladino/Mestizo,Diario,Matutina,Promovido,No,No,02-03,2,2,1,2,5,1,1,1,2,2,2
2024,02-07-0175-43,El Progreso,201,Público,Rural,Mujer,2,Primaria,Ladino/Mestizo,Diario,Matutina,Promovido,No,No,02-07,1,2,2,2,5,1,1,1,2,2,2
2024,19-10-0302-43,Zacapa,1901,Público,Rural,Hombre,2,Primaria,Ladino/Mestizo,Diario,Matutina,Promovido,Sí,No,19-10,1,2,1,2,5,1,1,1,1,2,19
2024,02-03-0080-43,El Progreso,201,Público,Rural,Hombre,3,Primaria,Ladino/Mestizo,Diario,Matutina,Promovido,No,No,02-03,1,2,1,2,5,1,1,1,2,2,2
2024,15-01-0018-43,Baja Verapaz,1501,Público,Urbana,Mujer,5,Primaria,Ladino/Mestizo,Diario,Matutina,Promovido,No,No,15-01,1,1,2,2,5,1,1,1,2,2,15
2024,15-01-0071-43,Baja Verapaz,1501,Público,Urbana,Mujer,6,Primaria,Ladino/Mestizo,Diario,Matutina,Promovido,No,No,15-01,1,1,2,2,5,1,1,1,2,2,15
2024,02-03-0114-45,El Progreso,201,Público,Rural,Hombre,1,Básico,Ladino/Mestizo,Diario,Matutina,Promovido,No,No,02-03,1,2,1,3,5,1,1,1,2,2,2
2024,15-03-0094-42,Baja Verapaz,1501,Público,Urbana,Mujer,5,Preprimaria,Maya,Diario,Matutina,Promovido,No,No,15-03,1,1,2,1,1,1,1,1,2,2,15
2024,02-03-0058-42,El Progreso,201,Privado,Rural,Hombre,5,Preprimaria,Ladino/Mestizo,Diario,Matutina,Retirado,No,No,02-03,2,2,1,1,5,1,1,3,2,2,2
2024,19-03-0106-43,Zacapa,1901,Público,Rural,Mujer,5,Primaria,Ladino/Mestizo,Diario,Matutina,Promovido,No,No,19-03,1,2,2,2,5,1,1,1,2,2,19
2024,02-06-0152-43,El Progreso,201,Público,Rural,Mujer,3,Primaria,Ladino/Mestizo,Diario,Matutina,Promovido,No,No,02-06,1,2,2,2,5,1,1,1,2,2,2
2024,15-01-0313-43,Baja Verapaz,1501,Público,Rural,Mujer,3,Primaria,Maya,Diario,Matutina,No promovido,No,No,15-01,1,2,2,2,1,1,1,5,2,2,15
2024,15-02-1731-42,Baja Verapaz,1501,Público,Rural,Hombre,6,Preprimaria,Maya,Diario,Matutina,Promovido,No,No,15-02,1,2,1,1,1,1,1,1,2,2,15
2024,15-02-0093-45,Baja Verapaz,1501,Cooperativa,Urbana,Hombre,2,Básico,Maya,Diario,Vespertina,Promovido,No,Ignorado,15-02,4,1,1,3,1,1,2,1,2,9,15
2024,19-03-0106-43,Zacapa,1901,Público,Rural,Mujer,5,Primaria,Ladino/Mestizo,Diario,Matutina,Promovido,No,No,19-03,1,2,2,2,5,1,1,1,2,2,19
2024,15-01-0049-45,Baja Verapaz,1501,Cooperativa,Urbana,Mujer,3,Básico,Ladino/Mestizo,Diario,Nocturna,Promovido,No,No,15-01,4,1,2,3,5,1,3,1,2,2,15
2024,19-01-0992-43,Zacapa,1901,Público,Rural,Mujer,6,Primaria,Ladino/Mestizo,Diario,Matutina,Promovido,No,No,19-01,1,2,2,2,5,1,1,1,2,2,19
2024,19-10-0607-43,Zacapa,1901,Público,Rural,Hombre,6,Primaria,Ladino/Mestizo,Diario,Matutina,Promovido,No,No,19-10,1,2,1,2,5,1,1,1,2,2,19
2024,15-02-0011-43,Baja Verapaz,1501,Público,Rural,Hombre,5,Primaria,Maya,Diario,Matutina,Promovido,No,No,15-02,1,2,1,2,1,1,1,1,2,2,15
2024,15-01-0030-43,Baja Verapaz,1501,Público,Rural,Hombre,2,Primaria,Ladino/Mestizo,Diario,Matutina,Promovido,No,No,15-01,1,2,1,2,5,1,1,1,2,2,15
2024,15-01-0050-45,Baja Verapaz,1501,Público,Urbana,Hombre,2,Básico,Ladino/Mestizo,Diario,Matutina,Promovido,Sí,Ignorado,15-01,1,1,1,3,5,1,1,1,1,9,15
2024,15-05-0215-45,Baja Verapaz,1501,Cooperativa,Urbana,Hombre,2,Básico,Ladino/Mestizo,Diario,Vespertina,Promovido,No,No,15-05,4,1,1,3,5,1,2,1,2,2,15
2024,15-08-0193-42,Baja Verapaz,1501,Público,Rural,Hombre,2,Preprimaria,Ladino/Mestizo,Diario,Matutina,Promovido,No,No,15-08,1,2,1,1,5,1,1,1,2,2,15
2024,02-03-0579-42,El Progreso,201,Público,Rural,Mujer,5,Preprimaria,Ladino/Mestizo,Diario,Matutina,Promovido,No,No,02-03,1,2,2,1,5,1,1,1,2,2,2
2024,02-06-0243-45,El Progreso,201,Público,Urbana,Mujer,2,Básico,Ladino/Mestizo,Diario,Matutina,Promovido,No,No,02-06,1,1,2,3,5,1,1,1,2,2,2
2024,15-07-0043-46,Baja Verapaz,1501,Público,Rural,Mujer,4,Diversificado,Ladino/Mestizo,Diario,Matutina,Promovido,No,No,15-07,1,2,2,4,5,1,1,1,2,2,15
2024,02-07-0513-43,El Progreso,201,Público,Rural,Mujer,2,Primaria,Ladino/Mestizo,Diario,Vespertina,Promovido,No,No,02-07,1,2,2,2,5,1,2,1,2,2,2
2024,15-08-1251-43,Baja Verapaz,1501,Público,Rural,Mujer,6,Primaria,Maya,Diario,Matutina,Promovido,No,No,15-08,1,2,2,2,1,1,1,1,2,2,15
2024,19-04-1040-43,Zacapa,1901,Público,Rural,Mujer,2,Primaria,Ladino/Mestizo,Diario,Matutina,Promovido,No,No,19-04,1,2,2,2,5,1,1,1,2,2,19
2024,15-04-1216-43,Baja Verapaz,1501,Público,Rural,Hombre,5,Primaria,Ladino/Mestizo,Diario,Matutina,Promovido,No,No,15-04,1,2,1,2,5,1,1,1,2,2,15
2024,19-01-0076-45,Zacapa,1901,Cooperativa,Rural,Hombre,2,Básico,Ladino/Mestizo,Diario,Vespertina,Promovido,No,No,19-01,4,2,1,3,5,1,2,1,2,2,19
2024,02-06-0148-43,El Progreso,201,Público,Rural,Mujer,4,Primaria,Ladino/Mestizo,Diario,Matutina,Promovido,No,No,02-06,1,2,2,2,5,1,1,1,2,2,2
2024,15-08-1599-43,Baja Verapaz,1501,Público,Rural,Hombre,4,Primaria,Ladino/Mestizo,Diario,Matutina,Promovido,No,No,15-08,1,2,1,2,5,1,1,1,2,2,15
2024,15-01-0175-45,Baja Verapaz,1501,Privado,Urbana,Mujer,3,Básico,Ladino/Mestizo,Diario,Vespertina,Promovido,No,No,15-01,2,1,2,3,5,1,2,1,2,2,15
2024,19-04-0185-43,Zacapa,1901,Privado,Urbana,Mujer,2,Primaria,Ladino/Mestizo,Diario,Vespertina,Promovido,No,No,19-04,2,1,2,2,5,1,2,1,2,2,19
2024,02-07-0510-43,El Progreso,201,Público,Urbana,Hombre,6,Primaria,Ladino/Mestizo,Diario,Vespertina,Promovido,No,No,02-07,1,1,1,2,5,1,2,1,2,2,2
2024,02-01-0053-45,El Progreso,201,Privado,Urbana,Mujer,3,Básico,Ladino/Mestizo,Diario,Vespertina,Promovido,No,No,02-01,2,1,2,3,5,1,2,1,2,2,2
2024,19-03-0121-43,Zacapa,1901,Público,Rural,Mujer,2,Primaria,Ladino/Mestizo,Diario,Matutina,Promovido,No,No,19-03,1,2,2,2,5,1,1,1,2,2,19
2024,19-04-0162-43,Zacapa,1901,Público,Rural,Mujer,2,Primaria,Ladino/Mestizo,Diario,Matutina,Promovido,No,No,19-04,1,2,2,2,5,1,1,1,2,2,19
2024,15-08-0280-43,Baja Verapaz,1501,Público,Rural,Hombre,5,Primaria,Maya,Diario,Matutina,Promovido,Sí,No,15-08,1,2,1,2,1,1,1,1,1,2,15
2024,15-02-0361-45,Baja Verapaz,1501,Cooperativa,Rural,Hombre,2,Básico,Maya,Diario,Vespertina,Promovido,Sí,No,15-02,4,2,1,3,1,1,2,1,1,2,15
2024,19-09-0642-43,Zacapa,1901,Público,Rural,Mujer,1,Primaria,Ladino/Mestizo,Diario,Matutina,Promovido,Sí,No,19-09,1,2,2,2,5,1,1,1,1,2,19
2024,15-07-1245-41,Baja Verapaz,1501,Público,Rural,Hombre,6,Preprimaria,Ladino/Mestizo,Diario,Matutina,Promovido,No,No,15-07,1,2,1,1,5,1,1,1,2,2,15
2024,02-01-0735-43,El Progreso,201,Privado,Urbana,Hombre,5,Primaria,Ladino/Mestizo,Diario,Matutina,Promovido,No,No,02-01,2,1,1,2,5,1,1,1,2,2,2
2024,15-01-0050-45,Baja Verapaz,1501,Público,Urbana,Hombre,3,Básico,Ladino/Mestizo,Diario,Matutina,Promovido,No,No,15-01,1,1,1,3,5,1,1,1,2,2,15
2024,19-04-0156-43,Zacapa,1901,Público,Rural,Hombre,2,Primaria,Ladino/Mestizo,Diario,Matutina,Promovido,No,No,19-04,1,2,1,2,5,1,1,1,2,2,19
2024,15-04-0071-43,Baja Verapaz,1501,Público,Rural,Mujer,4,Primaria,Maya,Diario,Matutina,Promovido,Sí,No,15-04,1,2,2,2,1,1,1,1,1,2,15
2024,02-05-0664-46,El Progreso,201,Cooperativa,Urbana,Mujer,5,Diversificado,Ladino/Mestizo,Diario,Vespertina,Promovido,No,No,02-05,4,1,2,4,5,1,2,1,2,2,2
2024,19-01-0337-43,Zacapa,1901,Público,Rural,Mujer,1,Primaria,Ladino/Mestizo,Diario,Matutina,Promovido,No,No,19-01,1,2,2,2,5,1,1,1,2,2,19
2024,15-04-0216-45,Baja Verapaz,1501,Público,Rural,Mujer,2,Básico,Maya,Diario,Matutina,Promovido,No,No,15-04,1,2,2,3,1,1,1,1,2,2,15
2024,15-07-1234-42,Baja Verapaz,1501,Público,Rural,Hombre,3,Preprimaria,Ladino/Mestizo,Diario,Matutina,Promovido,No,No,15-07,1,2,1,1,5,1,1,1,2,2,15
2024,02-08-0826-42,El Progreso,201,Público,Rural,Hombre,5,Preprimaria,Ladino/Mestizo,Diario,Matutina,Promovido,No,No,02-08,1,2,1,1,5,1,1,1,2,2,2
2024,02-06-0520-42,El Progreso,201,Público,Rural,Hombre,6,Preprimaria,Ladino/Mestizo,Diario,Matutina,Promovido,No,No,02-06,1,2,1,1,5,1,1,1,2,2,2
2024,19-07-0244-45,Zacapa,1901,Público,Urbana,Mujer,2,Básico,Ladino/Mestizo,Diario,Matutina,Promovido,No,No,19-07,1,1,2,3,5,1,1,1,2,2,19
2024,19-02-0015-42,Zacapa,1901,Público,Urbana,Mujer,6,Preprimaria,Ladino/Mestizo,Diario,Doble,Promovido,No,No,19-02,1,1,2,1,5,1,4,1,2,2,19
2024,15-05-0036-43,Baja Verapaz,1501,Público,Rural,Hombre,4,Primaria,Ladino/Mestizo,Diario,Matutina,Promovido,No,No,15-05,1,2,1,2,5,1,1,1,2,2,15
2024,19-09-0018-43,Zacapa,1901,Público,Rural,Mujer,5,Primaria,Ladino/Mestizo,Diario,Matutina,Promovido,No,No,19-09,1,2,2,2,5,1,1,1,2,2,19
2024,15-01-0071-43,Baja Verapaz,1501,Público,Urbana,Mujer,4,Primaria,Ladino/Mestizo,Diario,Matutina,Promovido,No,No,15-01,1,1,2,2,5,1,1,1,2,2,15
2024,15-02-0093-45,Baja Verapaz,1501,Cooperativa,Urbana,Hombre,3,Básico,Maya,Diario,Vespertina,Promovido,No,No,15-02,4,1,1,3,1,1,2,1,2,2,15
2024,15-08-0049-43,Baja Verapaz,1501,Público,Rural,Mujer,3,Primaria,Maya,Diario,Matutina,Promovido,No,No,15-08,1,2,2,2,1,1,1,1,2,2,15
2024,19-05-0695-42,Zacapa,1901,Público,Rural,Mujer,6,Preprimaria,Ladino/Mestizo,Diario,Matutina,Promovido,No,No,19-05,1,2,2,1,5,1,1,1,2,2,19
2024,15-03-0063-45,Baja Verapaz,1501,Público,Rural,Hombre,1,Básico,Maya,Diario,Matutina,Promovido,No,No,15-03,1,2,1,3,1,1,1,1,2,2,15
2024,15-02-0047-43,Baja Verapaz,1501,Público,Urbana,Mujer,2,Primaria,Maya,Diario,Matutina,Promovido,No,No,15-02,1,1,2,2,1,1,1,1,2,2,15
2024,15-02-0048-42,Baja Verapaz,1501,Público,Urbana,Mujer,5,Preprimaria,Maya,Diario,Matutina,Promovido,No,No,15-02,1,1,2,1,1,1,1,1,2,2,15
2024,19-05-0010-43,Zacapa,1901,Público,Rural,Hombre,3,Primaria,Ladino/Mestizo,Diario,Matutina,Promovido,No,No,19-05,1,2,1,2,5,1,1,1,2,2,19
2024,15-08-0046-43,Baja Verapaz,1501,Público,Rural,Hombre,3,Primaria,Maya,Diario,Matutina,No promovido,No,No,15-08,1,2,1,2,1,1,1,5,2,2,15
2024,15-08-0064-43,Baja Verapaz,1501,Público,Rural,Hombre,5,Primaria,Maya,Diario,Matutina,No promovido,No,No,15-08,1,2,1,2,1,1,1,5,2,2,15
2024,15-04-0066-43,Baja Verapaz,1501,Público,Rural,Hombre,4,Primaria,Maya,Diario,Matutina,Promovido,No,No,15-04,1,2,1,2,1,1,1,1,2,2,15
2024,02-01-0562-46,El Progreso,201,Privado,Urbana,Mujer,5,Diversificado,Ladino/Mestizo,Diario,Matutina,Promovido,No,Sí,02-01,2,1,2,4,5,1,1,1,2,1,2
2024,19-11-0010-43,Zacapa,1901,Público,Urbana,Mujer,1,Primaria,Ladino/Mestizo,Diario,Matutina,Promovido,No,No,19-11,1,1,2,2,5,1,1,1,2,2,19
2024,19-01-0703-43,Zacapa,1901,Privado,Urbana,Mujer,5,Primaria,Ladino/Mestizo,Diario,Matutina,Promovido,No,No,19-01,2,1,2,2,5,1,1,1,2,2,19
2024,15-08-0290-43,Baja Verapaz,1501,Público,Rural,Mujer,4,Primaria,Maya,Diario,Matutina,Promovido,Sí,No,15-08,1,2,2,2,1,1,1,1,1,2,15
2024,15-05-0045-46,Baja Verapaz,1501,Privado,Rural,Mujer,5,Diversificado,Ladino/Mestizo,Diario,Vespertina,Promovido,No,Sí,15-05,2,2,2,4,5,1,2,1,2,1,15
2024,15-01-0024-43,Baja Verapaz,1501,Público,Rural,Hombre,6,Primaria,Ladino/Mestizo,Diario,Matutina,Promovido,No,No,15-01,1,2,1,2,5,1,1,1,2,2,15
2024,19-01-0734-42,Zacapa,1901,Público,Rural,Mujer,3,Preprimaria,Ladino/Mestizo,Diario,Matutina,Promovido,No,No,19-01,1,2,2,1,5,1,1,1,2,2,19
2024,15-01-1469-43,Baja Verapaz,1501,Público,Urbana,Hombre,1,Primaria,Maya,Diario,Matutina,Promovido,Sí,No,15-01,1,1,1,2,1,1,1,1,1,2,15
2024,19-01-0703-43,Zacapa,1901,Privado,Urbana,Mujer,3,Primaria,Ladino/Mestizo,Diario,Matutina,Promovido,No,No,19-01,2,1,2,2,5,1,1,1,2,2,19
2024,19-01-0191-45,Zacapa,1901,Privado,Urbana,Mujer,3,Básico,Ladino/Mestizo,Fin de semana,Doble,Promovido,No,No,19-01,2,1,2,3,5,2,4,1,2,2,19
2024,15-01-0011-43,Baja Verapaz,1501,Público,Rural,Hombre,2,Primaria,Ladino/Mestizo,Diario,Matutina,No promovido,Sí,No,15-01,1,2,1,2,5,1,1,5,1,2,15
2024,02-07-0460-42,El Progreso,201,Público,Rural,Mujer,4,Preprimaria,Ladino/Mestizo,Diario,Matutina,Promovido,No,No,02-07,1,2,2,1,5,1,1,1,2,2,2
2024,02-01-0022-43,El Progreso,201,Público,Rural,Mujer,5,Primaria,Ladino/Mestizo,Diario,Matutina,Promovido,No,No,02-01,1,2,2,2,5,1,1,1,2,2,2
2024,15-01-1192-42,Baja Verapaz,1501,Público,Rural,Hombre,6,Preprimaria,Ladino/Mestizo,Diario,Matutina,Retirado,No,No,15-01,1,2,1,1,5,1,1,3,2,2,15
2024,19-04-0037-43,Zacapa,1901,Público,Rural,Mujer,4,Primaria,Ladino/Mestizo,Diario,Matutina,Promovido,No,No,19-04,1,2,2,2,5,1,1,1,2,2,19
2024,15-02-0090-43,Baja Verapaz,1501,Público,Rural,Hombre,5,Primaria,Maya,Diario,Matutina,Promovido,No,No,15-02,1,2,1,2,1,1,1,1,2,2,15
2024,15-04-0235-45,Baja Verapaz,1501,Público,Rural,Hombre,2,Básico,Maya,Diario,Matutina,Promovido,No,No,15-04,1,2,1,3,1,1,1,1,2,2,15
2024,15-04-1857-43,Baja Verapaz,1501,Público,Rural,Mujer,3,Primaria,Maya,Diario,Matutina,Promovido,No,No,15-04,1,2,2,2,1,1,1,1,2,2,15
2024,02-07-0169-43,El Progreso,201,Público,Rural,Mujer,2,Primaria,Ladino/Mestizo,Diario,Matutina,Promovido,No,No,02-07,1,2,2,2,5,1,1,1,2,2,2
2024,02-07-0509-43,El Progreso,201,Público,Urbana,Mujer,5,Primaria,Ladino/Mestizo,Diario,Vespertina,No promovido,No,No,02-07,1,1,2,2,5,1,2,5,2,2,2
2024,19-09-0287-43,Zacapa,1901,Público,Rural,Mujer,2,Primaria,Ladino/Mestizo,Diario,Matutina,Promovido,Sí,No,19-09,1,2,2,2,5,1,1,1,1,2,19
2024,15-02-1827-42,Baja Verapaz,1501,Público,Rural,Mujer,6,Preprimaria,Maya,Diario,Matutina,Promovido,No,No,15-02,1,2,2,1,1,1,1,1,2,2,15
2024,02-03-0121-43,El Progreso,201,Privado,Urbana,Mujer,1,Primaria,Ladino/Mestizo,Diario,Matutina,Promovido,No,No,02-03,2,1,2,2,5,1,1,1,2,2,2
2024,19-09-1126-42,Zacapa,1901,Público,Rural,Mujer,5,Preprimaria,Ladino/Mestizo,Diario,Matutina,Promovido,No,No,19-09,1,2,2,1,5,1,1,1,2,2,19
2024,02-06-0134-43,El Progreso,201,Público,Urbana,Hombre,1,Primaria,Ladino/Mestizo,Diario,Matutina,Promovido,No,No,02-06,1,1,1,2,5,1,1,1,2,2,2
2024,19-09-1191-42,Zacapa,1901,Público,Rural,Hombre,4,Preprimaria,Ladino/Mestizo,Diario,Matutina,Promovido,No,No,19-09,1,2,1,1,5,1,1,1,2,2,19
2024,15-04-0162-43,Baja Verapaz,1501,Público,Rural,Hombre,3,Primaria,Maya,Diario,Matutina,Promovido,No,No,15-04,1,2,1,2,1,1,1,1,2,2,15
2024,15-07-0243-43,Baja Verapaz,1501,Público,Rural,Hombre,2,Primaria,Ladino/Mestizo,Diario,Matutina,No promovido,No,No,15-07,1,2,1,2,5,1,1,5,2,2,15
2024,15-08-0046-43,Baja Verapaz,1501,Público,Rural,Mujer,3,Primaria,Maya,Diario,Matutina,Promovido,No,No,15-08,1,2,2,2,1,1,1,1,2,2,15
2024,19-03-0128-45,Zacapa,1901,Cooperativa,Rural,Hombre,3,Básico,Ladino/Mestizo,Diario,Vespertina,No promovido,Sí,Ignorado,19-03,4,2,1,3,5,1,2,5,1,9,19
2024,02-07-0008-46,El Progreso,201,Público,Urbana,Hombre,4,Diversificado,Ladino/Mestizo,Diario,Vespertina,Promovido,No,No,02-07,1,1,1,4,5,1,2,1,2,2,2
2024,15-04-1215-43,Baja Verapaz,1501,Público,Rural,Mujer,3,Primaria,Maya,Diario,Matutina,Promovido,No,No,15-04,1,2,2,2,1,1,1,1,2,2,15
2024,02-03-0100-45,El Progreso,201,Cooperativa,Urbana,Mujer,2,Básico,Ladino/Mestizo,Diario,Vespertina,Promovido,No,No,02-03,4,1,2,3,5,1,2,1,2,2,2
2024,02-03-0821-45,El Progreso,201,Público,Rural,Hombre,3,Básico,Ladino/Mestizo,Diario,Matutina,Promovido,No,No,02-03,1,2,1,3,5,1,1,1,2,2,2
2024,02-08-0208-43,El Progreso,201,Público,Rural,Mujer,2,Primaria,Ladino/Mestizo,Diario,Matutina,Promovido,No,No,02-08,1,2,2,2,5,1,1,1,2,2,2
2024,19-05-0029-43,Zacapa,1901,Privado,Urbana,Hombre,1,Primaria,Ladino/Mestizo,Diario,Matutina,Promovido,No,No,19-05,2,1,1,2,5,1,1,1,2,2,19
2024,02-03-0022-46,El Progreso,201,Público,Rural,Mujer,4,Diversificado,Ladino/Mestizo,Diario,Vespertina,Retirado,No,No,02-03,1,2,2,4,5,1,2,3,2,2,2
2024,15-02-0023-46,Baja Verapaz,1501,Público,Rural,Hombre,5,Diversificado,Maya,Diario,Matutina,Promovido,No,No,15-02,1,2,1,4,1,1,1,1,2,2,15
2024,15-08-0072-43,Baja Verapaz,1501,Público,Rural,Mujer,3,Primaria,Maya,Diario,Matutina,Promovido,No,No,15-08,1,2,2,2,1,1,1,1,2,2,15
2024,02-06-0005-46,El Progreso,201,Público,Urbana,Mujer,4,Diversificado,Ladino/Mestizo,Diario,Vespertina,Promovido,No,No,02-06,1,1,2,4,5,1,2,1,2,2,2
2024,02-04-0109-43,El Progreso,201,Público,Rural,Mujer,3,Primaria,Ladino/Mestizo,Diario,Matutina,Promovido,No,No,02-04,1,2,2,2,5,1,1,1,2,2,2
2024,02-08-0462-43,El Progreso,201,Público,Rural,Mujer,6,Primaria,Ladino/Mestizo,Diario,Matutina,Promovido,No,No,02-08,1,2,2,2,5,1,1,1,2,2,2
2024,19-09-0281-43,Zacapa,1901,Público,Rural,Mujer,5,Primaria,Ladino/Mestizo,Diario,Matutina,Promovido,No,No,19-09,1,2,2,2,5,1,1,1,2,2,19
2024,02-03-0072-43,El Progreso,201,Público,Rural,Mujer,1,Primaria,Ladino/Mestizo,Diario,Matutina,Promovido,Sí,No,02-03,1,2,2,2,5,1,1,1,1,2,2
2024,15-08-0155-43,Baja Verapaz,1501,Público,Rural,Hombre,1,Primaria,Maya,Diario,Matutina,Promovido,Sí,No,15-08,1,2,1,2,1,1,1,1,1,2,15
2024,19-04-0140-43,Zacapa,1901,Público,Rural,Mujer,4,Primaria,Ladino/Mestizo,Diario,Matutina,Promovido,No,No,19-04,1,2,2,2,5,1,1,1,2,2,19
2024,02-07-0174-43,El Progreso,201,Público,Rural,Hombre,1,Primaria,Ladino/Mestizo,Diario,Matutina,Promovido,No,No,02-07,1,2,1,2,5,1,1,1,2,2,2
2024,19-04-0155-43,Zacapa,1901,Público,Rural,Mujer,5,Primaria,Ladino/Mestizo,Diario,Matutina,Promovido,No,No,19-04,1,2,2,2,5,1,1,1,2,2,19
2024,15-02-0023-46,Baja Verapaz,1501,Público,Rural,Hombre,4,Diversificado,Maya,Diario,Matutina,Promovido,Sí,No,15-02,1,2,1,4,1,1,1,1,1,2,15
2024,19-01-0045-43,Zacapa,1901,Público,Rural,Mujer,2,Primaria,Ladino/Mestizo,Diario,Matutina,Promovido,No,No,19-01,1,2,2,2,5,1,1,1,2,2,19
2024,15-04-2193-43,Baja Verapaz,1501,Público,Rural,Mujer,6,Primaria,Maya,Diario,Matutina,Promovido,No,No,15-04,1,2,2,2,1,1,1,1,2,2,15
2024,02-07-0171-43,El Progreso,201,Público,Rural,Hombre,5,Primaria,Ladino/Mestizo,Diario,Matutina,Promovido,No,No,02-07,1,2,1,2,5,1,1,1,2,2,2
2024,15-02-0361-45,Baja Verapaz,1501,Cooperativa,Rural,Hombre,1,Básico,Maya,Diario,Vespertina,Promovido,No,No,15-02,4,2,1,3,1,1,2,1,2,2,15
2024,15-03-2052-46,Baja Verapaz,1501,Privado,Urbana,Hombre,6,Diversificado,Ladino/Mestizo,Fin de semana,Doble,Promovido,No,Sí,15-03,2,1,1,4,5,2,4,1,2,1,15
2024,02-08-0585-43,El Progreso,201,Público,Rural,Hombre,4,Primaria,Ladino/Mestizo,Diario,Vespertina,Promovido,No,No,02-08,1,2,1,2,5,1,2,1,2,2,2
2024,19-02-0320-43,Zacapa,1901,Privado,Urbana,Hombre,2,Primaria,Ladino/Mestizo,Diario,Matutina,Promovido,No,No,19-02,2,1,1,2,5,1,1,1,2,2,19
2024,15-04-0164-43,Baja Verapaz,1501,Público,Rural,Hombre,3,Primaria,Ladino/Mestizo,Diario,Matutina,Promovido,No,No,15-04,1,2,1,2,5,1,1,1,2,2,15
2024,19-09-0281-43,Zacapa,1901,Público,Rural,Hombre,5,Primaria,Ladino/Mestizo,Diario,Matutina,Promovido,No,No,19-09,1,2,1,2,5,1,1,1,2,2,19
2024,19-04-0358-46,Zacapa,1901,Privado,Urbana,Hombre,4,Diversificado,Ladino/Mestizo,Diario,Vespertina,Promovido,No,No,19-04,2,1,1,4,5,1,2,1,2,2,19
2024,15-08-0103-45,Baja Verapaz,1501,Público,Rural,Hombre,2,Básico,Ladino/Mestizo,Diario,Vespertina,Retirado,No,No,15-08,1,2,1,3,5,1,2,3,2,2,15
2024,15-02-0136-45,Baja Verapaz,1501,Público,Rural,Hombre,3,Básico,Maya,Diario,Matutina,Retirado,No,No,15-02,1,2,1,3,1,1,1,3,2,2,15
2024,02-05-0131-45,El Progreso,201,Cooperativa,Rural,Mujer,1,Básico,Ladino/Mestizo,Diario,Vespertina,Promovido,No,Ignorado,02-05,4,2,2,3,5,1,2,1,2,9,2
2024,19-03-0106-43,Zacapa,1901,Público,Rural,Mujer,4,Primaria,Ladino/Mestizo,Diario,Matutina,No promovido,No,No,19-03,1,2,2,2,5,1,1,5,2,2,19
2024,15-01-0666-43,Baja Verapaz,1501,Privado,Urbana,Hombre,4,Primaria,Ladino/Mestizo,Diario,Matutina,Promovido,No,No,15-01,2,1,1,2,5,1,1,1,2,2,15
2024,15-01-1480-46,Baja Verapaz,1501,Cooperativa,Urbana,Hombre,6,Diversificado,Ladino/Mestizo,Diario,Doble,Retirado,No,Sí,15-01,4,1,1,4,5,1,4,3,2,1,15
2024,02-07-0512-43,El Progreso,201,Público,Rural,Mujer,6,Primaria,Ladino/Mestizo,Diario,Vespertina,Promovido,No,No,02-07,1,2,2,2,5,1,2,1,2,2,2
2024,15-04-1278-42,Baja Verapaz,1501,Público,Rural,Mujer,6,Preprimaria,Ladino/Mestizo,Diario,Matutina,Promovido,No,No,15-04,1,2,2,1,5,1,1,1,2,2,15
2024,02-03-0288-45,El Progreso,201,Cooperativa,Rural,Mujer,2,Básico,Ladino/Mestizo,Diario,Vespertina,Promovido,No,No,02-03,4,2,2,3,5,1,2,1,2,2,2
2024,19-07-0235-43,Zacapa,1901,Público,Rural,Hombre,2,Primaria,Ladino/Mestizo,Diario,Matutina,No promovido,Sí,No,19-07,1,2,1,2,5,1,1,5,1,2,19
2024,19-04-0012-43,Zacapa,1901,Público,Rural,Hombre,4,Primaria,Ladino/Mestizo,Diario,Matutina,Promovido,No,No,19-04,1,2,1,2,5,1,1,1,2,2,19
2024,02-02-0055-45,El Progreso,201,Cooperativa,Urbana,Mujer,3,Básico,Ladino/Mestizo,Diario,Vespertina,Promovido,No,No,02-02,4,1,2,3,5,1,2,1,2,2,2
2024,15-03-0100-43,Baja Verapaz,1501,Público,Urbana,Hombre,5,Primaria,Maya,Diario,Matutina,Promovido,No,No,15-03,1,1,1,2,1,1,1,1,2,2,15
2024,15-08-1596-41,Baja Verapaz,1501,Público,Rural,Hombre,6,Preprimaria,Maya,Diario,Matutina,Promovido,No,No,15-08,1,2,1,1,1,1,1,1,2,2,15
2024,19-05-0201-43,Zacapa,1901,Público,Urbana,Mujer,4,Primaria,Ladino/Mestizo,Diario,Matutina,Promovido,No,No,19-05,1,1,2,2,5,1,1,1,2,2,19
2024,02-01-0562-46,El Progreso,201,Privado,Urbana,Hombre,4,Diversificado,Ladino/Mestizo,Diario,Matutina,Promovido,No,No,02-01,2,1,1,4,5,1,1,1,2,2,2
2024,19-01-0739-43,Zacapa,1901,Público,Rural,Hombre,3,Primaria,Ladino/Mestizo,Diario,Matutina,Promovido,No,No,19-01,1,2,1,2,5,1,1,1,2,2,19
2024,15-04-0669-43,Baja Verapaz,1501,Público,Rural,Mujer,1,Primaria,Maya,Diario,Matutina,No promovido,No,No,15-04,1,2,2,2,1,1,1,5,2,2,15
2024,19-05-0013-43,Zacapa,1901,Público,Rural,Hombre,2,Primaria,Ladino/Mestizo,Diario,Matutina,Promovido,No,No,19-05,1,2,1,2,5,1,1,1,2,2,19
2024,15-04-1216-43,Baja Verapaz,1501,Público,Rural,Hombre,2,Primaria,Maya,Diario,Matutina,No promovido,Sí,No,15-04,1,2,1,2,1,1,1,5,1,2,15
2024,02-07-0192-43,El Progreso,201,Público,Rural,Mujer,4,Primaria,Ladino/Mestizo,Diario,Matutina,Promovido,No,No,02-07,1,2,2,2,5,1,1,1,2,2,2
2024,15-01-0124-45,Baja Verapaz,1501,Privado,Urbana,Mujer,2,Básico,Ladino/Mestizo,Diario,Matutina,Promovido,No,No,15-01,2,1,2,3,5,1,1,1,2,2,15
2024,02-01-0029-42,El Progreso,201,Público,Rural,Mujer,6,Preprimaria,Ladino/Mestizo,Diario,Matutina,Promovido,No,No,02-01,1,2,2,1,5,1,1,1,2,2,2
2024,19-01-0042-43,Zacapa,1901,Público,Rural,Hombre,2,Primaria,Ladino/Mestizo,Diario,Matutina,Promovido,No,No,19-01,1,2,1,2,5,1,1,1,2,2,19
2024,15-08-0066-43,Baja Verapaz,1501,Público,Rural,Mujer,4,Primaria,Maya,Diario,Matutina,Promovido,Sí,No,15-08,1,2,2,2,1,1,1,1,1,2,15
2024,02-01-0551-45,El Progreso,201,Público,Rural,Hombre,2,Básico,Ladino/Mestizo,Diario,Vespertina,Promovido,No,No,02-01,1,2,1,3,5,1,2,1,2,2,2
2024,02-03-0250-45,El Progreso,201,Privado,Rural,Hombre,3,Básico,Ladino/Mestizo,Diario,Vespertina,Promovido,No,No,02-03,2,2,1,3,5,1,2,1,2,2,2
2024,19-03-0006-45,Zacapa,1901,Público,Rural,Mujer,1,Básico,Ladino/Mestizo,Diario,Vespertina,No promovido,No,No,19-03,1,2,2,3,5,1,2,5,2,2,19
2024,15-01-0030-43,Baja Verapaz,1501,Público,Rural,Hombre,3,Primaria,Ladino/Mestizo,Diario,Matutina,Promovido,No,No,15-01,1,2,1,2,5,1,1,1,2,2,15
2024,15-08-0046-43,Baja Verapaz,1501,Público,Rural,Mujer,4,Primaria,Maya,Diario,Matutina,Promovido,Sí,No,15-08,1,2,2,2,1,1,1,1,1,2,15
2024,02-03-0670-42,El Progreso,201,Público,Rural,Mujer,5,Preprimaria,Ladino/Mestizo,Diario,Matutina,Promovido,No,No,02-03,1,2,2,1,5,1,1,1,2,2,2
2024,15-03-0099-43,Baja Verapaz,1501,Público,Urbana,Mujer,6,Primaria,Maya,Diario,Matutina,Promovido,No,No,15-03,1,1,2,2,1,1,1,1,2,2,15
2024,15-01-0029-43,Baja Verapaz,1501,Público,Rural,Mujer,4,Primaria,Ladino/Mestizo,Diario,Matutina,Promovido,No,No,15-01,1,2,2,2,5,1,1,1,2,2,15
2024,02-03-0093-43,El Progreso,201,Público,Rural,Mujer,4,Primaria,Ladino/Mestizo,Diario,Matutina,Promovido,No,No,02-03,1,2,2,2,5,1,1,1,2,2,2
2024,02-02-0030-43,El Progreso,201,Público,Urbana,Hombre,5,Primaria,Ladino/Mestizo,Diario,Matutina,Retirado,No,No,02-02,1,1,1,2,5,1,1,3,2,2,2
2024,02-03-0095-43,El Progreso,201,Público,Rural,Mujer,1,Primaria,Ladino/Mestizo,Diario,Matutina,Promovido,No,No,02-03,1,2,2,2,5,1,1,1,2,2,2
2024,19-05-0018-45,Zacapa,1901,Público,Rural,Hombre,1,Básico,Ladino/Mestizo,Diario,Matutina,Promovido,No,No,19-05,1,2,1,3,5,1,1,1,2,2,19
2024,19-02-0614-42,Zacapa,1901,Público,Rural,Mujer,3,Preprimaria,Ladino/Mestizo,Diario,Matutina,Promovido,No,No,19-02,1,2,2,1,5,1,1,1,2,2,19
2024,02-03-0118-45,El Progreso,201,Privado,Urbana,Mujer,2,Básico,Ladino/Mestizo,Diario,Vespertina,Promovido,No,No,02-03,2,1,2,3,5,1,2,1,2,2,2
2024,19-09-0261-42,Zacapa,1901,Público,Urbana,Hombre,6,Preprimaria,Ladino/Mestizo,Diario,Matutina,Promovido,No,No,19-09,1,1,1,1,5,1,1,1,2,2,19
2024,02-03-0072-43,El Progreso,201,Público,Rural,Mujer,5,Primaria,Ladino/Mestizo,Diario,Matutina,Promovido,Sí,No,02-03,1,2,2,2,5,1,1,1,1,2,2
2024,02-03-0117-46,El Progreso,201,Privado,Urbana,Hombre,5,Diversificado,Ladino/Mestizo,Diario,Vespertina,Promovido,No,No,02-03,2,1,1,4,5,1,2,1,2,2,2
2024,15-07-1348-42,Baja Verapaz,1501,Público,Urbana,Mujer,6,Preprimaria,Ladino/Mestizo,Diario,Matutina,Promovido,No,No,15-07,1,1,2,1,5,1,1,1,2,2,15
2024,19-06-0218-43,Zacapa,1901,Público,Rural,Hombre,1,Primaria,Ladino/Mestizo,Diario,Matutina,Promovido,No,No,19-06,1,2,1,2,5,1,1,1,2,2,19
2024,15-04-0136-43,Baja Verapaz,1501,Público,Urbana,Hombre,2,Primaria,Maya,Diario,Matutina,Promovido,No,No,15-04,1,1,1,2,1,1,1,1,2,2,15
2024,19-01-0061-43,Zacapa,1901,Público,Rural,Hombre,5,Primaria,Ladino/Mestizo,Diario,Matutina,Promovido,No,No,19-01,1,2,1,2,5,1,1,1,2,2,19
2024,15-02-1662-41,Baja Verapaz,1501,Público,Rural,Mujer,6,Preprimaria,Maya,Diario,Matutina,Promovido,No,No,15-02,1,2,2,1,1,1,1,1,2,2,15
2024,02-07-0018-45,El Progreso,201,Público,Rural,Hombre,1,Básico,Ladino/Mestizo,Diario,Vespertina,Promovido,No,No,02-07,1,2,1,3,5,1,2,1,2,2,2
2024,15-07-0248-43,Baja Verapaz,1501,Público,Rural,Hombre,6,Primaria,Ladino/Mestizo,Diario,Matutina,Promovido,No,No,15-07,1,2,1,2,5,1,1,1,2,2,15
2024,19-03-0108-43,Zacapa,1901,Público,Rural,Hombre,5,Primaria,Ladino/Mestizo,Diario,Matutina,Promovido,No,No,19-03,1,2,1,2,5,1,1,1,2,2,19
2024,15-02-2129-45,Baja Verapaz,1501,Público,Rural,Hombre,1,Básico,Maya,Diario,Matutina,Promovido,No,No,15-02,1,2,1,3,1,1,1,1,2,2,15
2024,02-02-0034-43,El Progreso,201,Público,Rural,Hombre,2,Primaria,Ladino/Mestizo,Diario,Matutina,No promovido,No,No,02-02,1,2,1,2,5,1,1,5,2,2,2
2024,19-01-0072-45,Zacapa,1901,Público,Urbana,Mujer,2,Básico,Ladino/Mestizo,Diario,Matutina,Promovido,No,Ignorado,19-01,1,1,2,3,5,1,1,1,2,9,19
2024,15-01-0017-43,Baja Verapaz,1501,Público,Urbana,Mujer,4,Primaria,Ladino/Mestizo,Diario,Matutina,Promovido,No,No,15-01,1,1,2,2,5,1,1,1,2,2,15
2024,15-03-0129-43,Baja Verapaz,1501,Público,Rural,Hombre,1,Primaria,Maya,Diario,Matutina,Promovido,No,No,15-03,1,2,1,2,1,1,1,1,2,2,15
2024,15-08-0041-43,Baja Verapaz,1501,Público,Rural,Hombre,6,Primaria,Maya,Diario,Matutina,Promovido,No,No,15-08,1,2,1,2,1,1,1,1,2,2,15
2024,19-04-0348-45,Zacapa,1901,Privado,Urbana,Hombre,2,Básico,Ladino/Mestizo,Diario,Matutina,Promovido,No,No,19-04,2,1,1,3,5,1,1,1,2,2,19
2024,19-02-0002-45,Zacapa,1901,Público,Urbana,Hombre,2,Básico,Ladino/Mestizo,Diario,Vespertina,Promovido,No,No,19-02,1,1,1,3,5,1,2,1,2,2,19
2024,15-02-0343-43,Baja Verapaz,1501,Público,Rural,Hombre,1,Primaria,Maya,Diario,Matutina,Promovido,No,No,15-02,1,2,1,2,1,1,1,1,2,2,15
2024,15-01-0321-43,Baja Verapaz,1501,Público,Rural,Hombre,5,Primaria,Ladino/Mestizo,Diario,Matutina,No promovido,No,No,15-01,1,2,1,2,5,1,1,5,2,2,15
2024,02-07-0446-43,El Progreso,201,Público,Urbana,Mujer,2,Primaria,Ladino/Mestizo,Diario,Matutina,Promovido,No,No,02-07,1,1,2,2,5,1,1,1,2,2,2
2024,02-02-0044-43,El Progreso,201,Público,Rural,Hombre,6,Primaria,Ladino/Mestizo,Diario,Matutina,Retirado,No,No,02-02,1,2,1,2,5,1,1,3,2,2,2
2024,15-02-1951-43,Baja Verapaz,1501,Privado,Urbana,Mujer,2,Primaria,Maya,Diario,Matutina,Promovido,No,No,15-02,2,1,2,2,1,1,1,1,2,2,15
2024,02-08-0399-42,El Progreso,201,Público,Rural,Mujer,6,Preprimaria,Ladino/Mestizo,Diario,Matutina,Promovido,No,No,02-08,1,2,2,1,5,1,1,1,2,2,2
2024,15-08-0077-43,Baja Verapaz,1501,Público,Rural,Hombre,4,Primaria,Maya,Diario,Matutina,Promovido,No,No,15-08,1,2,1,2,1,1,1,1,2,2,15
2024,15-08-0110-43,Baja Verapaz,1501,Público,Rural,Hombre,4,Primaria,Maya,Diario,Matutina,Promovido,Sí,No,15-08,1,2,1,2,1,1,1,1,1,2,15
2024,19-01-0078-46,Zacapa,1901,Público,Urbana,Mujer,4,Diversificado,Ladino/Mestizo,Diario,Vespertina,Promovido,No,No,19-01,1,1,2,4,5,1,2,1,2,2,19
2024,02-07-0161-43,El Progreso,201,Público,Urbana,Hombre,3,Primaria,Ladino/Mestizo,Diario,Matutina,Promovido,No,No,02-07,1,1,1,2,5,1,1,1,2,2,2
2024,19-08-0247-43,Zacapa,1901,Público,Rural,Hombre,3,Primaria,Ladino/Mestizo,Diario,Matutina,Promovido,No,No,19-08,1,2,1,2,5,1,1,1,2,2,19
2024,19-03-0919-43,Zacapa,1901,Público,Rural,Hombre,3,Primaria,Ladino/Mestizo,Diario,Matutina,Promovido,No,No,19-03,1,2,1,2,5,1,1,1,2,2,19
2024,19-01-0084-46,Zacapa,1901,Público,Urbana,Mujer,5,Diversificado,Ladino/Mestizo,Diario,Doble,Promovido,No,Sí,19-01,1,1,2,4,5,1,4,1,2,1,19
2024,02-07-0174-42,El Progreso,201,Público,Rural,Mujer,6,Preprimaria,Ladino/Mestizo,Diario,Matutina,Retirado,No,No,02-07,1,2,2,1,5,1,1,3,2,2,2
2024,02-07-0699-46,El Progreso,201,Privado,Urbana,Hombre,6,Diversificado,Ladino/Mestizo,Diario,Doble,Promovido,No,Sí,02-07,2,1,1,4,5,1,4,1,2,1,2
2024,19-01-0032-43,Zacapa,1901,Público,Rural,Mujer,4,Primaria,Ladino/Mestizo,Diario,Matutina,No promovido,No,No,19-01,1,2,2,2,5,1,1,5,2,2,19
2024,15-03-0024-43,Baja Verapaz,1501,Público,Rural,Hombre,2,Primaria,Ladino/Mestizo,Diario,Matutina,Promovido,No,No,15-03,1,2,1,2,5,1,1,1,2,2,15
2024,19-01-0367-42,Zacapa,1901,Público,Rural,Hombre,4,Preprimaria,Ladino/Mestizo,Diario,Matutina,Promovido,No,No,19-01,1,2,1,1,5,1,1,1,2,2,19
2024,02-02-0575-42,El Progreso,201,Público,Rural,Mujer,5,Preprimaria,Ladino/Mestizo,Diario,Matutina,Retirado,No,No,02-02,1,2,2,1,5,1,1,3,2,2,2
2024,15-08-2185-43,Baja Verapaz,1501,Privado,Rural,Mujer,6,Primaria,Maya,Diario,Matutina,Promovido,No,No,15-08,2,2,2,2,1,1,1,1,2,2,15
2024,19-01-0729-45,Zacapa,1901,Público,Rural,Mujer,2,Básico,Ladino/Mestizo,Diario,Vespertina,Promovido,No,No,19-01,1,2,2,3,5,1,2,1,2,2,19
2024,19-03-0113-43,Zacapa,1901,Público,Rural,Mujer,5,Primaria,Ladino/Mestizo,Diario,Matutina,Promovido,No,No,19-03,1,2,2,2,5,1,1,1,2,2,19
2024,19-09-0693-42,Zacapa,1901,Público,Rural,Mujer,4,Preprimaria,Ladino/Mestizo,Diario,Matutina,Promovido,No,No,19-09,1,2,2,1,5,1,1,1,2,2,19
2024,19-04-1051-42,Zacapa,1901,Público,Rural,Hombre,6,Preprimaria,Ladino/Mestizo,Diario,Matutina,Promovido,No,No,19-04,1,2,1,1,5,1,1,1,2,2,19
2024,19-07-0023-42,Zacapa,1901,Público,Rural,Hombre,6,Preprimaria,Ladino/Mestizo,Diario,Matutina,Promovido,No,No,19-07,1,2,1,1,5,1,1,1,2,2,19
2024,19-11-0021-45,Zacapa,1901,Público,Rural,Mujer,3,Básico,Ladino/Mestizo,Diario,Matutina,Promovido,No,No,19-11,1,2,2,3,5,1,1,1,2,2,19
2024,02-02-0047-43,El Progreso,201,Público,Rural,Mujer,6,Primaria,Ladino/Mestizo,Diario,Matutina,Promovido,No,No,02-02,1,2,2,2,5,1,1,1,2,2,2
2024,15-02-0069-42,Baja Verapaz,1501,Público,Rural,Hombre,5,Preprimaria,Maya,Diario,Matutina,Promovido,No,No,15-02,1,2,1,1,1,1,1,1,2,2,15
2024,02-07-0681-45,El Progreso,201,Privado,Urbana,Mujer,2,Básico,Ladino/Mestizo,Diario,Matutina,Promovido,Sí,No,02-07,2,1,2,3,5,1,1,1,1,2,2
2024,19-04-1116-42,Zacapa,1901,Público,Rural,Mujer,4,Preprimaria,Ladino/Mestizo,Diario,Matutina,Promovido,No,No,19-04,1,2,2,1,5,1,1,1,2,2,19
2024,15-01-0009-43,Baja Verapaz,1501,Privado,Urbana,Hombre,3,Primaria,Ladino/Mestizo,Diario,Matutina,Promovido,No,No,15-01,2,1,1,2,5,1,1,1,2,2,15
2024,15-03-0124-43,Baja Verapaz,1501,Público,Rural,Hombre,3,Primaria,Maya,Diario,Matutina,Promovido,No,No,15-03,1,2,1,2,1,1,1,1,2,2,15
2024,15-06-0230-43,Baja Verapaz,1501,Público,Rural,Mujer,5,Primaria,Ladino/Mestizo,Diario,Matutina,Promovido,No,No,15-06,1,2,2,2,5,1,1,1,2,2,15
2024,02-01-0027-46,El Progreso,201,Público,Urbana,Mujer,5,Diversificado,Ladino/Mestizo,Diario,Doble,Promovido,No,Sí,02-01,1,1,2,4,5,1,4,1,2,1,2
2024,02-06-0005-46,El Progreso,201,Público,Urbana,Mujer,5,Diversificado,Ladino/Mestizo,Diario,Vespertina,Promovido,No,Sí,02-06,1,1,2,4,5,1,2,1,2,1,2
2024,19-01-0211-46,Zacapa,1901,Privado,Urbana,Mujer,4,Diversificado,Ladino/Mestizo,Semipresencial,Ignorado,Promovido,No,Sí,19-01,2,1,2,4,5,4,9,1,2,1,19
2024,19-03-1123-42,Zacapa,1901,Público,Rural,Hombre,6,Preprimaria,Ladino/Mestizo,Diario,Matutina,Promovido,No,No,19-03,1,2,1,1,5,1,1,1,2,2,19
2024,19-06-0728-45,Zacapa,1901,Público,Rural,Hombre,3,Básico,Ladino/Mestizo,Diario,Matutina,Promovido,No,No,19-06,1,2,1,3,5,1,1,1,2,2,19
2024,15-07-1348-42,Baja Verapaz,1501,Público,Urbana,Hombre,5,Preprimaria,Ladino/Mestizo,Diario,Matutina,Promovido,No,No,15-07,1,1,1,1,5,1,1,1,2,2,15
2024,15-07-1164-45,Baja Verapaz,1501,Cooperativa,Rural,Hombre,1,Básico,Ladino/Mestizo,Diario,Vespertina,Promovido,No,No,15-07,4,2,1,3,5,1,2,1,2,2,15
2024,02-08-0208-43,El Progreso,201,Público,Rural,Mujer,3,Primaria,Ladino/Mestizo,Diario,Matutina,Promovido,No,No,02-08,1,2,2,2,5,1,1,1,2,2,2
2024,15-06-0233-43,Baja Verapaz,1501,Público,Rural,Mujer,4,Primaria,Ladino/Mestizo,Diario,Matutina,Promovido,No,No,15-06,1,2,2,2,5,1,1,1,2,2,15
2024,02-01-0702-43,El Progreso,201,Público,Rural,Mujer,4,Primaria,Ladino/Mestizo,Diario,Matutina,Promovido,No,No,02-01,1,2,2,2,5,1,1,1,2,2,2
2024,15-08-1251-43,Baja Verapaz,1501,Público,Rural,Hombre,4,Primaria,Maya,Diario,Matutina,Promovido,No,No,15-08,1,2,1,2,1,1,1,1,2,2,15
2024,15-08-0202-45,Baja Verapaz,1501,Privado,Urbana,Hombre,1,Básico,Ladino/Mestizo,Fin de semana,Doble,No promovido,No,No,15-08,2,1,1,3,5,2,4,5,2,2,15
2024,15-04-0149-43,Baja Verapaz,1501,Público,Rural,Hombre,2,Primaria,Maya,Diario,Matutina,Promovido,No,No,15-04,1,2,1,2,1,1,1,1,2,2,15
2024,02-07-0177-43,El Progreso,201,Público,Rural,Hombre,2,Primaria,Ladino/Mestizo,Diario,Matutina,Promovido,No,No,02-07,1,2,1,2,5,1,1,1,2,2,2
2024,15-01-0010-43,Baja Verapaz,1501,Privado,Urbana,Hombre,2,Primaria,Ladino/Mestizo,Diario,Matutina,Promovido,No,No,15-01,2,1,1,2,5,1,1,1,2,2,15
2024,19-06-0222-43,Zacapa,1901,Público,Rural,Hombre,4,Primaria,Ladino/Mestizo,Diario,Matutina,Promovido,No,No,19-06,1,2,1,2,5,1,1,1,2,2,19
2024,15-04-0016-42,Baja Verapaz,1501,Público,Rural,Hombre,6,Preprimaria,Maya,Diario,Matutina,Promovido,No,No,15-04,1,2,1,1,1,1,1,1,2,2,15
2024,15-08-0208-45,Baja Verapaz,1501,Público,Urbana,Mujer,3,Básico,Maya,Diario,Matutina,Retirado,No,No,15-08,1,1,2,3,1,1,1,3,2,2,15
2024,15-01-0105-45,Baja Verapaz,1501,Público,Rural,Hombre,1,Básico,Ladino/Mestizo,Diario,Vespertina,Retirado,No,No,15-01,1,2,1,3,5,1,2,3,2,2,15
2024,19-04-0012-43,Zacapa,1901,Público,Rural,Hombre,4,Primaria,Ladino/Mestizo,Diario,Matutina,Promovido,No,No,19-04,1,2,1,2,5,1,1,1,2,2,19
2024,19-06-0217-43,Zacapa,1901,Público,Rural,Mujer,4,Primaria,Ladino/Mestizo,Diario,Matutina,Promovido,No,No,19-06,1,2,2,2,5,1,1,1,2,2,19
2024,19-05-0010-43,Zacapa,1901,Público,Rural,Hombre,3,Primaria,Ladino/Mestizo,Diario,Matutina,Promovido,No,No,19-05,1,2,1,2,5,1,1,1,2,2,19
2024,19-05-0036-42,Zacapa,1901,Público,Rural,Mujer,5,Preprimaria,Ladino/Mestizo,Diario,Matutina,Promovido,No,No,19-05,1,2,2,1,5,1,1,1,2,2,19
2024,15-04-0350-43,Baja Verapaz,1501,Público,Rural,Hombre,6,Primaria,Maya,Diario,Matutina,Promovido,No,No,15-04,1,2,1,2,1,1,1,1,2,2,15
2024,15-04-0136-43,Baja Verapaz,1501,Público,Urbana,Hombre,1,Primaria,Maya,Diario,Matutina,Promovido,No,No,15-04,1,1,1,2,1,1,1,1,2,2,15
2024,15-08-0133-42,Baja Verapaz,1501,Público,Rural,Hombre,5,Preprimaria,Maya,Diario,Matutina,Promovido,No,No,15-08,1,2,1,1,1,1,1,1,2,2,15
2024,19-04-0196-45,Zacapa,1901,Público,Urbana,Hombre,2,Básico,Ladino/Mestizo,Diario,Matutina,Promovido,No,No,19-04,1,1,1,3,5,1,1,1,2,2,19
2024,15-01-0321-43,Baja Verapaz,1501,Público,Rural,Mujer,1,Primaria,Ladino/Mestizo,Diario,Matutina,Promovido,No,No,15-01,1,2,2,2,5,1,1,1,2,2,15
2024,15-04-0142-43,Baja Verapaz,1501,Público,Rural,Hombre,5,Primaria,Ladino/Mestizo,Diario,Matutina,Promovido,No,No,15-04,1,2,1,2,5,1,1,1,2,2,15
2024,02-05-0114-43,El Progreso,201,Público,Urbana,Mujer,3,Primaria,Ladino/Mestizo,Diario,Matutina,Promovido,No,No,02-05,1,1,2,2,5,1,1,1,2,2,2
2024,02-01-0028-46,El Progreso,201,Privado,Urbana,Mujer,5,Diversificado,Ladino/Mestizo,Diario,Matutina,Promovido,No,Sí,02-01,2,1,2,4,5,1,1,1,2,1,2
2024,02-07-0169-43,El Progreso,201,Público,Rural,Hombre,2,Primaria,Ladino/Mestizo,Diario,Matutina,Promovido,No,No,02-07,1,2,1,2,5,1,1,1,2,2,2
2024,19-02-0087-42,Zacapa,1901,Público,Urbana,Hombre,5,Preprimaria,Ladino/Mestizo,Diario,Matutina,Promovido,No,No,19-02,1,1,1,1,5,1,1,1,2,2,19
2024,15-01-0019-43,Baja Verapaz,1501,Público,Urbana,Hombre,1,Primaria,Ladino/Mestizo,Diario,Vespertina,Promovido,Sí,No,15-01,1,1,1,2,5,1,2,1,1,2,15
2024,02-07-0161-43,El Progreso,201,Público,Urbana,Hombre,1,Primaria,Ladino/Mestizo,Diario,Matutina,Retirado,Sí,No,02-07,1,1,1,2,5,1,1,3,1,2,2
2024,19-07-0308-43,Zacapa,1901,Público,Rural,Hombre,6,Primaria,Ladino/Mestizo,Diario,Matutina,Promovido,No,No,19-07,1,2,1,2,5,1,1,1,2,2,19
2024,15-01-0021-43,Baja Verapaz,1501,Público,Rural,Hombre,3,Primaria,Maya,Diario,Matutina,Promovido,No,No,15-01,1,2,1,2,1,1,1,1,2,2,15
2024,15-08-0359-43,Baja Verapaz,1501,Público,Rural,Mujer,4,Primaria,Maya,Diario,Matutina,Promovido,No,No,15-08,1,2,2,2,1,1,1,1,2,2,15
2024,02-08-0223-45,El Progreso,201,Cooperativa,Urbana,Hombre,1,Básico,Ladino/Mestizo,Diario,Vespertina,Promovido,No,Ignorado,02-08,4,1,1,3,5,1,2,1,2,9,2
2024,19-02-1187-42,Zacapa,1901,Público,Urbana,Hombre,2,Preprimaria,Ladino/Mestizo,Diario,Matutina,Promovido,No,No,19-02,1,1,1,1,5,1,1,1,2,2,19
2024,02-07-0160-43,El Progreso,201,Público,Urbana,Mujer,5,Primaria,Ladino/Mestizo,Diario,Matutina,Promovido,No,No,02-07,1,1,2,2,5,1,1,1,2,2,2
2024,19-07-1100-42,Zacapa,1901,Público,Rural,Mujer,6,Preprimaria,Ladino/Mestizo,Diario,Matutina,Promovido,No,No,19-07,1,2,2,1,5,1,1,1,2,2,19
2024,02-07-0721-45,El Progreso,201,Cooperativa,Urbana,Hombre,2,Básico,Ladino/Mestizo,Diario,Vespertina,Promovido,Sí,No,02-07,4,1,1,3,5,1,2,1,1,2,2
2024,02-03-0065-43,El Progreso,201,Público,Rural,Mujer,6,Primaria,Ladino/Mestizo,Diario,Matutina,Promovido,No,No,02-03,1,2,2,2,5,1,1,1,2,2,2
2024,02-08-0208-43,El Progreso,201,Público,Rural,Mujer,1,Primaria,Ladino/Mestizo,Diario,Matutina,Promovido,No,No,02-08,1,2,2,2,5,1,1,1,2,2,2
2024,19-09-0024-45,Zacapa,1901,Público,Rural,Hombre,3,Básico,Ladino/Mestizo,Diario,Matutina,Promovido,No,No,19-09,1,2,1,3,5,1,1,1,2,2,19
2024,19-06-0005-46,Zacapa,1901,Cooperativa,Rural,Mujer,4,Diversificado,Ladino/Mestizo,Diario,Vespertina,Promovido,No,No,19-06,4,2,2,4,5,1,2,1,2,2,19
2024,02-01-0019-43,El Progreso,201,Público,Rural,Hombre,1,Primaria,Ladino/Mestizo,Diario,Matutina,No promovido,No,No,02-01,1,2,1,2,5,1,1,5,2,2,2
2024,02-03-0020-45,El Progreso,201,Público,Urbana,Hombre,1,Básico,Ladino/Mestizo,Diario,Matutina,Promovido,No,No,02-03,1,1,1,3,5,1,1,1,2,2,2
2024,15-03-1935-42,Baja Verapaz,1501,Público,Rural,Mujer,6,Preprimaria,Maya,Diario,Matutina,Retirado,No,No,15-03,1,2,2,1,1,1,1,3,2,2,15
2024,19-09-0292-45,Zacapa,1901,Público,Urbana,Hombre,3,Básico,Ladino/Mestizo,Diario,Matutina,Promovido,No,No,19-09,1,1,1,3,5,1,1,1,2,2,19
2024,15-02-0072-43,Baja Verapaz,1501,Público,Rural,Hombre,5,Primaria,Ladino/Mestizo,Diario,Matutina,Promovido,No,No,15-02,1,2,1,2,5,1,1,1,2,2,15
2024,19-04-0179-43,Zacapa,1901,Público,Rural,Mujer,3,Primaria,Ladino/Mestizo,Diario,Matutina,Promovido,Sí,No,19-04,1,2,2,2,5,1,1,1,1,2,19
2024,15-01-1274-46,Baja Verapaz,1501,Público,Urbana,Mujer,6,Diversificado,Ladino/Mestizo,Diario,Vespertina,Promovido,No,Sí,15-01,1,1,2,4,5,1,2,1,2,1,15
2024,15-07-0027-45,Baja Verapaz,1501,Público,Rural,Mujer,2,Básico,Ladino/Mestizo,Diario,Vespertina,Promovido,No,No,15-07,1,2,2,3,5,1,2,1,2,2,15
2024,15-01-0112-46,Baja Verapaz,1501,Privado,Urbana,Mujer,5,Diversificado,Maya,Diario,Matutina,Promovido,No,Sí,15-01,2,1,2,4,1,1,1,1,2,1,15
2024,02-03-0583-43,El Progreso,201,Público,Rural,Hombre,2,Primaria,Ladino/Mestizo,Diario,Vespertina,Promovido,No,No,02-03,1,2,1,2,5,1,2,1,2,2,2
2024,15-08-1599-43,Baja Verapaz,1501,Público,Rural,Hombre,6,Primaria,Ladino/Mestizo,Diario,Matutina,Promovido,No,No,15-08,1,2,1,2,5,1,1,1,2,2,15
2024,02-06-0154-46,El Progreso,201,Privado,Urbana,Hombre,5,Diversificado,Ladino/Mestizo,Diario,Vespertina,Promovido,No,Sí,02-06,2,1,1,4,5,1,2,1,2,1,2
2024,19-04-1172-42,Zacapa,1901,Público,Rural,Mujer,6,Preprimaria,Ladino/Mestizo,Diario,Matutina,Promovido,No,No,19-04,1,2,2,1,5,1,1,1,2,2,19
2024,15-01-0009-43,Baja Verapaz,1501,Privado,Urbana,Hombre,3,Primaria,Ladino/Mestizo,Diario,Matutina,Promovido,No,No,15-01,2,1,1,2,5,1,1,1,2,2,15
2024,19-09-0641-43,Zacapa,1901,Público,Rural,Hombre,5,Primaria,Ladino/Mestizo,Diario,Matutina,No promovido,Sí,No,19-09,1,2,1,2,5,1,1,5,1,2,19
2024,19-05-0208-43,Zacapa,1901,Público,Rural,Hombre,2,Primaria,Ladino/Mestizo,Diario,Matutina,No promovido,Sí,No,19-05,1,2,1,2,5,1,1,5,1,2,19
2024,19-01-0106-43,Zacapa,1901,Público,Rural,Hombre,2,Primaria,Ladino/Mestizo,Diario,Matutina,Promovido,No,No,19-01,1,2,1,2,5,1,1,1,2,2,19
2024,15-08-0208-45,Baja Verapaz,1501,Público,Urbana,Mujer,2,Básico,Ladino/Mestizo,Diario,Matutina,Promovido,Sí,No,15-08,1,1,2,3,5,1,1,1,1,2,15
2024,15-05-0194-43,Baja Verapaz,1501,Público,Rural,Mujer,1,Primaria,Ladino/Mestizo,Diario,Matutina,No promovido,No,No,15-05,1,2,2,2,5,1,1,5,2,2,15
2024,15-01-0321-43,Baja Verapaz,1501,Público,Rural,Mujer,3,Primaria,Ladino/Mestizo,Diario,Matutina,Promovido,No,No,15-01,1,2,2,2,5,1,1,1,2,2,15
2024,15-04-1740-45,Baja Verapaz,1501,Público,Rural,Mujer,2,Básico,Maya,Diario,Vespertina,Promovido,No,No,15-04,1,2,2,3,1,1,2,1,2,2,15
2024,19-01-0897-42,Zacapa,1901,Público,Urbana,Mujer,2,Preprimaria,Ladino/Mestizo,Diario,Doble,Promovido,No,No,19-01,1,1,2,1,5,1,4,1,2,2,19
2024,19-04-1111-42,Zacapa,1901,Público,Rural,Mujer,6,Preprimaria,Ladino/Mestizo,Diario,Matutina,Promovido,No,No,19-04,1,2,2,1,5,1,1,1,2,2,19
2024,15-03-0100-43,Baja Verapaz,1501,Público,Urbana,Hombre,6,Primaria,Ladino/Mestizo,Diario,Matutina,Promovido,No,No,15-03,1,1,1,2,5,1,1,1,2,2,15
2024,15-02-2198-41,Baja Verapaz,1501,Público,Rural,Hombre,5,Preprimaria,Maya,Diario,Matutina,Promovido,No,No,15-02,1,2,1,1,1,1,1,1,2,2,15
2024,15-02-0090-43,Baja Verapaz,1501,Público,Rural,Mujer,6,Primaria,Maya,Diario,Matutina,Promovido,No,No,15-02,1,2,2,2,1,1,1,1,2,2,15
2024,02-01-0001-42,El Progreso,201,Público,Urbana,Mujer,6,Preprimaria,Ladino/Mestizo,Diario,Matutina,Promovido,No,No,02-01,1,1,2,1,5,1,1,1,2,2,2
2024,15-08-0288-43,Baja Verapaz,1501,Público,Rural,Hombre,4,Primaria,Maya,Diario,Matutina,Promovido,No,No,15-08,1,2,1,2,1,1,1,1,2,2,15
2024,19-04-1097-42,Zacapa,1901,Público,Rural,Hombre,5,Preprimaria,Ladino/Mestizo,Diario,Matutina,Promovido,No,No,19-04,1,2,1,1,5,1,1,1,2,2,19
2024,15-01-0040-43,Baja Verapaz,1501,Público,Rural,Hombre,5,Primaria,Ladino/Mestizo,Diario,Matutina,Promovido,No,No,15-01,1,2,1,2,5,1,1,1,2,2,15
2024,15-07-0254-45,Baja Verapaz,1501,Cooperativa,Urbana,Mujer,2,Básico,Ladino/Mestizo,Diario,Vespertina,Promovido,Sí,No,15-07,4,1,2,3,5,1,2,1,1,2,15
2024,19-05-0210-43,Zacapa,1901,Público,Rural,Mujer,4,Primaria,Ladino/Mestizo,Diario,Matutina,Promovido,No,No,19-05,1,2,2,2,5,1,1,1,2,2,19
2024,15-04-0148-43,Baja Verapaz,1501,Público,Rural,Hombre,3,Primaria,Maya,Diario,Matutina,Promovido,No,No,15-04,1,2,1,2,1,1,1,1,2,2,15
2024,19-05-0051-46,Zacapa,1901,Privado,Urbana,Mujer,5,Diversificado,Ladino/Mestizo,Fin de semana,Doble,Retirado,No,Sí,19-05,2,1,2,4,5,2,4,3,2,1,19
2024,19-01-0160-46,Zacapa,1901,Privado,Urbana,Mujer,6,Diversificado,Ladino/Mestizo,Diario,Matutina,Promovido,No,Sí,19-01,2,1,2,4,5,1,1,1,2,1,19
2024,19-10-0302-43,Zacapa,1901,Público,Rural,Hombre,4,Primaria,Ladino/Mestizo,Diario,Matutina,No promovido,No,No,19-10,1,2,1,2,5,1,1,5,2,2,19
2024,02-08-0535-46,El Progreso,201,Cooperativa,Urbana,Hombre,5,Diversificado,Ladino/Mestizo,Diario,Vespertina,Promovido,No,Sí,02-08,4,1,1,4,5,1,2,1,2,1,2
2024,15-08-0280-43,Baja Verapaz,1501,Público,Rural,Hombre,6,Primaria,Maya,Diario,Matutina,Promovido,No,No,15-08,1,2,1,2,1,1,1,1,2,2,15
2024,19-04-0018-43,Zacapa,1901,Público,Rural,Mujer,3,Primaria,Ladino/Mestizo,Diario,Matutina,Promovido,No,No,19-04,1,2,2,2,5,1,1,1,2,2,19
2024,19-04-0138-43,Zacapa,1901,Público,Rural,Mujer,3,Primaria,Ladino/Mestizo,Diario,Matutina,Promovido,No,No,19-04,1,2,2,2,5,1,1,1,2,2,19
2024,15-01-0016-43,Baja Verapaz,1501,Público,Rural,Hombre,1,Primaria,Maya,Diario,Matutina,Promovido,No,No,15-01,1,2,1,2,1,1,1,1,2,2,15
2024,15-03-0085-46,Baja Verapaz,1501,Público,Rural,Hombre,4,Diversificado,Maya,Diario,Matutina,Promovido,No,No,15-03,1,2,1,4,1,1,1,1,2,2,15
2024,19-04-0005-42,Zacapa,1901,Público,Rural,Hombre,5,Preprimaria,Ladino/Mestizo,Diario,Matutina,Promovido,No,No,19-04,1,2,1,1,5,1,1,1,2,2,19
2024,02-01-0015-43,El Progreso,201,Público,Rural,Mujer,3,Primaria,Ladino/Mestizo,Diario,Matutina,Promovido,No,No,02-01,1,2,2,2,5,1,1,1,2,2,2
2024,19-03-0106-43,Zacapa,1901,Público,Rural,Hombre,6,Primaria,Ladino/Mestizo,Diario,Matutina,Promovido,No,No,19-03,1,2,1,2,5,1,1,1,2,2,19
2024,19-01-0092-42,Zacapa,1901,Público,Rural,Hombre,6,Preprimaria,Ladino/Mestizo,Diario,Matutina,Promovido,No,No,19-01,1,2,1,1,5,1,1,1,2,2,19
2024,19-07-0235-43,Zacapa,1901,Público,Rural,Mujer,6,Primaria,Ladino/Mestizo,Diario,Matutina,Promovido,No,No,19-07,1,2,2,2,5,1,1,1,2,2,19
2024,19-04-0185-43,Zacapa,1901,Privado,Urbana,Hombre,5,Primaria,Ladino/Mestizo,Diario,Vespertina,Promovido,No,No,19-04,2,1,1,2,5,1,2,1,2,2,19
2024,19-11-0010-43,Zacapa,1901,Público,Urbana,Hombre,4,Primaria,Ladino/Mestizo,Diario,Matutina,Retirado,No,No,19-11,1,1,1,2,5,1,1,3,2,2,19
2024,15-01-0008-43,Baja Verapaz,1501,Público,Urbana,Hombre,5,Primaria,Ladino/Mestizo,Diario,Matutina,Promovido,No,No,15-01,1,1,1,2,5,1,1,1,2,2,15
2024,19-01-0120-45,Zacapa,1901,Público,Rural,Hombre,1,Básico,Ladino/Mestizo,Diario,Vespertina,Promovido,No,No,19-01,1,2,1,3,5,1,2,1,2,2,19
2024,02-04-0749-45,El Progreso,201,Privado,Urbana,Hombre,2,Básico,Ladino/Mestizo,Diario,Matutina,Promovido,No,No,02-04,2,1,1,3,5,1,1,1,2,2,2
2024,15-08-0195-45,Baja Verapaz,1501,Público,Rural,Mujer,2,Básico,Maya,Diario,Vespertina,Retirado,No,No,15-08,1,2,2,3,1,1,2,3,2,2,15
2024,19-05-1186-42,Zacapa,1901,Público,Rural,Mujer,4,Preprimaria,Ladino/Mestizo,Diario,Doble,Retirado,No,No,19-05,1,2,2,1,5,1,4,3,2,2,19
2024,19-05-0019-45,Zacapa,1901,Público,Rural,Mujer,3,Básico,Ladino/Mestizo,Diario,Matutina,Promovido,No,No,19-05,1,2,2,3,5,1,1,1,2,2,19
2024,19-04-1112-43,Zacapa,1901,Privado,Rural,Hombre,1,Primaria,Ladino/Mestizo,Diario,Matutina,Promovido,No,No,19-04,2,2,1,2,5,1,1,1,2,2,19
2024,02-06-0243-45,El Progreso,201,Público,Urbana,Mujer,2,Básico,Ladino/Mestizo,Diario,Matutina,Promovido,No,No,02-06,1,1,2,3,5,1,1,1,2,2,2
2024,15-01-0018-43,Baja Verapaz,1501,Público,Urbana,Mujer,1,Primaria,Ladino/Mestizo,Diario,Matutina,No promovido,No,No,15-01,1,1,2,2,5,1,1,5,2,2,15
2024,19-01-1017-42,Zacapa,1901,Público,Urbana,Hombre,4,Preprimaria,Ladino/Mestizo,Diario,Doble,Retirado,No,No,19-01,1,1,1,1,5,1,4,3,2,2,19
2024,02-07-0172-43,El Progreso,201,Público,Rural,Mujer,4,Primaria,Ladino/Mestizo,Diario,Matutina,Promovido,No,No,02-07,1,2,2,2,5,1,1,1,2,2,2
2024,15-04-0138-43,Baja Verapaz,1501,Público,Rural,Hombre,6,Primaria,Ladino/Mestizo,Diario,Matutina,Promovido,No,No,15-04,1,2,1,2,5,1,1,1,2,2,15
2024,15-08-0357-43,Baja Verapaz,1501,Público,Rural,Hombre,1,Primaria,Maya,Diario,Matutina,Promovido,No,No,15-08,1,2,1,2,1,1,1,1,2,2,15
2024,19-11-0019-45,Zacapa,1901,Cooperativa,Urbana,Hombre,2,Básico,Ladino/Mestizo,Diario,Vespertina,Promovido,No,No,19-11,4,1,1,3,5,1,2,1,2,2,19
2024,15-01-1955-42,Baja Verapaz,1501,Público,Rural,Hombre,5,Preprimaria,Ladino/Mestizo,Diario,Vespertina,Promovido,No,No,15-01,1,2,1,1,5,1,2,1,2,2,15
2024,15-04-1544-42,Baja Verapaz,1501,Público,Rural,Hombre,5,Preprimaria,Maya,Diario,Matutina,Promovido,No,No,15-04,1,2,1,1,1,1,1,1,2,2,15
2024,02-07-0691-46,El Progreso,201,Privado,Urbana,Mujer,5,Diversificado,Ladino/Mestizo,Fin de semana,Doble,Promovido,Sí,Sí,02-07,2,1,2,4,5,2,4,1,1,1,2
2024,02-08-0211-43,El Progreso,201,Público,Rural,Mujer,1,Primaria,Ladino/Mestizo,Diario,Matutina,Promovido,No,No,02-08,1,2,2,2,5,1,1,1,2,2,2
2024,19-04-1097-42,Zacapa,1901,Público,Rural,Hombre,4,Preprimaria,Ladino/Mestizo,Diario,Matutina,Promovido,No,No,19-04,1,2,1,1,5,1,1,1,2,2,19
2024,02-03-0027-45,El Progreso,201,Público,Rural,Mujer,1,Básico,Ladino/Mestizo,Diario,Vespertina,Promovido,No,No,02-03,1,2,2,3,5,1,2,1,2,2,2
2024,02-03-0708-42,El Progreso,201,Público,Rural,Hombre,5,Preprimaria,Ladino/Mestizo,Diario,Matutina,Promovido,No,No,02-03,1,2,1,1,5,1,1,1,2,2,2
2024,02-01-0607-46,El Progreso,201,Cooperativa,Urbana,Mujer,5,Diversificado,Ladino/Mestizo,Diario,Vespertina,Promovido,No,No,02-01,4,1,2,4,5,1,2,1,2,2,2
2024,02-03-0140-43,El Progreso,201,Privado,Urbana,Mujer,1,Primaria,Ladino/Mestizo,Diario,Matutina,Promovido,No,No,02-03,2,1,2,2,5,1,1,1,2,2,2
2024,15-08-0022-41,Baja Verapaz,1501,Público,Rural,Mujer,4,Preprimaria,Maya,Diario,Matutina,Promovido,No,No,15-08,1,2,2,1,1,1,1,1,2,2,15
2024,19-01-0958-43,Zacapa,1901,Público,Rural,Hombre,6,Primaria,Ladino/Mestizo,Diario,Matutina,Promovido,No,No,19-01,1,2,1,2,5,1,1,1,2,2,19
2024,02-03-0065-43,El Progreso,201,Público,Rural,Mujer,6,Primaria,Ladino/Mestizo,Diario,Matutina,Promovido,No,No,02-03,1,2,2,2,5,1,1,1,2,2,2
2024,15-07-1476-43,Baja Verapaz,1501,Público,Urbana,Mujer,4,Primaria,Ladino/Mestizo,Diario,Matutina,Promovido,No,No,15-07,1,1,2,2,5,1,1,1,2,2,15
2024,15-03-0118-43,Baja Verapaz,1501,Público,Rural,Hombre,5,Primaria,Maya,Diario,Matutina,Promovido,No,No,15-03,1,2,1,2,1,1,1,1,2,2,15
2024,19-09-0035-42,Zacapa,1901,Público,Urbana,Mujer,6,Preprimaria,Ladino/Mestizo,Diario,Vespertina,Promovido,No,No,19-09,1,1,2,1,5,1,2,1,2,2,19
2024,19-07-1100-42,Zacapa,1901,Público,Rural,Hombre,2,Preprimaria,Ladino/Mestizo,Diario,Matutina,Promovido,No,No,19-07,1,2,1,1,5,1,1,1,2,2,19
2024,15-03-0050-42,Baja Verapaz,1501,Público,Rural,Mujer,2,Preprimaria,Maya,Diario,Matutina,Promovido,No,No,15-03,1,2,2,1,1,1,1,1,2,2,15
2024,19-06-0307-42,Zacapa,1901,Público,Rural,Hombre,6,Preprimaria,Ladino/Mestizo,Diario,Matutina,Promovido,No,No,19-06,1,2,1,1,5,1,1,1,2,2,19
2024,19-02-0021-43,Zacapa,1901,Público,Rural,Hombre,5,Primaria,Ladino/Mestizo,Diario,Vespertina,Promovido,No,No,19-02,1,2,1,2,5,1,2,1,2,2,19
2024,02-08-0799-43,El Progreso,201,Privado,Urbana,Hombre,4,Primaria,Ladino/Mestizo,Diario,Vespertina,Promovido,No,No,02-08,2,1,1,2,5,1,2,1,2,2,2
2024,02-01-0641-43,El Progreso,201,Público,Urbana,Hombre,2,Primaria,Ladino/Mestizo,Diario,Vespertina,Promovido,No,No,02-01,1,1,1,2,5,1,2,1,2,2,2
2024,02-01-0610-42,El Progreso,201,Público,Rural,Hombre,2,Preprimaria,Ladino/Mestizo,Diario,Matutina,Promovido,No,No,02-01,1,2,1,1,5,1,1,1,2,2,2
2024,02-03-0060-43,El Progreso,201,Público,Urbana,Mujer,2,Primaria,Ladino/Mestizo,Diario,Matutina,Promovido,No,No,02-03,1,1,2,2,5,1,1,1,2,2,2
2024,19-04-0062-43,Zacapa,1901,Privado,Urbana,Hombre,6,Primaria,Ladino/Mestizo,Diario,Vespertina,Promovido,No,No,19-04,2,1,1,2,5,1,2,1,2,2,19
2024,15-04-0215-45,Baja Verapaz,1501,Público,Rural,Hombre,2,Básico,Maya,Diario,Vespertina,Promovido,No,No,15-04,1,2,1,3,1,1,2,1,2,2,15
2024,19-05-0012-43,Zacapa,1901,Público,Rural,Mujer,6,Primaria,Ladino/Mestizo,Diario,Matutina,Promovido,No,No,19-05,1,2,2,2,5,1,1,1,2,2,19
2024,02-06-0142-43,El Progreso,201,Público,Rural,Mujer,3,Primaria,Ladino/Mestizo,Diario,Matutina,Promovido,No,No,02-06,1,2,2,2,5,1,1,1,2,2,2
2024,02-04-0112-45,El Progreso,201,Cooperativa,Rural,Mujer,2,Básico,Ladino/Mestizo,Diario,Vespertina,No promovido,No,No,02-04,4,2,2,3,5,1,2,5,2,2,2
2024,19-04-0029-46,Zacapa,1901,Público,Urbana,Hombre,5,Diversificado,Ladino/Mestizo,Diario,Vespertina,Promovido,No,Sí,19-04,1,1,1,4,5,1,2,1,2,1,19
2024,15-03-0035-43,Baja Verapaz,1501,Público,Rural,Mujer,1,Primaria,Maya,Diario,Matutina,Promovido,No,No,15-03,1,2,2,2,1,1,1,1,2,2,15
2024,15-03-0035-43,Baja Verapaz,1501,Público,Rural,Hombre,1,Primaria,Ladino/Mestizo,Diario,Matutina,Promovido,No,No,15-03,1,2,1,2,5,1,1,1,2,2,15
2024,15-02-1235-42,Baja Verapaz,1501,Público,Rural,Hombre,2,Preprimaria,Maya,Diario,Matutina,Promovido,No,No,15-02,1,2,1,1,1,1,1,1,2,2,15
2024,19-06-0222-43,Zacapa,1901,Público,Rural,Mujer,3,Primaria,Ladino/Mestizo,Diario,Matutina,Promovido,No,No,19-06,1,2,2,2,5,1,1,1,2,2,19
2024,15-02-1750-42,Baja Verapaz,1501,Público,Rural,Mujer,5,Preprimaria,Maya,Diario,Matutina,Promovido,No,No,15-02,1,2,2,1,1,1,1,1,2,2,15
2024,19-05-0206-43,Zacapa,1901,Público,Rural,Mujer,1,Primaria,Ladino/Mestizo,Diario,Matutina,Promovido,No,No,19-05,1,2,2,2,5,1,1,1,2,2,19
2024,15-01-0024-43,Baja Verapaz,1501,Público,Rural,Mujer,4,Primaria,Ladino/Mestizo,Diario,Matutina,Promovido,No,No,15-01,1,2,2,2,5,1,1,1,2,2,15
2024,19-04-0196-45,Zacapa,1901,Público,Urbana,Hombre,3,Básico,Ladino/Mestizo,Diario,Matutina,Promovido,No,No,19-04,1,1,1,3,5,1,1,1,2,2,19
2024,19-05-0029-43,Zacapa,1901,Privado,Urbana,Hombre,4,Primaria,Ladino/Mestizo,Diario,Matutina,Promovido,No,No,19-05,2,1,1,2,5,1,1,1,2,2,19
2024,19-01-0131-43,Zacapa,1901,Público,Rural,Hombre,2,Primaria,Ladino/Mestizo,Diario,Matutina,Promovido,No,No,19-01,1,2,1,2,5,1,1,1,2,2,19
2024,15-07-0044-42,Baja Verapaz,1501,Público,Rural,Mujer,5,Preprimaria,Ladino/Mestizo,Diario,Matutina,Promovido,No,No,15-07,1,2,2,1,5,1,1,1,2,2,15
2024,19-07-0240-43,Zacapa,1901,Público,Rural,Hombre,3,Primaria,Ladino/Mestizo,Diario,Matutina,Promovido,No,No,19-07,1,2,1,2,5,1,1,1,2,2,19
2024,19-01-0629-42,Zacapa,1901,Privado,Urbana,Hombre,6,Preprimaria,Ladino/Mestizo,Diario,Matutina,Promovido,No,No,19-01,2,1,1,1,5,1,1,1,2,2,19
2024,15-02-2129-45,Baja Verapaz,1501,Público,Rural,Mujer,3,Básico,Maya,Diario,Matutina,Promovido,No,No,15-02,1,2,2,3,1,1,1,1,2,2,15
2024,19-06-0222-43,Zacapa,1901,Público,Rural,Hombre,3,Primaria,Ladino/Mestizo,Diario,Matutina,Promovido,No,No,19-06,1,2,1,2,5,1,1,1,2,2,19
2024,19-05-0042-42,Zacapa,1901,Público,Rural,Mujer,0,Preprimaria,Ladino/Mestizo,Diario,Doble,Promovido,No,No,19-05,1,2,2,1,5,1,4,1,2,2,19
2024,19-09-0042-43,Zacapa,1901,Público,Rural,Mujer,3,Primaria,Ladino/Mestizo,Diario,Matutina,No promovido,No,No,19-09,1,2,2,2,5,1,1,5,2,2,19
2024,19-09-0018-43,Zacapa,1901,Público,Rural,Hombre,2,Primaria,Ladino/Mestizo,Diario,Matutina,Promovido,No,No,19-09,1,2,1,2,5,1,1,1,2,2,19
2024,02-07-0626-43,El Progreso,201,Privado,Urbana,Mujer,6,Primaria,Ladino/Mestizo,Diario,Matutina,Promovido,No,No,02-07,2,1,2,2,5,1,1,1,2,2,2
2024,19-06-0583-42,Zacapa,1901,Público,Rural,Mujer,5,Preprimaria,Ladino/Mestizo,Diario,Matutina,Promovido,No,No,19-06,1,2,2,1,5,1,1,1,2,2,19
2024,19-01-0887-42,Zacapa,1901,Público,Rural,Hombre,2,Preprimaria,Ladino/Mestizo,Diario,Matutina,Promovido,No,No,19-01,1,2,1,1,5,1,1,1,2,2,19
2024,19-09-0277-43,Zacapa,1901,Público,Rural,Mujer,1,Primaria,Ladino/Mestizo,Diario,Matutina,Promovido,No,No,19-09,1,2,2,2,5,1,1,1,2,2,19
2024,15-01-0183-45,Baja Verapaz,1501,Público,Rural,Mujer,1,Básico,Ladino/Mestizo,Diario,Matutina,Promovido,No,No,15-01,1,2,2,3,5,1,1,1,2,2,15
2024,15-02-0343-43,Baja Verapaz,1501,Público,Rural,Mujer,2,Primaria,Maya,Diario,Matutina,Promovido,No,No,15-02,1,2,2,2,1,1,1,1,2,2,15
2024,19-01-0926-43,Zacapa,1901,Público,Rural,Mujer,4,Primaria,Ladino/Mestizo,Diario,Matutina,Promovido,No,No,19-01,1,2,2,2,5,1,1,1,2,2,19
2024,15-01-0019-43,Baja Verapaz,1501,Público,Urbana,Hombre,4,Primaria,Maya,Diario,Vespertina,Promovido,No,No,15-01,1,1,1,2,1,1,2,1,2,2,15
2024,19-06-0223-43,Zacapa,1901,Público,Rural,Hombre,4,Primaria,Ladino/Mestizo,Diario,Matutina,Promovido,No,No,19-06,1,2,1,2,5,1,1,1,2,2,19
2024,15-04-0347-43,Baja Verapaz,1501,Público,Rural,Hombre,1,Primaria,Maya,Diario,Matutina,Promovido,No,No,15-04,1,2,1,2,1,1,1,1,2,2,15
2024,02-03-0456-42,El Progreso,201,Público,Rural,Mujer,6,Preprimaria,Ladino/Mestizo,Diario,Matutina,Promovido,No,No,02-03,1,2,2,1,5,1,1,1,2,2,2
2024,02-01-0702-43,El Progreso,201,Público,Rural,Mujer,3,Primaria,Ladino/Mestizo,Diario,Matutina,Promovido,No,No,02-01,1,2,2,2,5,1,1,1,2,2,2
2024,15-01-0019-43,Baja Verapaz,1501,Público,Urbana,Hombre,2,Primaria,Ladino/Mestizo,Diario,Vespertina,Promovido,No,No,15-01,1,1,1,2,5,1,2,1,2,2,15
2024,19-04-0185-43,Zacapa,1901,Privado,Urbana,Mujer,2,Primaria,Ladino/Mestizo,Diario,Vespertina,Promovido,No,No,19-04,2,1,2,2,5,1,2,1,2,2,19
2024,19-09-0642-43,Zacapa,1901,Público,Rural,Mujer,5,Primaria,Ladino/Mestizo,Diario,Matutina,Promovido,No,No,19-09,1,2,2,2,5,1,1,1,2,2,19
2024,19-11-0008-42,Zacapa,1901,Público,Rural,Mujer,5,Preprimaria,Ladino/Mestizo,Diario,Matutina,Promovido,No,No,19-11,1,2,2,1,5,1,1,1,2,2,19
2024,19-04-0158-43,Zacapa,1901,Público,Rural,Hombre,3,Primaria,Ladino/Mestizo,Diario,Matutina,Promovido,No,No,19-04,1,2,1,2,5,1,1,1,2,2,19
2024,15-01-1844-42,Baja Verapaz,1501,Privado,Urbana,Hombre,5,Preprimaria,Ladino/Mestizo,Diario,Matutina,Promovido,No,No,15-01,2,1,1,1,5,1,1,1,2,2,15
2024,15-05-0013-45,Baja Verapaz,1501,Público,Urbana,Hombre,1,Básico,Ladino/Mestizo,Diario,Vespertina,Promovido,No,No,15-05,1,1,1,3,5,1,2,1,2,2,15
2024,15-01-0051-46,Baja Verapaz,1501,Privado,Urbana,Mujer,4,Diversificado,Maya,Diario,Vespertina,Promovido,No,No,15-01,2,1,2,4,1,1,2,1,2,2,15
2024,15-01-2192-45,Baja Verapaz,1501,Público,Rural,Hombre,3,Básico,Ladino/Mestizo,Diario,Matutina,Retirado,No,No,15-01,1,2,1,3,5,1,1,3,2,2,15
2024,19-06-0728-45,Zacapa,1901,Público,Rural,Hombre,2,Básico,Ladino/Mestizo,Diario,Matutina,Retirado,No,No,19-06,1,2,1,3,5,1,1,3,2,2,19
2024,19-09-0642-43,Zacapa,1901,Público,Rural,Hombre,1,Primaria,Ladino/Mestizo,Diario,Matutina,No promovido,Sí,No,19-09,1,2,1,2,5,1,1,5,1,2,19
2024,02-06-0148-43,El Progreso,201,Público,Rural,Hombre,2,Primaria,Ladino/Mestizo,Diario,Matutina,Promovido,No,No,02-06,1,2,1,2,5,1,1,1,2,2,2
2024,02-08-0211-43,El Progreso,201,Público,Rural,Mujer,2,Primaria,Ladino/Mestizo,Diario,Matutina,Promovido,No,No,02-08,1,2,2,2,5,1,1,1,2,2,2
2024,19-01-1138-43,Zacapa,1901,Público,Rural,Hombre,5,Primaria,Ladino/Mestizo,Diario,Matutina,Promovido,No,No,19-01,1,2,1,2,5,1,1,1,2,2,19
2024,15-01-0048-45,Baja Verapaz,1501,Público,Urbana,Hombre,3,Básico,Ladino/Mestizo,Diario,Matutina,Promovido,No,No,15-01,1,1,1,3,5,1,1,1,2,2,15
2024,19-01-0116-46,Zacapa,1901,Público,Urbana,Mujer,5,Diversificado,Ladino/Mestizo,Diario,Vespertina,Promovido,No,Sí,19-01,1,1,2,4,5,1,2,1,2,1,19
2024,19-01-0023-42,Zacapa,1901,Público,Rural,Mujer,5,Preprimaria,Ladino/Mestizo,Diario,Matutina,Promovido,No,No,19-01,1,2,2,1,5,1,1,1,2,2,19
2024,15-08-0099-43,Baja Verapaz,1501,Público,Rural,Hombre,5,Primaria,Maya,Diario,Matutina,Promovido,Sí,No,15-08,1,2,1,2,1,1,1,1,1,2,15
2024,02-05-0130-45,El Progreso,201,Público,Urbana,Hombre,2,Básico,Ladino/Mestizo,Diario,Matutina,No promovido,Sí,No,02-05,1,1,1,3,5,1,1,5,1,2,2
2024,15-07-0015-45,Baja Verapaz,1501,Público,Rural,Hombre,3,Básico,Ladino/Mestizo,Diario,Vespertina,Retirado,No,No,15-07,1,2,1,3,5,1,2,3,2,2,15
2024,15-01-1306-42,Baja Verapaz,1501,Público,Rural,Mujer,4,Preprimaria,Ladino/Mestizo,Diario,Matutina,Promovido,No,No,15-01,1,2,2,1,5,1,1,1,2,2,15
2024,02-08-0409-43,El Progreso,201,Público,Rural,Hombre,3,Primaria,Ladino/Mestizo,Diario,Matutina,Promovido,No,No,02-08,1,2,1,2,5,1,1,1,2,2,2
2024,02-07-0187-43,El Progreso,201,Público,Rural,Mujer,2,Primaria,Ladino/Mestizo,Diario,Matutina,Retirado,No,No,02-07,1,2,2,2,5,1,1,3,2,2,2
2024,15-08-1536-43,Baja Verapaz,1501,Público,Rural,Mujer,6,Primaria,Maya,Diario,Vespertina,Promovido,No,No,15-08,1,2,2,2,1,1,2,1,2,2,15
2024,15-04-0080-43,Baja Verapaz,1501,Público,Rural,Mujer,2,Primaria,Maya,Diario,Matutina,Promovido,No,No,15-04,1,2,2,2,1,1,1,1,2,2,15
2024,19-10-0294-43,Zacapa,1901,Público,Urbana,Hombre,1,Primaria,Ladino/Mestizo,Diario,Matutina,Promovido,No,No,19-10,1,1,1,2,5,1,1,1,2,2,19
2024,15-03-0035-43,Baja Verapaz,1501,Público,Rural,Mujer,6,Primaria,Maya,Diario,Matutina,Promovido,No,No,15-03,1,2,2,2,1,1,1,1,2,2,15
2024,02-05-0119-43,El Progreso,201,Público,Rural,Mujer,1,Primaria,Ladino/Mestizo,Diario,Matutina,Promovido,No,No,02-05,1,2,2,2,5,1,1,1,2,2,2
2024,02-06-0011-43,El Progreso,201,Público,Rural,Mujer,1,Primaria,Ladino/Mestizo,Diario,Matutina,Promovido,No,No,02-06,1,2,2,2,5,1,1,1,2,2,2
2024,02-03-0013-43,El Progreso,201,Público,Rural,Mujer,6,Primaria,Ladino/Mestizo,Diario,Matutina,Promovido,No,No,02-03,1,2,2,2,5,1,1,1,2,2,2
2024,02-03-0087-43,El Progreso,201,Privado,Rural,Mujer,6,Primaria,Ladino/Mestizo,Diario,Matutina,Promovido,No,No,02-03,2,2,2,2,5,1,1,1,2,2,2
2024,19-06-0009-45,Zacapa,1901,Público,Rural,Hombre,3,Básico,Ladino/Mestizo,Diario,Matutina,Promovido,No,No,19-06,1,2,1,3,5,1,1,1,2,2,19
2024,15-04-0261-45,Baja Verapaz,1501,Público,Rural,Hombre,2,Básico,Maya,Diario,Matutina,Vigente,No,No,15-04,1,2,1,3,1,1,1,2,2,2,15
2024,02-08-0013-45,El Progreso,201,Público,Urbana,Hombre,2,Básico,Ladino/Mestizo,Diario,Matutina,Promovido,No,No,02-08,1,1,1,3,5,1,1,1,2,2,2
2024,15-05-0215-45,Baja Verapaz,1501,Cooperativa,Urbana,Hombre,3,Básico,Ladino/Mestizo,Diario,Vespertina,Promovido,No,No,15-05,4,1,1,3,5,1,2,1,2,2,15
2024,02-03-0074-43,El Progreso,201,Público,Rural,Hombre,4,Primaria,Ladino/Mestizo,Diario,Matutina,Promovido,No,No,02-03,1,2,1,2,5,1,1,1,2,2,2
2024,19-01-0108-43,Zacapa,1901,Público,Rural,Hombre,5,Primaria,Ladino/Mestizo,Diario,Matutina,Promovido,No,No,19-01,1,2,1,2,5,1,1,1,2,2,19
2024,02-01-0735-43,El Progreso,201,Privado,Urbana,Mujer,3,Primaria,Ladino/Mestizo,Diario,Matutina,Promovido,No,No,02-01,2,1,2,2,5,1,1,1,2,2,2
2024,15-07-0037-43,Baja Verapaz,1501,Público,Rural,Mujer,3,Primaria,Ladino/Mestizo,Diario,Matutina,Promovido,No,No,15-07,1,2,2,2,5,1,1,1,2,2,15
2024,15-03-0107-43,Baja Verapaz,1501,Público,Rural,Mujer,2,Primaria,Maya,Diario,Matutina,Promovido,No,No,15-03,1,2,2,2,1,1,1,1,2,2,15
2024,15-04-1555-43,Baja Verapaz,1501,Público,Rural,Mujer,1,Primaria,Maya,Diario,Matutina,Promovido,No,No,15-04,1,2,2,2,1,1,1,1,2,2,15
2024,02-03-0669-42,El Progreso,201,Público,Rural,Mujer,3,Preprimaria,Ladino/Mestizo,Diario,Matutina,Promovido,No,No,02-03,1,2,2,1,5,1,1,1,2,2,2
2024,19-07-0724-45,Zacapa,1901,Público,Rural,Hombre,2,Básico,Ladino/Mestizo,Diario,Vespertina,Promovido,No,No,19-07,1,2,1,3,5,1,2,1,2,2,19
2024,15-05-0192-43,Baja Verapaz,1501,Público,Rural,Mujer,4,Primaria,Ladino/Mestizo,Diario,Matutina,Promovido,No,No,15-05,1,2,2,2,5,1,1,1,2,2,15
2024,19-01-0011-43,Zacapa,1901,Público,Urbana,Hombre,5,Primaria,Ladino/Mestizo,Diario,Matutina,Promovido,No,No,19-01,1,1,1,2,5,1,1,1,2,2,19
2024,15-02-0043-42,Baja Verapaz,1501,Público,Rural,Mujer,2,Preprimaria,Maya,Diario,Matutina,Promovido,No,No,15-02,1,2,2,1,1,1,1,1,2,2,15
2024,15-05-0009-43,Baja Verapaz,1501,Público,Rural,Hombre,2,Primaria,Ladino/Mestizo,Diario,Matutina,Promovido,No,No,15-05,1,2,1,2,5,1,1,1,2,2,15
2024,19-09-0283-43,Zacapa,1901,Público,Rural,Mujer,2,Primaria,Ladino/Mestizo,Diario,Matutina,Promovido,No,No,19-09,1,2,2,2,5,1,1,1,2,2,19
2024,19-09-0265-43,Zacapa,1901,Público,Rural,Mujer,2,Primaria,Ladino/Mestizo,Diario,Matutina,No promovido,No,No,19-09,1,2,2,2,5,1,1,5,2,2,19
2024,19-02-0002-45,Zacapa,1901,Público,Urbana,Mujer,1,Básico,Ladino/Mestizo,Diario,Vespertina,Promovido,No,No,19-02,1,1,2,3,5,1,2,1,2,2,19
2024,15-04-0131-42,Baja Verapaz,1501,Público,Rural,Mujer,6,Preprimaria,Maya,Diario,Matutina,Promovido,No,No,15-04,1,2,2,1,1,1,1,1,2,2,15
2024,15-01-0022-43,Baja Verapaz,1501,Público,Rural,Mujer,2,Primaria,Ladino/Mestizo,Diario,Matutina,Promovido,No,No,15-01,1,2,2,2,5,1,1,1,2,2,15
2024,19-01-0013-42,Zacapa,1901,Público,Urbana,Mujer,5,Preprimaria,Ladino/Mestizo,Diario,Matutina,Promovido,No,No,19-01,1,1,2,1,5,1,1,1,2,2,19
2024,15-06-0003-43,Baja Verapaz,1501,Público,Rural,Mujer,1,Primaria,Ladino/Mestizo,Diario,Matutina,Promovido,No,No,15-06,1,2,2,2,5,1,1,1,2,2,15
2024,15-07-1234-42,Baja Verapaz,1501,Público,Rural,Hombre,1,Preprimaria,Ladino/Mestizo,Diario,Matutina,Promovido,No,No,15-07,1,2,1,1,5,1,1,1,2,2,15
2024,19-04-0024-43,Zacapa,1901,Público,Rural,Mujer,2,Primaria,Ladino/Mestizo,Diario,Matutina,No promovido,No,No,19-04,1,2,2,2,5,1,1,5,2,2,19
2024,02-01-0798-45,El Progreso,201,Privado,Urbana,Mujer,2,Básico,Ladino/Mestizo,Diario,Matutina,Promovido,No,No,02-01,2,1,2,3,5,1,1,1,2,2,2
2024,19-01-0023-43,Zacapa,1901,Público,Rural,Hombre,3,Primaria,Ladino/Mestizo,Diario,Matutina,Promovido,No,No,19-01,1,2,1,2,5,1,1,1,2,2,19
2024,19-02-0614-42,Zacapa,1901,Público,Rural,Hombre,4,Preprimaria,Ladino/Mestizo,Diario,Matutina,Retirado,No,No,19-02,1,2,1,1,5,1,1,3,2,2,19
2024,02-07-0663-42,El Progreso,201,Privado,Rural,Hombre,6,Preprimaria,Ladino/Mestizo,Diario,Doble,Promovido,No,No,02-07,2,2,1,1,5,1,4,1,2,2,2
2024,02-07-0459-42,El Progreso,201,Público,Rural,Hombre,6,Preprimaria,Ladino/Mestizo,Diario,Matutina,Promovido,No,No,02-07,1,2,1,1,5,1,1,1,2,2,2
2024,02-01-0016-43,El Progreso,201,Público,Rural,Hombre,2,Primaria,Ladino/Mestizo,Diario,Matutina,Promovido,No,No,02-01,1,2,1,2,5,1,1,1,2,2,2
2024,19-01-0729-45,Zacapa,1901,Público,Rural,Hombre,1,Básico,Ladino/Mestizo,Diario,Vespertina,Retirado,No,No,19-01,1,2,1,3,5,1,2,3,2,2,19
2024,15-02-1675-42,Baja Verapaz,1501,Público,Rural,Hombre,5,Preprimaria,Maya,Diario,Matutina,Promovido,No,No,15-02,1,2,1,1,1,1,1,1,2,2,15
2024,15-07-0248-43,Baja Verapaz,1501,Público,Rural,Hombre,1,Primaria,Ladino/Mestizo,Diario,Matutina,Promovido,Sí,No,15-07,1,2,1,2,5,1,1,1,1,2,15
2024,02-08-0208-42,El Progreso,201,Público,Rural,Mujer,5,Preprimaria,Ladino/Mestizo,Diario,Matutina,Promovido,No,No,02-08,1,2,2,1,5,1,1,1,2,2,2
2024,15-07-0042-43,Baja Verapaz,1501,Público,Rural,Mujer,5,Primaria,Ladino/Mestizo,Diario,Matutina,Promovido,No,No,15-07,1,2,2,2,5,1,1,1,2,2,15
2024,19-04-0185-43,Zacapa,1901,Privado,Urbana,Hombre,1,Primaria,Ladino/Mestizo,Diario,Vespertina,Promovido,No,No,19-04,2,1,1,2,5,1,2,1,2,2,19
2024,02-08-0215-43,El Progreso,201,Público,Rural,Mujer,6,Primaria,Ladino/Mestizo,Diario,Matutina,Promovido,No,No,02-08,1,2,2,2,5,1,1,1,2,2,2
2024,19-06-0383-42,Zacapa,1901,Público,Rural,Hombre,6,Preprimaria,Ladino/Mestizo,Diario,Matutina,Promovido,No,No,19-06,1,2,1,1,5,1,1,1,2,2,19
2024,15-01-0038-43,Baja Verapaz,1501,Público,Rural,Hombre,6,Primaria,Ladino/Mestizo,Diario,Matutina,Promovido,No,No,15-01,1,2,1,2,5,1,1,1,2,2,15
2024,15-01-0130-45,Baja Verapaz,1501,Público,Rural,Hombre,1,Básico,Ladino/Mestizo,Diario,Vespertina,Promovido,No,No,15-01,1,2,1,3,5,1,2,1,2,2,15
2024,19-04-0847-42,Zacapa,1901,Público,Rural,Hombre,6,Preprimaria,Ladino/Mestizo,Diario,Matutina,Promovido,No,No,19-04,1,2,1,1,5,1,1,1,2,2,19
2024,15-08-0133-42,Baja Verapaz,1501,Público,Rural,Mujer,6,Preprimaria,Maya,Diario,Matutina,Promovido,No,No,15-08,1,2,2,1,1,1,1,1,2,2,15
2024,15-08-0273-42,Baja Verapaz,1501,Público,Urbana,Mujer,6,Preprimaria,Ladino/Mestizo,Diario,Matutina,Promovido,No,No,15-08,1,1,2,1,5,1,1,1,2,2,15
2024,19-01-0015-43,Zacapa,1901,Privado,Urbana,Hombre,2,Primaria,Ladino/Mestizo,Diario,Matutina,Promovido,No,No,19-01,2,1,1,2,5,1,1,1,2,2,19
2024,15-04-2210-41,Baja Verapaz,1501,Público,Rural,Mujer,6,Preprimaria,Maya,Diario,Matutina,Promovido,No,No,15-04,1,2,2,1,1,1,1,1,2,2,15
2024,15-08-0030-42,Baja Verapaz,1501,Público,Rural,Mujer,6,Preprimaria,Maya,Diario,Matutina,Promovido,No,No,15-08,1,2,2,1,1,1,1,1,2,2,15
2024,02-01-0607-46,El Progreso,201,Cooperativa,Urbana,Hombre,4,Diversificado,Ladino/Mestizo,Diario,Vespertina,Promovido,No,No,02-01,4,1,1,4,5,1,2,1,2,2,2
2024,15-08-0273-42,Baja Verapaz,1501,Público,Urbana,Hombre,6,Preprimaria,Ladino/Mestizo,Diario,Matutina,Promovido,No,No,15-08,1,1,1,1,5,1,1,1,2,2,15
2024,15-04-0153-43,Baja Verapaz,1501,Público,Rural,Mujer,1,Primaria,Maya,Diario,Matutina,No promovido,Sí,No,15-04,1,2,2,2,1,1,1,5,1,2,15
2024,19-04-0823-45,Zacapa,1901,Público,Rural,Mujer,1,Básico,Ladino/Mestizo,Diario,Matutina,Promovido,No,No,19-04,1,2,2,3,5,1,1,1,2,2,19
2024,19-01-0022-43,Zacapa,1901,Público,Rural,Mujer,6,Primaria,Ladino/Mestizo,Diario,Matutina,Promovido,No,No,19-01,1,2,2,2,5,1,1,1,2,2,19
2024,02-07-0192-43,El Progreso,201,Público,Rural,Hombre,4,Primaria,Ladino/Mestizo,Diario,Matutina,Promovido,No,No,02-07,1,2,1,2,5,1,1,1,2,2,2
2024,19-05-0018-45,Zacapa,1901,Público,Rural,Mujer,1,Básico,Ladino/Mestizo,Diario,Matutina,Promovido,No,No,19-05,1,2,2,3,5,1,1,1,2,2,19
2024,19-10-0602-42,Zacapa,1901,Público,Rural,Hombre,5,Preprimaria,Ladino/Mestizo,Diario,Matutina,Promovido,No,No,19-10,1,2,1,1,5,1,1,1,2,2,19
2024,02-08-0204-42,El Progreso,201,Público,Urbana,Mujer,6,Preprimaria,Ladino/Mestizo,Diario,Matutina,Promovido,No,No,02-08,1,1,2,1,5,1,1,1,2,2,2
2024,15-08-0357-43,Baja Verapaz,1501,Público,Rural,Mujer,3,Primaria,Maya,Diario,Matutina,Promovido,No,No,15-08,1,2,2,2,1,1,1,1,2,2,15
2024,19-04-0348-43,Zacapa,1901,Privado,Urbana,Mujer,3,Primaria,Ladino/Mestizo,Diario,Matutina,Promovido,Sí,No,19-04,2,1,2,2,5,1,1,1,1,2,19
2024,19-06-0216-43,Zacapa,1901,Público,Urbana,Mujer,5,Primaria,Ladino/Mestizo,Diario,Matutina,Promovido,No,No,19-06,1,1,2,2,5,1,1,1,2,2,19
2024,19-10-1009-46,Zacapa,1901,Cooperativa,Urbana,Mujer,5,Diversificado,Ladino/Mestizo,Diario,Vespertina,Promovido,No,No,19-10,4,1,2,4,5,1,2,1,2,2,19
2024,19-01-0023-43,Zacapa,1901,Público,Rural,Hombre,3,Primaria,Ladino/Mestizo,Diario,Matutina,Promovido,No,No,19-01,1,2,1,2,5,1,1,1,2,2,19
2024,19-04-0009-43,Zacapa,1901,Público,Rural,Mujer,3,Primaria,Ladino/Mestizo,Diario,Matutina,No promovido,Sí,No,19-04,1,2,2,2,5,1,1,5,1,2,19
2024,02-08-0222-42,El Progreso,201,Público,Rural,Mujer,6,Preprimaria,Ladino/Mestizo,Diario,Matutina,Promovido,No,No,02-08,1,2,2,1,5,1,1,1,2,2,2
2024,19-01-1138-43,Zacapa,1901,Público,Rural,Mujer,4,Primaria,Ladino/Mestizo,Diario,Matutina,Promovido,No,No,19-01,1,2,2,2,5,1,1,1,2,2,19
2024,19-09-1256-42,Zacapa,1901,Público,Rural,Mujer,5,Preprimaria,Ladino/Mestizo,Diario,Matutina,Promovido,No,No,19-09,1,2,2,1,5,1,1,1,2,2,19
2024,02-07-0181-43,El Progreso,201,Público,Rural,Mujer,1,Primaria,Ladino/Mestizo,Diario,Matutina,Promovido,No,No,02-07,1,2,2,2,5,1,1,1,2,2,2
2024,15-03-1268-43,Baja Verapaz,1501,Privado,Rural,Hombre,5,Primaria,Maya,Diario,Matutina,Promovido,No,No,15-03,2,2,1,2,1,1,1,1,2,2,15
2024,19-04-0167-43,Zacapa,1901,Público,Rural,Mujer,6,Primaria,Ladino/Mestizo,Diario,Matutina,Promovido,No,No,19-04,1,2,2,2,5,1,1,1,2,2,19
2024,19-03-0872-42,Zacapa,1901,Público,Rural,Hombre,4,Preprimaria,Ladino/Mestizo,Diario,Matutina,Promovido,No,No,19-03,1,2,1,1,5,1,1,1,2,2,19
2024,02-03-0062-43,El Progreso,201,Público,Rural,Mujer,3,Primaria,Ladino/Mestizo,Diario,Matutina,Promovido,No,No,02-03,1,2,2,2,5,1,1,1,2,2,2
2024,19-06-0217-43,Zacapa,1901,Público,Rural,Hombre,6,Primaria,Ladino/Mestizo,Diario,Matutina,Promovido,No,No,19-06,1,2,1,2,5,1,1,1,2,2,19
2024,15-04-2210-41,Baja Verapaz,1501,Público,Rural,Hombre,5,Preprimaria,Maya,Diario,Matutina,Promovido,No,No,15-04,1,2,1,1,1,1,1,1,2,2,15
2024,19-04-1149-46,Zacapa,1901,Municipal,Urbana,Mujer,6,Diversificado,Ladino/Mestizo,Diario,Vespertina,Promovido,No,Sí,19-04,3,1,2,4,5,1,2,1,2,1,19
2024,19-01-0042-43,Zacapa,1901,Público,Rural,Hombre,1,Primaria,Ladino/Mestizo,Diario,Matutina,Promovido,No,No,19-01,1,2,1,2,5,1,1,1,2,2,19
2024,15-08-0279-43,Baja Verapaz,1501,Público,Rural,Hombre,1,Primaria,Maya,Diario,Matutina,No promovido,No,No,15-08,1,2,1,2,1,1,1,5,2,2,15
2024,19-07-1025-42,Zacapa,1901,Público,Urbana,Mujer,3,Preprimaria,Ladino/Mestizo,Diario,Doble,Promovido,No,No,19-07,1,1,2,1,5,1,4,1,2,2,19
2024,02-03-0719-46,El Progreso,201,Privado,Rural,Mujer,5,Diversificado,Ladino/Mestizo,Fin de semana,Doble,Promovido,No,Sí,02-03,2,2,2,4,5,2,4,1,2,1,2
2024,19-04-1096-42,Zacapa,1901,Público,Rural,Mujer,5,Preprimaria,Ladino/Mestizo,Diario,Matutina,Promovido,No,No,19-04,1,2,2,1,5,1,1,1,2,2,19
2024,19-03-0116-43,Zacapa,1901,Público,Rural,Hombre,2,Primaria,Ladino/Mestizo,Diario,Matutina,Promovido,No,No,19-03,1,2,1,2,5,1,1,1,2,2,19
2024,15-02-0070-43,Baja Verapaz,1501,Público,Urbana,Mujer,4,Primaria,Maya,Diario,Matutina,Promovido,No,No,15-02,1,1,2,2,1,1,1,1,2,2,15
2024,19-11-0003-42,Zacapa,1901,Público,Urbana,Mujer,6,Preprimaria,Ladino/Mestizo,Diario,Matutina,Promovido,No,No,19-11,1,1,2,1,5,1,1,1,2,2,19
2024,02-07-0198-45,El Progreso,201,Público,Urbana,Mujer,1,Básico,Ladino/Mestizo,Diario,Matutina,Promovido,No,No,02-07,1,1,2,3,5,1,1,1,2,2,2
2024,19-04-0179-43,Zacapa,1901,Público,Rural,Hombre,6,Primaria,Ladino/Mestizo,Diario,Matutina,Promovido,No,No,19-04,1,2,1,2,5,1,1,1,2,2,19
2024,02-05-0115-43,El Progreso,201,Público,Urbana,Mujer,4,Primaria,Ladino/Mestizo,Diario,Matutina,Promovido,No,No,02-05,1,1,2,2,5,1,1,1,2,2,2
2024,19-02-0001-46,Zacapa,1901,Público,Urbana,Mujer,4,Diversificado,Ladino/Mestizo,Diario,Vespertina,Promovido,No,No,19-02,1,1,2,4,5,1,2,1,2,2,19
2024,19-01-0103-43,Zacapa,1901,Público,Rural,Hombre,4,Primaria,Ladino/Mestizo,Diario,Matutina,Promovido,No,No,19-01,1,2,1,2,5,1,1,1,2,2,19
2024,15-04-0061-43,Baja Verapaz,1501,Público,Rural,Mujer,2,Primaria,Maya,Diario,Matutina,Promovido,No,No,15-04,1,2,2,2,1,1,1,1,2,2,15
2024,02-03-0056-42,El Progreso,201,Público,Rural,Mujer,5,Preprimaria,Ladino/Mestizo,Diario,Matutina,Retirado,No,No,02-03,1,2,2,1,5,1,1,3,2,2,2
2024,02-04-0003-45,El Progreso,201,Público,Rural,Mujer,3,Básico,Ladino/Mestizo,Diario,Matutina,No promovido,No,No,02-04,1,2,2,3,5,1,1,5,2,2,2
2024,02-04-0750-43,El Progreso,201,Privado,Urbana,Mujer,6,Primaria,Ladino/Mestizo,Diario,Matutina,Promovido,No,No,02-04,2,1,2,2,5,1,1,1,2,2,2
2024,15-02-0112-42,Baja Verapaz,1501,Privado,Rural,Hombre,5,Preprimaria,Ladino/Mestizo,Diario,Matutina,Promovido,No,No,15-02,2,2,1,1,5,1,1,1,2,2,15
2024,15-07-0017-45,Baja Verapaz,1501,Público,Rural,Mujer,1,Básico,Ladino/Mestizo,Diario,Vespertina,Promovido,No,No,15-07,1,2,2,3,5,1,2,1,2,2,15
2024,02-03-0764-42,El Progreso,201,Público,Rural,Hombre,4,Preprimaria,Ladino/Mestizo,Diario,Matutina,Promovido,No,No,02-03,1,2,1,1,5,1,1,1,2,2,2
2024,19-01-0734-42,Zacapa,1901,Público,Rural,Mujer,1,Preprimaria,Ladino/Mestizo,Diario,Matutina,Promovido,No,No,19-01,1,2,2,1,5,1,1,1,2,2,19
2024,02-01-0702-43,El Progreso,201,Público,Rural,Hombre,6,Primaria,Ladino/Mestizo,Diario,Matutina,Promovido,No,No,02-01,1,2,1,2,5,1,1,1,2,2,2
2024,15-01-2021-43,Baja Verapaz,1501,Privado,Urbana,Mujer,2,Primaria,Ladino/Mestizo,Diario,Matutina,Promovido,No,No,15-01,2,1,2,2,5,1,1,1,2,2,15
2024,02-03-0059-43,El Progreso,201,Público,Rural,Mujer,6,Primaria,Ladino/Mestizo,Diario,Matutina,Promovido,No,No,02-03,1,2,2,2,5,1,1,1,2,2,2
2024,02-08-0535-46,El Progreso,201,Cooperativa,Urbana,Hombre,4,Diversificado,Ladino/Mestizo,Diario,Vespertina,Promovido,No,No,02-08,4,1,1,4,5,1,2,1,2,2,2
2024,15-01-0010-43,Baja Verapaz,1501,Privado,Urbana,Hombre,6,Primaria,Ladino/Mestizo,Diario,Matutina,Promovido,No,No,15-01,2,1,1,2,5,1,1,1,2,2,15
2024,15-01-2192-45,Baja Verapaz,1501,Público,Rural,Hombre,2,Básico,Ladino/Mestizo,Diario,Matutina,Promovido,No,No,15-01,1,2,1,3,5,1,1,1,2,2,15
2024,19-02-0320-43,Zacapa,1901,Privado,Urbana,Mujer,4,Primaria,Ladino/Mestizo,Diario,Matutina,Promovido,No,No,19-02,2,1,2,2,5,1,1,1,2,2,19
2024,15-07-0006-43,Baja Verapaz,1501,Público,Rural,Mujer,5,Primaria,Ladino/Mestizo,Diario,Matutina,Promovido,No,No,15-07,1,2,2,2,5,1,1,1,2,2,15
2024,19-01-1109-43,Zacapa,1901,Privado,Urbana,Hombre,1,Primaria,Ladino/Mestizo,Diario,Matutina,Promovido,No,No,19-01,2,1,1,2,5,1,1,1,2,2,19
2024,02-01-0483-42,El Progreso,201,Público,Rural,Mujer,3,Preprimaria,Ladino/Mestizo,Diario,Matutina,Promovido,No,No,02-01,1,2,2,1,5,1,1,1,2,2,2
2024,19-11-0008-42,Zacapa,1901,Público,Rural,Mujer,5,Preprimaria,Ladino/Mestizo,Diario,Matutina,Promovido,No,No,19-11,1,2,2,1,5,1,1,1,2,2,19
2024,19-05-1186-42,Zacapa,1901,Público,Rural,Mujer,4,Preprimaria,Ladino/Mestizo,Diario,Doble,Retirado,No,No,19-05,1,2,2,1,5,1,4,3,2,2,19
2024,15-02-0077-43,Baja Verapaz,1501,Público,Rural,Hombre,2,Primaria,Maya,Diario,Matutina,No promovido,No,No,15-02,1,2,1,2,1,1,1,5,2,2,15
2024,19-10-0294-43,Zacapa,1901,Público,Urbana,Hombre,1,Primaria,Ladino/Mestizo,Diario,Matutina,Promovido,No,No,19-10,1,1,1,2,5,1,1,1,2,2,19
2024,02-04-0750-43,El Progreso,201,Privado,Urbana,Mujer,2,Primaria,Ladino/Mestizo,Diario,Matutina,Promovido,No,No,02-04,2,1,2,2,5,1,1,1,2,2,2
2024,02-01-0704-46,El Progreso,201,Público,Urbana,Mujer,5,Diversificado,Ladino/Mestizo,Diario,Doble,No promovido,No,No,02-01,1,1,2,4,5,1,4,5,2,2,2
2024,19-07-1101-42,Zacapa,1901,Público,Rural,Mujer,6,Preprimaria,Ladino/Mestizo,Diario,Matutina,Promovido,No,No,19-07,1,2,2,1,5,1,1,1,2,2,19
2024,15-05-0204-43,Baja Verapaz,1501,Público,Rural,Hombre,6,Primaria,Ladino/Mestizo,Diario,Matutina,Promovido,No,No,15-05,1,2,1,2,5,1,1,1,2,2,15
2024,19-04-0018-43,Zacapa,1901,Público,Rural,Hombre,4,Primaria,Ladino/Mestizo,Diario,Matutina,Promovido,No,No,19-04,1,2,1,2,5,1,1,1,2,2,19
2024,15-01-0112-46,Baja Verapaz,1501,Privado,Urbana,Hombre,4,Diversificado,Ladino/Mestizo,Diario,Matutina,Promovido,Sí,Ignorado,15-01,2,1,1,4,5,1,1,1,1,9,15
2024,15-08-0157-43,Baja Verapaz,1501,Público,Rural,Mujer,4,Primaria,Maya,Diario,Matutina,Promovido,No,No,15-08,1,2,2,2,1,1,1,1,2,2,15
2024,19-04-0615-42,Zacapa,1901,Público,Rural,Hombre,6,Preprimaria,Ladino/Mestizo,Diario,Matutina,Promovido,No,No,19-04,1,2,1,1,5,1,1,1,2,2,19
2024,19-09-0290-43,Zacapa,1901,Público,Rural,Hombre,1,Primaria,Ladino/Mestizo,Diario,Matutina,Promovido,Sí,No,19-09,1,2,1,2,5,1,1,1,1,2,19
2024,02-03-0041-43,El Progreso,201,Público,Rural,Hombre,5,Primaria,Ladino/Mestizo,Diario,Matutina,Promovido,No,No,02-03,1,2,1,2,5,1,1,1,2,2,2
2024,19-05-0017-45,Zacapa,1901,Público,Rural,Hombre,2,Básico,Ladino/Mestizo,Diario,Vespertina,Promovido,No,No,19-05,1,2,1,3,5,1,2,1,2,2,19
2024,19-01-0353-43,Zacapa,1901,Público,Urbana,Mujer,3,Primaria,Ladino/Mestizo,Diario,Vespertina,Promovido,No,No,19-01,1,1,2,2,5,1,2,1,2,2,19
2024,19-01-0167-42,Zacapa,1901,Privado,Urbana,Mujer,6,Preprimaria,Ladino/Mestizo,Diario,Matutina,Promovido,No,No,19-01,2,1,2,1,5,1,1,1,2,2,19
2024,15-08-2160-42,Baja Verapaz,1501,Público,Rural,Mujer,6,Preprimaria,Maya,Diario,Matutina,Promovido,No,No,15-08,1,2,2,1,1,1,1,1,2,2,15
2024,15-01-2111-45,Baja Verapaz,1501,Público,Rural,Mujer,3,Básico,Ladino/Mestizo,Diario,Vespertina,Promovido,No,No,15-01,1,2,2,3,5,1,2,1,2,2,15
2024,19-03-0920-43,Zacapa,1901,Privado,Rural,Mujer,3,Primaria,Ladino/Mestizo,Diario,Matutina,Promovido,No,No,19-03,2,2,2,2,5,1,1,1,2,2,19
2024,02-06-0011-43,El Progreso,201,Público,Rural,Mujer,5,Primaria,Ladino/Mestizo,Diario,Matutina,Promovido,No,No,02-06,1,2,2,2,5,1,1,1,2,2,2
2024,15-04-1793-43,Baja Verapaz,1501,Privado,Urbana,Mujer,2,Primaria,Maya,Diario,Matutina,Promovido,No,No,15-04,2,1,2,2,1,1,1,1,2,2,15
2024,19-01-0630-43,Zacapa,1901,Privado,Urbana,Mujer,5,Primaria,Ladino/Mestizo,Diario,Matutina,Promovido,No,No,19-01,2,1,2,2,5,1,1,1,2,2,19
2024,19-02-0095-45,Zacapa,1901,Público,Urbana,Hombre,1,Básico,Ladino/Mestizo,Diario,Matutina,Promovido,No,No,19-02,1,1,1,3,5,1,1,1,2,2,19
2024,19-08-0890-46,Zacapa,1901,Cooperativa,Urbana,Mujer,4,Diversificado,Ladino/Mestizo,Diario,Vespertina,Promovido,No,No,19-08,4,1,2,4,5,1,2,1,2,2,19
2024,02-03-0429-43,El Progreso,201,Público,Rural,Hombre,1,Primaria,Ladino/Mestizo,Diario,Vespertina,Promovido,Sí,No,02-03,1,2,1,2,5,1,2,1,1,2,2
2024,15-01-0052-46,Baja Verapaz,1501,Privado,Urbana,Hombre,4,Diversificado,Ladino/Mestizo,Diario,Vespertina,Promovido,No,No,15-01,2,1,1,4,5,1,2,1,2,2,15
2024,19-01-0630-43,Zacapa,1901,Privado,Urbana,Mujer,6,Primaria,Ladino/Mestizo,Diario,Matutina,Promovido,No,No,19-01,2,1,2,2,5,1,1,1,2,2,19
2024,19-03-0116-43,Zacapa,1901,Público,Rural,Mujer,4,Primaria,Ladino/Mestizo,Diario,Matutina,Promovido,No,No,19-03,1,2,2,2,5,1,1,1,2,2,19
2024,02-03-0074-43,El Progreso,201,Público,Rural,Mujer,6,Primaria,Ladino/Mestizo,Diario,Matutina,Promovido,No,No,02-03,1,2,2,2,5,1,1,1,2,2,2
2024,19-04-0358-46,Zacapa,1901,Privado,Urbana,Mujer,4,Diversificado,Ladino/Mestizo,Diario,Vespertina,Promovido,No,No,19-04,2,1,2,4,5,1,2,1,2,2,19
2024,02-02-0002-43,El Progreso,201,Público,Rural,Mujer,1,Primaria,Ladino/Mestizo,Diario,Matutina,Promovido,No,No,02-02,1,2,2,2,5,1,1,1,2,2,2
2024,15-04-0134-42,Baja Verapaz,1501,Público,Rural,Mujer,5,Preprimaria,Ladino/Mestizo,Diario,Matutina,Promovido,No,No,15-04,1,2,2,1,5,1,1,1,2,2,15
2024,15-04-0104-43,Baja Verapaz,1501,Público,Rural,Hombre,6,Primaria,Ladino/Mestizo,Diario,Matutina,Promovido,No,No,15-04,1,2,1,2,5,1,1,1,2,2,15
2024,15-01-0130-45,Baja Verapaz,1501,Público,Rural,Mujer,2,Básico,Ladino/Mestizo,Diario,Vespertina,Promovido,No,No,15-01,1,2,2,3,5,1,2,1,2,2,15
2024,02-02-0030-43,El Progreso,201,Público,Urbana,Hombre,4,Primaria,Ladino/Mestizo,Diario,Matutina,Promovido,No,No,02-02,1,1,1,2,5,1,1,1,2,2,2
2024,15-02-0093-45,Baja Verapaz,1501,Cooperativa,Urbana,Hombre,1,Básico,Maya,Diario,Vespertina,Promovido,No,No,15-02,4,1,1,3,1,1,2,1,2,2,15
2024,19-01-0942-46,Zacapa,1901,Privado,Urbana,Hombre,5,Diversificado,Ladino/Mestizo,Fin de semana,Doble,Promovido,No,Sí,19-01,2,1,1,4,5,2,4,1,2,1,19
2024,19-04-0132-43,Zacapa,1901,Público,Urbana,Hombre,4,Primaria,Ladino/Mestizo,Diario,Matutina,Promovido,No,No,19-04,1,1,1,2,5,1,1,1,2,2,19
2024,02-03-0060-43,El Progreso,201,Público,Urbana,Mujer,2,Primaria,Ladino/Mestizo,Diario,Matutina,Promovido,No,No,02-03,1,1,2,2,5,1,1,1,2,2,2
2024,15-04-0173-43,Baja Verapaz,1501,Público,Rural,Mujer,5,Primaria,Ladino/Mestizo,Diario,Matutina,Retirado,No,No,15-04,1,2,2,2,5,1,1,3,2,2,15
2024,15-04-0215-45,Baja Verapaz,1501,Público,Rural,Hombre,3,Básico,Maya,Diario,Vespertina,Promovido,No,No,15-04,1,2,1,3,1,1,2,1,2,2,15
2024,15-04-0016-42,Baja Verapaz,1501,Público,Rural,Mujer,6,Preprimaria,Maya,Diario,Matutina,Promovido,No,No,15-04,1,2,2,1,1,1,1,1,2,2,15
2024,19-04-1111-42,Zacapa,1901,Público,Rural,Mujer,0,Preprimaria,Ladino/Mestizo,Diario,Matutina,Promovido,No,No,19-04,1,2,2,1,5,1,1,1,2,2,19
2024,19-01-0651-42,Zacapa,1901,Público,Rural,Hombre,6,Preprimaria,Ladino/Mestizo,Diario,Matutina,Retirado,No,No,19-01,1,2,1,1,5,1,1,3,2,2,19
2024,02-05-0550-45,El Progreso,201,Público,Rural,Hombre,3,Básico,Ladino/Mestizo,Diario,Vespertina,Promovido,No,No,02-05,1,2,1,3,5,1,2,1,2,2,2
2024,19-04-0133-43,Zacapa,1901,Público,Urbana,Mujer,5,Primaria,Ladino/Mestizo,Diario,Matutina,Promovido,No,No,19-04,1,1,2,2,5,1,1,1,2,2,19
2024,15-01-0073-43,Baja Verapaz,1501,Público,Rural,Hombre,3,Primaria,Ladino/Mestizo,Diario,Matutina,Promovido,No,No,15-01,1,2,1,2,5,1,1,1,2,2,15
2024,19-04-0185-43,Zacapa,1901,Privado,Urbana,Hombre,3,Primaria,Ladino/Mestizo,Diario,Vespertina,Retirado,No,No,19-04,2,1,1,2,5,1,2,3,2,2,19
2024,19-09-1216-43,Zacapa,1901,Público,Rural,Hombre,1,Primaria,Ladino/Mestizo,Diario,Matutina,Promovido,Sí,No,19-09,1,2,1,2,5,1,1,1,1,2,19
2024,19-06-1157-42,Zacapa,1901,Público,Rural,Hombre,2,Preprimaria,Ladino/Mestizo,Diario,Matutina,Promovido,No,No,19-06,1,2,1,1,5,1,1,1,2,2,19
2024,02-08-0635-45,El Progreso,201,Público,Rural,Mujer,1,Básico,Ladino/Mestizo,Diario,Vespertina,Promovido,No,No,02-08,1,2,2,3,5,1,2,1,2,2,2
2024,15-08-0334-41,Baja Verapaz,1501,Público,Rural,Mujer,6,Preprimaria,Maya,Diario,Matutina,Promovido,No,No,15-08,1,2,2,1,1,1,1,1,2,2,15
2024,19-02-1038-43,Zacapa,1901,Público,Urbana,Hombre,3,Primaria,Ladino/Mestizo,Diario,Matutina,Promovido,Sí,No,19-02,1,1,1,2,5,1,1,1,1,2,19
2024,02-08-0582-42,El Progreso,201,Público,Rural,Mujer,6,Preprimaria,Ladino/Mestizo,Diario,Matutina,Retirado,No,No,02-08,1,2,2,1,5,1,1,3,2,2,2
2024,19-11-0011-43,Zacapa,1901,Público,Rural,Mujer,1,Primaria,Ladino/Mestizo,Diario,Matutina,Promovido,Sí,No,19-11,1,2,2,2,5,1,1,1,1,2,19
2024,02-03-0030-42,El Progreso,201,Público,Rural,Hombre,4,Preprimaria,Ladino/Mestizo,Diario,Matutina,Promovido,No,No,02-03,1,2,1,1,5,1,1,1,2,2,2
2024,15-01-0030-43,Baja Verapaz,1501,Público,Rural,Hombre,6,Primaria,Ladino/Mestizo,Diario,Matutina,Promovido,No,No,15-01,1,2,1,2,5,1,1,1,2,2,15
2024,15-03-0046-46,Baja Verapaz,1501,Público,Urbana,Hombre,5,Diversificado,Maya,Diario,Vespertina,Promovido,No,Sí,15-03,1,1,1,4,1,1,2,1,2,1,15
2024,15-08-0201-45,Baja Verapaz,1501,Privado,Urbana,Hombre,3,Básico,Ladino/Mestizo,Diario,Matutina,Promovido,No,No,15-08,2,1,1,3,5,1,1,1,2,2,15
2024,19-05-0013-43,Zacapa,1901,Público,Rural,Hombre,5,Primaria,Ladino/Mestizo,Diario,Matutina,Retirado,Sí,No,19-05,1,2,1,2,5,1,1,3,1,2,19
2024,15-03-0107-43,Baja Verapaz,1501,Público,Rural,Mujer,6,Primaria,Maya,Diario,Matutina,Promovido,No,No,15-03,1,2,2,2,1,1,1,1,2,2,15
2024,19-01-0168-43,Zacapa,1901,Privado,Urbana,Hombre,6,Primaria,Ladino/Mestizo,Diario,Matutina,Promovido,No,No,19-01,2,1,1,2,5,1,1,1,2,2,19
2024,19-09-0053-42,Zacapa,1901,Público,Rural,Hombre,6,Preprimaria,Ladino/Mestizo,Diario,Matutina,Promovido,No,No,19-09,1,2,1,1,5,1,1,1,2,2,19
2024,02-06-0001-42,El Progreso,201,Público,Rural,Hombre,6,Preprimaria,Ladino/Mestizo,Diario,Matutina,Promovido,No,No,02-06,1,2,1,1,5,1,1,1,2,2,2
2024,15-01-0099-46,Baja Verapaz,1501,Privado,Urbana,Hombre,4,Diversificado,Ladino/Mestizo,Diario,Nocturna,Promovido,No,No,15-01,2,1,1,4,5,1,3,1,2,2,15
2024,15-02-0090-43,Baja Verapaz,1501,Público,Rural,Hombre,1,Primaria,Maya,Diario,Matutina,Promovido,No,No,15-02,1,2,1,2,1,1,1,1,2,2,15
2024,15-08-0018-42,Baja Verapaz,1501,Público,Rural,Mujer,6,Preprimaria,Maya,Diario,Matutina,Promovido,No,No,15-08,1,2,2,1,1,1,1,1,2,2,15
2024,19-07-0009-42,Zacapa,1901,Privado,Urbana,Mujer,6,Preprimaria,Ladino/Mestizo,Diario,Matutina,Promovido,No,No,19-07,2,1,2,1,5,1,1,1,2,2,19
2024,19-02-0784-42,Zacapa,1901,Público,Rural,Mujer,5,Preprimaria,Ladino/Mestizo,Diario,Matutina,Promovido,No,No,19-02,1,2,2,1,5,1,1,1,2,2,19
2024,15-08-0103-45,Baja Verapaz,1501,Público,Rural,Mujer,2,Básico,Maya,Diario,Vespertina,Promovido,No,No,15-08,1,2,2,3,1,1,2,1,2,2,15
2024,19-03-0106-43,Zacapa,1901,Público,Rural,Hombre,5,Primaria,Ladino/Mestizo,Diario,Matutina,Promovido,No,No,19-03,1,2,1,2,5,1,1,1,2,2,19
2024,19-03-0116-43,Zacapa,1901,Público,Rural,Hombre,2,Primaria,Ladino/Mestizo,Diario,Matutina,Promovido,No,No,19-03,1,2,1,2,5,1,1,1,2,2,19
2024,15-04-1791-43,Baja Verapaz,1501,Público,Rural,Mujer,1,Primaria,Maya,Diario,Vespertina,Promovido,No,No,15-04,1,2,2,2,1,1,2,1,2,2,15
2024,15-03-0100-43,Baja Verapaz,1501,Público,Urbana,Hombre,5,Primaria,Maya,Diario,Matutina,Promovido,No,No,15-03,1,1,1,2,1,1,1,1,2,2,15
2024,02-02-0390-42,El Progreso,201,Público,Rural,Mujer,4,Preprimaria,Ladino/Mestizo,Diario,Matutina,Promovido,No,No,02-02,1,2,2,1,5,1,1,1,2,2,2
2024,19-07-0234-43,Zacapa,1901,Público,Rural,Hombre,6,Primaria,Ladino/Mestizo,Diario,Matutina,Promovido,Sí,No,19-07,1,2,1,2,5,1,1,1,1,2,19
2024,19-01-0012-43,Zacapa,1901,Público,Urbana,Mujer,1,Primaria,Ladino/Mestizo,Diario,Matutina,Retirado,No,No,19-01,1,1,2,2,5,1,1,3,2,2,19
2024,15-07-1164-45,Baja Verapaz,1501,Cooperativa,Rural,Hombre,1,Básico,Ladino/Mestizo,Diario,Vespertina,Promovido,No,No,15-07,4,2,1,3,5,1,2,1,2,2,15
2024,19-01-0013-43,Zacapa,1901,Público,Urbana,Mujer,2,Primaria,Ladino/Mestizo,Diario,Matutina,Promovido,No,No,19-01,1,1,2,2,5,1,1,1,2,2,19
2024,19-04-0037-43,Zacapa,1901,Público,Rural,Mujer,4,Primaria,Ladino/Mestizo,Diario,Matutina,Promovido,No,No,19-04,1,2,2,2,5,1,1,1,2,2,19
2024,15-01-0048-45,Baja Verapaz,1501,Público,Urbana,Mujer,2,Básico,Maya,Diario,Matutina,Promovido,No,No,15-01,1,1,2,3,1,1,1,1,2,2,15
2024,19-03-0599-42,Zacapa,1901,Público,Rural,Hombre,5,Preprimaria,Ladino/Mestizo,Diario,Matutina,Promovido,No,No,19-03,1,2,1,1,5,1,1,1,2,2,19
2024,19-05-0209-43,Zacapa,1901,Público,Rural,Hombre,1,Primaria,Ladino/Mestizo,Diario,Matutina,Promovido,No,No,19-05,1,2,1,2,5,1,1,1,2,2,19
2024,15-03-2208-42,Baja Verapaz,1501,Público,Rural,Hombre,1,Preprimaria,Maya,Diario,Matutina,Promovido,No,No,15-03,1,2,1,1,1,1,1,1,2,2,15
2024,02-06-0010-45,El Progreso,201,Privado,Urbana,Hombre,1,Básico,Ladino/Mestizo,Diario,Vespertina,Promovido,No,No,02-06,2,1,1,3,5,1,2,1,2,2,2
2024,19-03-0116-43,Zacapa,1901,Público,Rural,Hombre,1,Primaria,Ladino/Mestizo,Diario,Matutina,Promovido,No,No,19-03,1,2,1,2,5,1,1,1,2,2,19
2024,19-05-0010-43,Zacapa,1901,Público,Rural,Hombre,2,Primaria,Ladino/Mestizo,Diario,Matutina,Promovido,No,No,19-05,1,2,1,2,5,1,1,1,2,2,19
2024,15-01-0111-46,Baja Verapaz,1501,Privado,Urbana,Mujer,4,Diversificado,Ladino/Mestizo,Diario,Doble,Promovido,No,Ignorado,15-01,2,1,2,4,5,1,4,1,2,9,15
2024,15-07-2060-43,Baja Verapaz,1501,Público,Rural,Hombre,6,Primaria,Ladino/Mestizo,Diario,Matutina,Promovido,No,No,15-07,1,2,1,2,5,1,1,1,2,2,15
2024,19-02-0088-43,Zacapa,1901,Público,Urbana,Mujer,1,Primaria,Ladino/Mestizo,Diario,Matutina,Retirado,No,No,19-02,1,1,2,2,5,1,1,3,2,2,19
2024,19-02-0002-45,Zacapa,1901,Público,Urbana,Mujer,2,Básico,Ladino/Mestizo,Diario,Vespertina,Promovido,No,No,19-02,1,1,2,3,5,1,2,1,2,2,19
2024,02-07-0177-43,El Progreso,201,Público,Rural,Mujer,1,Primaria,Ladino/Mestizo,Diario,Matutina,Promovido,Sí,No,02-07,1,2,2,2,5,1,1,1,1,2,2
2024,15-08-0051-43,Baja Verapaz,1501,Público,Rural,Mujer,1,Primaria,Maya,Diario,Matutina,No promovido,No,No,15-08,1,2,2,2,1,1,1,5,2,2,15
2024,19-07-0244-45,Zacapa,1901,Público,Urbana,Hombre,1,Básico,Ladino/Mestizo,Diario,Matutina,Promovido,No,No,19-07,1,1,1,3,5,1,1,1,2,2,19
2024,19-10-1009-46,Zacapa,1901,Cooperativa,Urbana,Hombre,5,Diversificado,Ladino/Mestizo,Diario,Vespertina,Promovido,Sí,Sí,19-10,4,1,1,4,5,1,2,1,1,1,19
2024,02-08-0209-43,El Progreso,201,Público,Rural,Mujer,5,Primaria,Ladino/Mestizo,Diario,Matutina,Promovido,No,No,02-08,1,2,2,2,5,1,1,1,2,2,2
2024,19-05-0207-43,Zacapa,1901,Público,Rural,Hombre,1,Primaria,Ladino/Mestizo,Diario,Matutina,Promovido,No,No,19-05,1,2,1,2,5,1,1,1,2,2,19
2024,15-07-0045-46,Baja Verapaz,1501,Privado,Rural,Hombre,6,Diversificado,Ladino/Mestizo,Diario,Doble,Promovido,No,Sí,15-07,2,2,1,4,5,1,4,1,2,1,15
2024,15-01-0019-43,Baja Verapaz,1501,Público,Urbana,Hombre,4,Primaria,Ladino/Mestizo,Diario,Vespertina,Promovido,No,No,15-01,1,1,1,2,5,1,2,1,2,2,15
2024,15-01-0112-46,Baja Verapaz,1501,Privado,Urbana,Mujer,5,Diversificado,Ladino/Mestizo,Diario,Matutina,Promovido,No,Sí,15-01,2,1,2,4,5,1,1,1,2,1,15
2024,19-04-0056-43,Zacapa,1901,Público,Rural,Hombre,5,Primaria,Ladino/Mestizo,Diario,Matutina,Retirado,No,No,19-04,1,2,1,2,5,1,1,3,2,2,19
2024,15-03-0073-42,Baja Verapaz,1501,Público,Urbana,Hombre,4,Preprimaria,Maya,Diario,Matutina,Promovido,No,No,15-03,1,1,1,1,1,1,1,1,2,2,15
2024,15-04-1793-43,Baja Verapaz,1501,Privado,Urbana,Hombre,1,Primaria,Ladino/Mestizo,Diario,Matutina,Promovido,No,No,15-04,2,1,1,2,5,1,1,1,2,2,15
2024,15-03-0778-46,Baja Verapaz,1501,Privado,Urbana,Mujer,6,Diversificado,Maya,Diario,Vespertina,Promovido,No,Sí,15-03,2,1,2,4,1,1,2,1,2,1,15
2024,15-08-0088-43,Baja Verapaz,1501,Público,Rural,Hombre,6,Primaria,Maya,Diario,Matutina,Promovido,No,No,15-08,1,2,1,2,1,1,1,1,2,2,15
2024,15-01-0124-45,Baja Verapaz,1501,Privado,Urbana,Mujer,2,Básico,Ladino/Mestizo,Diario,Matutina,Promovido,No,No,15-01,2,1,2,3,5,1,1,1,2,2,15
2024,15-04-0213-45,Baja Verapaz,1501,Público,Rural,Mujer,1,Básico,Maya,Diario,Vespertina,Promovido,No,No,15-04,1,2,2,3,1,1,2,1,2,2,15
2024,02-07-0529-42,El Progreso,201,Público,Rural,Mujer,6,Preprimaria,Ladino/Mestizo,Diario,Matutina,Promovido,No,No,02-07,1,2,2,1,5,1,1,1,2,2,2
2024,02-07-0009-46,El Progreso,201,Público,Rural,Mujer,4,Diversificado,Ladino/Mestizo,Diario,Vespertina,Promovido,No,No,02-07,1,2,2,4,5,1,2,1,2,2,2
2024,19-03-0106-43,Zacapa,1901,Público,Rural,Mujer,5,Primaria,Ladino/Mestizo,Diario,Matutina,Retirado,No,No,19-03,1,2,2,2,5,1,1,3,2,2,19
2024,19-01-0117-45,Zacapa,1901,Público,Urbana,Mujer,1,Básico,Ladino/Mestizo,Diario,Matutina,Retirado,No,No,19-01,1,1,2,3,5,1,1,3,2,2,19
2024,19-02-1084-43,Zacapa,1901,Privado,Urbana,Hombre,2,Primaria,Ladino/Mestizo,Diario,Matutina,Promovido,No,No,19-02,2,1,1,2,5,1,1,1,2,2,19
2024,02-03-0065-43,El Progreso,201,Público,Rural,Hombre,4,Primaria,Ladino/Mestizo,Diario,Matutina,Promovido,No,No,02-03,1,2,1,2,5,1,1,1,2,2,2
2024,02-04-0110-43,El Progreso,201,Público,Rural,Hombre,2,Primaria,Ladino/Mestizo,Diario,Matutina,No promovido,No,No,02-04,1,2,1,2,5,1,1,5,2,2,2
2024,15-01-0109-46,Baja Verapaz,1501,Privado,Urbana,Mujer,4,Diversificado,Ladino/Mestizo,Fin de semana,Doble,Promovido,No,No,15-01,2,1,2,4,5,2,4,1,2,2,15
2024,15-06-1681-45,Baja Verapaz,1501,Público,Rural,Hombre,1,Básico,Ladino/Mestizo,Diario,Vespertina,Promovido,No,No,15-06,1,2,1,3,5,1,2,1,2,2,15
2024,02-01-0657-42,El Progreso,201,Público,Rural,Hombre,6,Preprimaria,Ladino/Mestizo,Diario,Matutina,Promovido,No,No,02-01,1,2,1,1,5,1,1,1,2,2,2
2024,15-01-0105-45,Baja Verapaz,1501,Público,Rural,Mujer,3,Básico,Ladino/Mestizo,Diario,Vespertina,Promovido,No,No,15-01,1,2,2,3,5,1,2,1,2,2,15
2024,19-10-0682-42,Zacapa,1901,Público,Rural,Mujer,5,Preprimaria,Ladino/Mestizo,Diario,Matutina,Promovido,No,No,19-10,1,2,2,1,5,1,1,1,2,2,19
2024,02-03-0769-42,El Progreso,201,Público,Rural,Mujer,4,Preprimaria,Ladino/Mestizo,Diario,Matutina,Promovido,No,No,02-03,1,2,2,1,5,1,1,1,2,2,2
2024,15-02-0050-45,Baja Verapaz,1501,Público,Urbana,Hombre,3,Básico,Maya,Diario,Matutina,Promovido,No,No,15-02,1,1,1,3,1,1,1,1,2,2,15
2024,02-07-0169-43,El Progreso,201,Público,Rural,Mujer,3,Primaria,Ladino/Mestizo,Diario,Matutina,Promovido,No,No,02-07,1,2,2,2,5,1,1,1,2,2,2
2024,15-01-0030-43,Baja Verapaz,1501,Público,Rural,Mujer,6,Primaria,Ladino/Mestizo,Diario,Matutina,Promovido,No,No,15-01,1,2,2,2,5,1,1,1,2,2,15
2024,19-05-0004-42,Zacapa,1901,Público,Rural,Hombre,5,Preprimaria,Ladino/Mestizo,Diario,Matutina,Promovido,No,No,19-05,1,2,1,1,5,1,1,1,2,2,19
2024,15-08-0042-43,Baja Verapaz,1501,Público,Rural,Hombre,6,Primaria,Maya,Diario,Matutina,Promovido,No,No,15-08,1,2,1,2,1,1,1,1,2,2,15
2024,19-08-1204-43,Zacapa,1901,Público,Rural,Hombre,4,Primaria,Ladino/Mestizo,Diario,Matutina,No promovido,Sí,No,19-08,1,2,1,2,5,1,1,5,1,2,19
2024,15-02-0343-43,Baja Verapaz,1501,Público,Rural,Hombre,5,Primaria,Maya,Diario,Matutina,No promovido,Sí,No,15-02,1,2,1,2,1,1,1,5,1,2,15
2024,19-04-0151-43,Zacapa,1901,Público,Rural,Hombre,4,Primaria,Ladino/Mestizo,Diario,Matutina,Promovido,No,No,19-04,1,2,1,2,5,1,1,1,2,2,19
2024,15-01-0050-45,Baja Verapaz,1501,Público,Urbana,Mujer,3,Básico,Ladino/Mestizo,Diario,Matutina,Promovido,No,No,15-01,1,1,2,3,5,1,1,1,2,2,15
2024,15-08-1599-43,Baja Verapaz,1501,Público,Rural,Hombre,1,Primaria,Maya,Diario,Matutina,No promovido,Sí,No,15-08,1,2,1,2,1,1,1,5,1,2,15
2024,19-03-0006-45,Zacapa,1901,Público,Rural,Hombre,2,Básico,Ladino/Mestizo,Diario,Vespertina,Promovido,No,No,19-03,1,2,1,3,5,1,2,1,2,2,19
2024,02-07-0161-43,El Progreso,201,Público,Urbana,Mujer,5,Primaria,Ladino/Mestizo,Diario,Matutina,Promovido,No,No,02-07,1,1,2,2,5,1,1,1,2,2,2
2024,02-08-0432-42,El Progreso,201,Público,Rural,Hombre,6,Preprimaria,Ladino/Mestizo,Diario,Matutina,Promovido,No,No,02-08,1,2,1,1,5,1,1,1,2,2,2
2024,19-01-0072-45,Zacapa,1901,Público,Urbana,Hombre,2,Básico,Ladino/Mestizo,Diario,Matutina,Promovido,No,Ignorado,19-01,1,1,1,3,5,1,1,1,2,9,19
2024,15-04-0185-43,Baja Verapaz,1501,Público,Rural,Mujer,1,Primaria,Maya,Diario,Matutina,Retirado,No,No,15-04,1,2,2,2,1,1,1,3,2,2,15
2024,15-02-0129-46,Baja Verapaz,1501,Público,Rural,Mujer,4,Diversificado,Maya,Diario,Matutina,Promovido,No,No,15-02,1,2,2,4,1,1,1,1,2,2,15
2024,02-07-0180-43,El Progreso,201,Público,Rural,Hombre,2,Primaria,Ladino/Mestizo,Diario,Matutina,Promovido,No,No,02-07,1,2,1,2,5,1,1,1,2,2,2
2024,19-04-0145-43,Zacapa,1901,Público,Rural,Hombre,1,Primaria,Ladino/Mestizo,Diario,Matutina,Promovido,No,No,19-04,1,2,1,2,5,1,1,1,2,2,19
2024,19-06-0220-43,Zacapa,1901,Público,Rural,Mujer,5,Primaria,Ladino/Mestizo,Diario,Matutina,Promovido,No,No,19-06,1,2,2,2,5,1,1,1,2,2,19
2024,15-04-0049-43,Baja Verapaz,1501,Público,Rural,Hombre,1,Primaria,Maya,Diario,Matutina,Promovido,No,No,15-04,1,2,1,2,1,1,1,1,2,2,15
2024,15-08-0193-42,Baja Verapaz,1501,Público,Rural,Hombre,2,Preprimaria,Ladino/Mestizo,Diario,Matutina,Retirado,No,No,15-08,1,2,1,1,5,1,1,3,2,2,15
2024,19-08-0246-43,Zacapa,1901,Público,Urbana,Mujer,5,Primaria,Ladino/Mestizo,Diario,Matutina,Promovido,No,No,19-08,1,1,2,2,5,1,1,1,2,2,19
2024,19-04-0132-43,Zacapa,1901,Público,Urbana,Hombre,4,Primaria,Ladino/Mestizo,Diario,Matutina,Promovido,No,No,19-04,1,1,1,2,5,1,1,1,2,2,19
2024,02-06-0134-43,El Progreso,201,Público,Urbana,Mujer,6,Primaria,Ladino/Mestizo,Diario,Matutina,Promovido,No,No,02-06,1,1,2,2,5,1,1,1,2,2,2
2024,19-09-0276-43,Zacapa,1901,Público,Rural,Mujer,2,Primaria,Ladino/Mestizo,Diario,Matutina,Promovido,No,No,19-09,1,2,2,2,5,1,1,1,2,2,19
2024,15-03-0094-42,Baja Verapaz,1501,Público,Urbana,Hombre,5,Preprimaria,Maya,Diario,Matutina,Promovido,No,No,15-03,1,1,1,1,1,1,1,1,2,2,15
2024,15-05-0036-43,Baja Verapaz,1501,Público,Rural,Mujer,2,Primaria,Ladino/Mestizo,Diario,Matutina,Promovido,No,No,15-05,1,2,2,2,5,1,1,1,2,2,15
2024,19-01-1158-42,Zacapa,1901,Público,Rural,Hombre,3,Preprimaria,Ladino/Mestizo,Diario,Matutina,Promovido,No,No,19-01,1,2,1,1,5,1,1,1,2,2,19
2024,19-09-0328-43,Zacapa,1901,Público,Rural,Mujer,4,Primaria,Ladino/Mestizo,Diario,Matutina,Promovido,No,No,19-09,1,2,2,2,5,1,1,1,2,2,19
2024,15-01-1474-42,Baja Verapaz,1501,Público,Urbana,Hombre,6,Preprimaria,Ladino/Mestizo,Diario,Matutina,Promovido,No,No,15-01,1,1,1,1,5,1,1,1,2,2,15
2024,02-01-0244-43,El Progreso,201,Privado,Urbana,Hombre,2,Primaria,Ladino/Mestizo,Diario,Matutina,Promovido,No,No,02-01,2,1,1,2,5,1,1,1,2,2,2
2024,15-03-2207-42,Baja Verapaz,1501,Público,Rural,Hombre,0,Preprimaria,Maya,Diario,Matutina,Promovido,No,No,15-03,1,2,1,1,1,1,1,1,2,2,15
2024,02-07-0161-43,El Progreso,201,Público,Urbana,Hombre,3,Primaria,Ladino/Mestizo,Diario,Matutina,Promovido,Sí,No,02-07,1,1,1,2,5,1,1,1,1,2,2
2024,19-09-0271-43,Zacapa,1901,Público,Rural,Hombre,1,Primaria,Ladino/Mestizo,Diario,Matutina,No promovido,Sí,No,19-09,1,2,1,2,5,1,1,5,1,2,19
2024,19-10-0294-43,Zacapa,1901,Público,Urbana,Mujer,5,Primaria,Ladino/Mestizo,Diario,Matutina,Promovido,No,No,19-10,1,1,2,2,5,1,1,1,2,2,19
2024,15-04-2125-45,Baja Verapaz,1501,Privado,Urbana,Hombre,2,Básico,Ladino/Mestizo,Diario,Vespertina,Promovido,Sí,No,15-04,2,1,1,3,5,1,2,1,1,2,15
2024,19-06-0223-43,Zacapa,1901,Público,Rural,Hombre,5,Primaria,Ladino/Mestizo,Diario,Matutina,Promovido,No,No,19-06,1,2,1,2,5,1,1,1,2,2,19
2024,19-09-0270-43,Zacapa,1901,Público,Rural,Mujer,1,Primaria,Ladino/Mestizo,Diario,Matutina,No promovido,No,No,19-09,1,2,2,2,5,1,1,5,2,2,19
2024,02-03-0065-43,El Progreso,201,Público,Rural,Hombre,5,Primaria,Ladino/Mestizo,Diario,Matutina,Promovido,No,No,02-03,1,2,1,2,5,1,1,1,2,2,2
2024,19-01-0084-45,Zacapa,1901,Público,Urbana,Hombre,2,Básico,Ladino/Mestizo,Diario,Doble,No promovido,No,No,19-01,1,1,1,3,5,1,4,5,2,2,19
2024,15-03-2037-43,Baja Verapaz,1501,Público,Urbana,Hombre,1,Primaria,Ladino/Mestizo,Diario,Matutina,No promovido,Sí,No,15-03,1,1,1,2,5,1,1,5,1,2,15
2024,02-03-0089-43,El Progreso,201,Público,Rural,Mujer,2,Primaria,Ladino/Mestizo,Diario,Matutina,Promovido,Sí,No,02-03,1,2,2,2,5,1,1,1,1,2,2
2024,19-01-0051-43,Zacapa,1901,Público,Rural,Hombre,1,Primaria,Ladino/Mestizo,Diario,Matutina,Promovido,No,No,19-01,1,2,1,2,5,1,1,1,2,2,19
2024,19-06-0217-43,Zacapa,1901,Público,Rural,Hombre,3,Primaria,Ladino/Mestizo,Diario,Matutina,No promovido,No,No,19-06,1,2,1,2,5,1,1,5,2,2,19
2024,19-04-0196-45,Zacapa,1901,Público,Urbana,Mujer,1,Básico,Ladino/Mestizo,Diario,Matutina,Promovido,No,No,19-04,1,1,2,3,5,1,1,1,2,2,19
2024,15-02-1663-41,Baja Verapaz,1501,Público,Rural,Hombre,4,Preprimaria,Maya,Diario,Matutina,Promovido,No,No,15-02,1,2,1,1,1,1,1,1,2,2,15
2024,19-01-0117-45,Zacapa,1901,Público,Urbana,Hombre,2,Básico,Ladino/Mestizo,Diario,Matutina,Retirado,No,No,19-01,1,1,1,3,5,1,1,3,2,2,19
2024,19-07-0775-43,Zacapa,1901,Público,Urbana,Mujer,1,Primaria,Ladino/Mestizo,Diario,Vespertina,Promovido,Sí,No,19-07,1,1,2,2,5,1,2,1,1,2,19
2024,02-07-0180-43,El Progreso,201,Público,Rural,Hombre,5,Primaria,Ladino/Mestizo,Diario,Matutina,Promovido,No,No,02-07,1,2,1,2,5,1,1,1,2,2,2
2024,02-08-0601-45,El Progreso,201,Público,Rural,Mujer,1,Básico,Ladino/Mestizo,Diario,Matutina,Promovido,No,No,02-08,1,2,2,3,5,1,1,1,2,2,2
2024,15-01-0311-43,Baja Verapaz,1501,Público,Rural,Mujer,4,Primaria,Ladino/Mestizo,Diario,Matutina,Promovido,No,No,15-01,1,2,2,2,5,1,1,1,2,2,15
2024,19-01-0021-43,Zacapa,1901,Público,Rural,Hombre,3,Primaria,Ladino/Mestizo,Diario,Matutina,No promovido,Sí,No,19-01,1,2,1,2,5,1,1,5,1,2,19
2024,15-03-0113-43,Baja Verapaz,1501,Público,Rural,Hombre,3,Primaria,Maya,Diario,Matutina,Promovido,No,No,15-03,1,2,1,2,1,1,1,1,2,2,15
2024,15-08-0097-43,Baja Verapaz,1501,Público,Rural,Mujer,5,Primaria,Maya,Diario,Matutina,No promovido,No,No,15-08,1,2,2,2,1,1,1,5,2,2,15
2024,15-08-0161-41,Baja Verapaz,1501,Público,Rural,Mujer,6,Preprimaria,Maya,Diario,Matutina,Promovido,No,No,15-08,1,2,2,1,1,1,1,1,2,2,15
2024,15-03-2207-42,Baja Verapaz,1501,Público,Rural,Hombre,4,Preprimaria,Ladino/Mestizo,Diario,Matutina,Promovido,No,No,15-03,1,2,1,1,5,1,1,1,2,2,15
2024,15-08-0039-43,Baja Verapaz,1501,Público,Rural,Mujer,2,Primaria,Maya,Diario,Matutina,Promovido,No,No,15-08,1,2,2,2,1,1,1,1,2,2,15
2024,02-01-0735-43,El Progreso,201,Privado,Urbana,Mujer,4,Primaria,Ladino/Mestizo,Diario,Matutina,Promovido,No,No,02-01,2,1,2,2,5,1,1,1,2,2,2
2024,15-01-0050-45,Baja Verapaz,1501,Público,Urbana,Hombre,1,Básico,Ladino/Mestizo,Diario,Matutina,Promovido,No,Ignorado,15-01,1,1,1,3,5,1,1,1,2,9,15
2024,02-03-0008-42,El Progreso,201,Público,Rural,Mujer,5,Preprimaria,Ladino/Mestizo,Diario,Matutina,Promovido,No,No,02-03,1,2,2,1,5,1,1,1,2,2,2
2024,19-04-0160-43,Zacapa,1901,Público,Rural,Mujer,4,Primaria,Ladino/Mestizo,Diario,Matutina,Promovido,No,No,19-04,1,2,2,2,5,1,1,1,2,2,19
2024,19-04-0051-43,Zacapa,1901,Municipal,Rural,Hombre,1,Primaria,Ladino/Mestizo,Diario,Matutina,Promovido,No,No,19-04,3,2,1,2,5,1,1,1,2,2,19
2024,15-04-0048-43,Baja Verapaz,1501,Público,Rural,Mujer,4,Primaria,Maya,Diario,Matutina,Promovido,No,No,15-04,1,2,2,2,1,1,1,1,2,2,15
2024,15-02-0047-43,Baja Verapaz,1501,Público,Urbana,Hombre,5,Primaria,Maya,Diario,Matutina,Promovido,No,No,15-02,1,1,1,2,1,1,1,1,2,2,15
2024,19-04-0060-45,Zacapa,1901,Público,Rural,Mujer,2,Básico,Ladino/Mestizo,Diario,Vespertina,Promovido,No,No,19-04,1,2,2,3,5,1,2,1,2,2,19
2024,15-07-0241-43,Baja Verapaz,1501,Público,Rural,Mujer,1,Primaria,Ladino/Mestizo,Diario,Matutina,Promovido,No,No,15-07,1,2,2,2,5,1,1,1,2,2,15
2024,19-01-0862-42,Zacapa,1901,Público,Rural,Hombre,4,Preprimaria,Ladino/Mestizo,Diario,Matutina,Promovido,No,No,19-01,1,2,1,1,5,1,1,1,2,2,19
2024,15-02-0087-43,Baja Verapaz,1501,Público,Rural,Mujer,5,Primaria,Maya,Diario,Matutina,Promovido,No,No,15-02,1,2,2,2,1,1,1,1,2,2,15
2024,15-03-0105-43,Baja Verapaz,1501,Público,Rural,Mujer,2,Primaria,Ladino/Mestizo,Diario,Matutina,Promovido,No,No,15-03,1,2,2,2,5,1,1,1,2,2,15
2024,15-07-1476-43,Baja Verapaz,1501,Público,Urbana,Hombre,5,Primaria,Ladino/Mestizo,Diario,Matutina,Promovido,No,No,15-07,1,1,1,2,5,1,1,1,2,2,15
2024,19-04-1044-43,Zacapa,1901,Municipal,Rural,Mujer,2,Primaria,Ladino/Mestizo,Diario,Matutina,Retirado,No,No,19-04,3,2,2,2,5,1,1,3,2,2,19
2024,19-02-0089-43,Zacapa,1901,Público,Urbana,Hombre,6,Primaria,Ladino/Mestizo,Diario,Matutina,Promovido,No,No,19-02,1,1,1,2,5,1,1,1,2,2,19
2024,19-01-0072-45,Zacapa,1901,Público,Urbana,Mujer,1,Básico,Ladino/Mestizo,Diario,Matutina,Promovido,No,No,19-01,1,1,2,3,5,1,1,1,2,2,19
2024,02-07-0162-43,El Progreso,201,Público,Rural,Mujer,6,Primaria,Ladino/Mestizo,Diario,Matutina,Promovido,No,No,02-07,1,2,2,2,5,1,1,1,2,2,2
2024,15-04-0148-43,Baja Verapaz,1501,Público,Rural,Hombre,3,Primaria,Maya,Diario,Matutina,Promovido,No,No,15-04,1,2,1,2,1,1,1,1,2,2,15
2024,02-06-0025-45,El Progreso,201,Municipal,Urbana,Hombre,1,Básico,Ladino/Mestizo,Semipresencial,Ignorado,Retirado,No,No,02-06,3,1,1,3,5,4,9,3,2,2,2
2024,15-04-0177-43,Baja Verapaz,1501,Público,Rural,Mujer,1,Primaria,Maya,Diario,Matutina,Promovido,No,No,15-04,1,2,2,2,1,1,1,1,2,2,15
2024,15-01-0124-45,Baja Verapaz,1501,Privado,Urbana,Mujer,1,Básico,Ladino/Mestizo,Diario,Matutina,Promovido,No,No,15-01,2,1,2,3,5,1,1,1,2,2,15
2024,15-08-0061-43,Baja Verapaz,1501,Público,Rural,Hombre,2,Primaria,Maya,Diario,Matutina,Promovido,Sí,No,15-08,1,2,1,2,1,1,1,1,1,2,15
2024,15-07-0243-43,Baja Verapaz,1501,Público,Rural,Hombre,3,Primaria,Ladino/Mestizo,Diario,Matutina,Promovido,No,No,15-07,1,2,1,2,5,1,1,1,2,2,15
2024,15-08-0263-41,Baja Verapaz,1501,Público,Rural,Hombre,5,Preprimaria,Maya,Diario,Matutina,Promovido,No,No,15-08,1,2,1,1,1,1,1,1,2,2,15
2024,19-03-0855-45,Zacapa,1901,Público,Rural,Hombre,1,Básico,Ladino/Mestizo,Diario,Matutina,Promovido,No,No,19-03,1,2,1,3,5,1,1,1,2,2,19
2024,19-04-0166-43,Zacapa,1901,Público,Rural,Hombre,3,Primaria,Ladino/Mestizo,Diario,Matutina,Retirado,No,No,19-04,1,2,1,2,5,1,1,3,2,2,19
2024,19-02-1010-42,Zacapa,1901,Público,Urbana,Mujer,5,Preprimaria,Ladino/Mestizo,Diario,Matutina,Promovido,No,No,19-02,1,1,2,1,5,1,1,1,2,2,19
2024,19-04-0067-45,Zacapa,1901,Privado,Urbana,Mujer,2,Básico,Ladino/Mestizo,Diario,Vespertina,Retirado,No,No,19-04,2,1,2,3,5,1,2,3,2,2,19
2024,02-03-0073-43,El Progreso,201,Público,Rural,Mujer,2,Primaria,Ladino/Mestizo,Diario,Matutina,Promovido,No,No,02-03,1,2,2,2,5,1,1,1,2,2,2
2024,02-07-0400-42,El Progreso,201,Público,Rural,Mujer,5,Preprimaria,Ladino/Mestizo,Diario,Matutina,Promovido,No,No,02-07,1,2,2,1,5,1,1,1,2,2,2
2024,15-03-1952-42,Baja Verapaz,1501,Público,Urbana,Hombre,3,Preprimaria,Maya,Diario,Matutina,Promovido,No,No,15-03,1,1,1,1,1,1,1,1,2,2,15
2024,15-03-0094-42,Baja Verapaz,1501,Público,Urbana,Hombre,5,Preprimaria,Maya,Diario,Matutina,Promovido,No,No,15-03,1,1,1,1,1,1,1,1,2,2,15
2024,19-01-0116-46,Zacapa,1901,Público,Urbana,Mujer,4,Diversificado,Ladino/Mestizo,Diario,Vespertina,Promovido,No,No,19-01,1,1,2,4,5,1,2,1,2,2,19
2024,02-07-0172-43,El Progreso,201,Público,Rural,Mujer,1,Primaria,Ladino/Mestizo,Diario,Matutina,No promovido,No,No,02-07,1,2,2,2,5,1,1,5,2,2,2
2024,15-08-0073-43,Baja Verapaz,1501,Público,Rural,Mujer,2,Primaria,Maya,Diario,Matutina,Promovido,No,No,15-08,1,2,2,2,1,1,1,1,2,2,15
2024,19-07-1098-42,Zacapa,1901,Público,Rural,Hombre,5,Preprimaria,Ladino/Mestizo,Diario,Matutina,Promovido,No,No,19-07,1,2,1,1,5,1,1,1,2,2,19
2024,15-02-0079-43,Baja Verapaz,1501,Público,Rural,Hombre,1,Primaria,Maya,Diario,Matutina,Promovido,No,No,15-02,1,2,1,2,1,1,1,1,2,2,15
2024,19-01-0106-43,Zacapa,1901,Público,Rural,Hombre,4,Primaria,Ladino/Mestizo,Diario,Matutina,Promovido,No,No,19-01,1,2,1,2,5,1,1,1,2,2,19
2024,15-01-0023-43,Baja Verapaz,1501,Público,Rural,Mujer,3,Primaria,Ladino/Mestizo,Diario,Matutina,Promovido,No,No,15-01,1,2,2,2,5,1,1,1,2,2,15
2024,15-02-0079-43,Baja Verapaz,1501,Público,Rural,Hombre,2,Primaria,Maya,Diario,Matutina,Promovido,No,No,15-02,1,2,1,2,1,1,1,1,2,2,15
2024,15-01-0164-42,Baja Verapaz,1501,Público,Rural,Hombre,4,Preprimaria,Ladino/Mestizo,Diario,Matutina,Promovido,No,No,15-01,1,2,1,1,5,1,1,1,2,2,15
2024,19-02-0019-46,Zacapa,1901,Público,Urbana,Mujer,6,Diversificado,Ladino/Mestizo,Diario,Nocturna,No promovido,No,Sí,19-02,1,1,2,4,5,1,3,5,2,1,19
2024,15-08-0227-42,Baja Verapaz,1501,Público,Rural,Hombre,4,Preprimaria,Maya,Diario,Matutina,Promovido,No,No,15-08,1,2,1,1,1,1,1,1,2,2,15
2024,15-08-0013-42,Baja Verapaz,1501,Público,Rural,Hombre,6,Preprimaria,Maya,Diario,Matutina,Promovido,No,No,15-08,1,2,1,1,1,1,1,1,2,2,15
2024,15-01-0113-46,Baja Verapaz,1501,Privado,Urbana,Mujer,4,Diversificado,Ladino/Mestizo,Fin de semana,Doble,No promovido,No,No,15-01,2,1,2,4,5,2,4,5,2,2,15
2024,02-06-0752-43,El Progreso,201,Privado,Urbana,Hombre,5,Primaria,Ladino/Mestizo,Diario,Matutina,Promovido,No,No,02-06,2,1,1,2,5,1,1,1,2,2,2
2024,19-09-0265-43,Zacapa,1901,Público,Rural,Mujer,5,Primaria,Ladino/Mestizo,Diario,Matutina,Promovido,No,No,19-09,1,2,2,2,5,1,1,1,2,2,19
2024,19-09-0027-43,Zacapa,1901,Público,Rural,Hombre,3,Primaria,Ladino/Mestizo,Diario,Matutina,Promovido,Sí,No,19-09,1,2,1,2,5,1,1,1,1,2,19
2024,15-01-1848-43,Baja Verapaz,1501,Privado,Urbana,Mujer,5,Primaria,Ladino/Mestizo,Diario,Matutina,Promovido,No,No,15-01,2,1,2,2,5,1,1,1,2,2,15
2024,19-04-0043-45,Zacapa,1901,Público,Rural,Mujer,2,Básico,Ladino/Mestizo,Diario,Vespertina,Promovido,No,No,19-04,1,2,2,3,5,1,2,1,2,2,19
2024,02-07-0172-43,El Progreso,201,Público,Rural,Mujer,5,Primaria,Ladino/Mestizo,Diario,Matutina,Promovido,No,No,02-07,1,2,2,2,5,1,1,1,2,2,2
2024,15-02-0099-45,Baja Verapaz,1501,Privado,Rural,Mujer,1,Básico,Maya,Diario,Vespertina,Promovido,Sí,Ignorado,15-02,2,2,2,3,1,1,2,1,1,9,15
2024,02-03-0062-43,El Progreso,201,Público,Rural,Hombre,2,Primaria,Ladino/Mestizo,Diario,Matutina,No promovido,No,No,02-03,1,2,1,2,5,1,1,5,2,2,2
2024,15-04-2210-41,Baja Verapaz,1501,Público,Rural,Mujer,4,Preprimaria,Maya,Diario,Matutina,Promovido,No,No,15-04,1,2,2,1,1,1,1,1,2,2,15
2024,15-01-0124-45,Baja Verapaz,1501,Privado,Urbana,Mujer,1,Básico,Ladino/Mestizo,Diario,Matutina,Promovido,No,Ignorado,15-01,2,1,2,3,5,1,1,1,2,9,15
2024,15-02-0361-45,Baja Verapaz,1501,Cooperativa,Rural,Hombre,3,Básico,Ladino/Mestizo,Diario,Vespertina,Promovido,Sí,Ignorado,15-02,4,2,1,3,5,1,2,1,1,9,15
2024,15-04-0159-43,Baja Verapaz,1501,Público,Rural,Hombre,1,Primaria,Maya,Diario,Matutina,Promovido,No,No,15-04,1,2,1,2,1,1,1,1,2,2,15
2024,15-08-0202-45,Baja Verapaz,1501,Privado,Urbana,Hombre,3,Básico,Maya,Fin de semana,Doble,Promovido,No,No,15-08,2,1,1,3,1,2,4,1,2,2,15
2024,15-04-0099-45,Baja Verapaz,1501,Público,Urbana,Mujer,3,Básico,Ladino/Mestizo,Diario,Matutina,Promovido,No,No,15-04,1,1,2,3,5,1,1,1,2,2,15
2024,15-03-0068-45,Baja Verapaz,1501,Público,Rural,Mujer,1,Básico,Maya,Diario,Matutina,Promovido,No,No,15-03,1,2,2,3,1,1,1,1,2,2,15
2024,15-04-1785-42,Baja Verapaz,1501,Privado,Urbana,Mujer,6,Preprimaria,Ladino/Mestizo,Diario,Matutina,Promovido,No,No,15-04,2,1,2,1,5,1,1,1,2,2,15
2024,19-03-0919-43,Zacapa,1901,Público,Rural,Hombre,6,Primaria,Ladino/Mestizo,Diario,Matutina,Promovido,No,No,19-03,1,2,1,2,5,1,1,1,2,2,19
2024,15-08-0211-43,Baja Verapaz,1501,Público,Rural,Mujer,4,Primaria,Maya,Diario,Matutina,Promovido,No,No,15-08,1,2,2,2,1,1,1,1,2,2,15
2024,15-04-0219-41,Baja Verapaz,1501,Público,Rural,Hombre,5,Preprimaria,Maya,Diario,Matutina,Promovido,No,No,15-04,1,2,1,1,1,1,1,1,2,2,15
2024,15-01-0321-43,Baja Verapaz,1501,Público,Rural,Mujer,3,Primaria,Ladino/Mestizo,Diario,Matutina,Retirado,No,No,15-01,1,2,2,2,5,1,1,3,2,2,15
2024,15-08-0014-42,Baja Verapaz,1501,Público,Rural,Mujer,4,Preprimaria,Ladino/Mestizo,Diario,Matutina,Promovido,No,No,15-08,1,2,2,1,5,1,1,1,2,2,15
2024,19-06-0003-43,Zacapa,1901,Público,Rural,Hombre,3,Primaria,Ladino/Mestizo,Diario,Matutina,Promovido,No,No,19-06,1,2,1,2,5,1,1,1,2,2,19
2024,02-07-0201-45,El Progreso,201,Cooperativa,Rural,Mujer,1,Básico,Ladino/Mestizo,Diario,Vespertina,Promovido,No,No,02-07,4,2,2,3,5,1,2,1,2,2,2
2024,19-10-0006-43,Zacapa,1901,Público,Rural,Hombre,2,Primaria,Ladino/Mestizo,Diario,Matutina,Promovido,Sí,No,19-10,1,2,1,2,5,1,1,1,1,2,19
2024,02-05-0118-42,El Progreso,201,Público,Rural,Mujer,5,Preprimaria,Ladino/Mestizo,Diario,Matutina,Promovido,No,No,02-05,1,2,2,1,5,1,1,1,2,2,2
2024,02-03-0075-43,El Progreso,201,Público,Rural,Mujer,2,Primaria,Ladino/Mestizo,Diario,Matutina,Promovido,No,No,02-03,1,2,2,2,5,1,1,1,2,2,2
2024,15-08-0273-42,Baja Verapaz,1501,Público,Urbana,Hombre,6,Preprimaria,Maya,Diario,Matutina,Promovido,No,No,15-08,1,1,1,1,1,1,1,1,2,2,15
2024,15-04-0067-43,Baja Verapaz,1501,Público,Rural,Hombre,6,Primaria,Maya,Diario,Matutina,Promovido,No,No,15-04,1,2,1,2,1,1,1,1,2,2,15
2024,02-03-0093-43,El Progreso,201,Público,Rural,Mujer,5,Primaria,Ladino/Mestizo,Diario,Matutina,Promovido,No,No,02-03,1,2,2,2,5,1,1,1,2,2,2
2024,19-04-0037-43,Zacapa,1901,Público,Rural,Hombre,1,Primaria,Ladino/Mestizo,Diario,Matutina,No promovido,Sí,No,19-04,1,2,1,2,5,1,1,5,1,2,19
2024,19-04-0158-43,Zacapa,1901,Público,Rural,Mujer,2,Primaria,Ladino/Mestizo,Diario,Matutina,Promovido,No,No,19-04,1,2,2,2,5,1,1,1,2,2,19
2024,15-04-0159-43,Baja Verapaz,1501,Público,Rural,Hombre,6,Primaria,Maya,Diario,Matutina,Promovido,No,No,15-04,1,2,1,2,1,1,1,1,2,2,15
2024,15-02-0343-43,Baja Verapaz,1501,Público,Rural,Mujer,2,Primaria,Maya,Diario,Matutina,Promovido,No,No,15-02,1,2,2,2,1,1,1,1,2,2,15
2024,15-01-0306-43,Baja Verapaz,1501,Público,Rural,Mujer,6,Primaria,Ladino/Mestizo,Diario,Matutina,Promovido,No,No,15-01,1,2,2,2,5,1,1,1,2,2,15
2024,19-03-0116-43,Zacapa,1901,Público,Rural,Hombre,3,Primaria,Ladino/Mestizo,Diario,Matutina,No promovido,No,No,19-03,1,2,1,2,5,1,1,5,2,2,19
2024,19-09-0025-45,Zacapa,1901,Público,Rural,Mujer,3,Básico,Ladino/Mestizo,Diario,Matutina,Promovido,No,No,19-09,1,2,2,3,5,1,1,1,2,2,19
2024,19-02-0087-42,Zacapa,1901,Público,Urbana,Mujer,6,Preprimaria,Ladino/Mestizo,Diario,Matutina,Promovido,No,No,19-02,1,1,2,1,5,1,1,1,2,2,19
2024,15-08-0208-45,Baja Verapaz,1501,Público,Urbana,Mujer,1,Básico,Ladino/Mestizo,Diario,Matutina,Promovido,Sí,No,15-08,1,1,2,3,5,1,1,1,1,2,15
2024,02-05-0118-43,El Progreso,201,Público,Rural,Mujer,2,Primaria,Ladino/Mestizo,Diario,Matutina,Promovido,No,No,02-05,1,2,2,2,5,1,1,1,2,2,2
2024,02-07-0440-42,El Progreso,201,Público,Rural,Hombre,6,Preprimaria,Ladino/Mestizo,Diario,Matutina,Promovido,No,No,02-07,1,2,1,1,5,1,1,1,2,2,2
2024,15-04-0157-43,Baja Verapaz,1501,Público,Rural,Hombre,1,Primaria,Maya,Diario,Matutina,Retirado,No,No,15-04,1,2,1,2,1,1,1,3,2,2,15
2024,15-08-0060-43,Baja Verapaz,1501,Público,Rural,Mujer,5,Primaria,Maya,Diario,Matutina,Promovido,No,No,15-08,1,2,2,2,1,1,1,1,2,2,15
2024,19-01-0703-43,Zacapa,1901,Privado,Urbana,Hombre,1,Primaria,Maya,Diario,Matutina,Promovido,No,No,19-01,2,1,1,2,1,1,1,1,2,2,19
2024,19-01-0012-43,Zacapa,1901,Público,Urbana,Mujer,3,Primaria,Ladino/Mestizo,Diario,Matutina,Promovido,No,No,19-01,1,1,2,2,5,1,1,1,2,2,19
2024,15-01-2033-43,Baja Verapaz,1501,Público,Rural,Hombre,4,Primaria,Ladino/Mestizo,Diario,Matutina,Promovido,No,No,15-01,1,2,1,2,5,1,1,1,2,2,15
2024,02-03-0110-45,El Progreso,201,Público,Rural,Hombre,2,Básico,Ladino/Mestizo,Diario,Vespertina,Promovido,No,No,02-03,1,2,1,3,5,1,2,1,2,2,2
2024,15-02-0018-43,Baja Verapaz,1501,Público,Rural,Hombre,6,Primaria,Maya,Diario,Matutina,Promovido,No,No,15-02,1,2,1,2,1,1,1,1,2,2,15
2024,19-01-0008-43,Zacapa,1901,Público,Urbana,Mujer,6,Primaria,Ladino/Mestizo,Diario,Matutina,Promovido,No,No,19-01,1,1,2,2,5,1,1,1,2,2,19
2024,02-07-0009-46,El Progreso,201,Público,Rural,Mujer,5,Diversificado,Ladino/Mestizo,Diario,Vespertina,Promovido,No,Sí,02-07,1,2,2,4,5,1,2,1,2,1,2
2024,15-01-0038-43,Baja Verapaz,1501,Público,Rural,Mujer,2,Primaria,Ladino/Mestizo,Diario,Matutina,Promovido,Sí,No,15-01,1,2,2,2,5,1,1,1,1,2,15
2024,19-04-0166-43,Zacapa,1901,Público,Rural,Mujer,3,Primaria,Ladino/Mestizo,Diario,Matutina,Promovido,No,No,19-04,1,2,2,2,5,1,1,1,2,2,19
2024,02-01-0052-43,El Progreso,201,Privado,Urbana,Hombre,4,Primaria,Ladino/Mestizo,Diario,Matutina,Promovido,No,No,02-01,2,1,1,2,5,1,1,1,2,2,2
2024,15-02-0010-43,Baja Verapaz,1501,Público,Rural,Mujer,2,Primaria,Maya,Diario,Matutina,Promovido,No,No,15-02,1,2,2,2,1,1,1,1,2,2,15
2024,15-04-0205-45,Baja Verapaz,1501,Público,Rural,Hombre,3,Básico,Ladino/Mestizo,Diario,Vespertina,Promovido,No,No,15-04,1,2,1,3,5,1,2,1,2,2,15
2024,15-08-0139-43,Baja Verapaz,1501,Público,Rural,Hombre,5,Primaria,Maya,Diario,Matutina,Promovido,No,No,15-08,1,2,1,2,1,1,1,1,2,2,15
2024,19-04-0196-45,Zacapa,1901,Público,Urbana,Hombre,2,Básico,Ladino/Mestizo,Diario,Matutina,Promovido,No,No,19-04,1,1,1,3,5,1,1,1,2,2,19
2024,15-01-0018-43,Baja Verapaz,1501,Público,Urbana,Mujer,1,Primaria,Ladino/Mestizo,Diario,Matutina,Promovido,No,No,15-01,1,1,2,2,5,1,1,1,2,2,15
2024,19-04-0051-43,Zacapa,1901,Municipal,Rural,Mujer,1,Primaria,Ladino/Mestizo,Diario,Matutina,Promovido,No,No,19-04,3,2,2,2,5,1,1,1,2,2,19
2024,02-05-0119-43,El Progreso,201,Público,Rural,Hombre,1,Primaria,Ladino/Mestizo,Diario,Matutina,Promovido,No,No,02-05,1,2,1,2,5,1,1,1,2,2,2
2024,02-06-0598-42,El Progreso,201,Público,Rural,Hombre,1,Preprimaria,Ladino/Mestizo,Diario,Matutina,Promovido,No,No,02-06,1,2,1,1,5,1,1,1,2,2,2
2024,19-02-0614-42,Zacapa,1901,Público,Rural,Mujer,5,Preprimaria,Ladino/Mestizo,Diario,Matutina,Retirado,No,No,19-02,1,2,2,1,5,1,1,3,2,2,19
2024,02-03-0106-43,El Progreso,201,Privado,Rural,Hombre,6,Primaria,Ladino/Mestizo,Diario,Matutina,Promovido,No,No,02-03,2,2,1,2,5,1,1,1,2,2,2
2024,19-01-0008-43,Zacapa,1901,Público,Urbana,Mujer,3,Primaria,Ladino/Mestizo,Diario,Matutina,Retirado,Sí,No,19-01,1,1,2,2,5,1,1,3,1,2,19
2024,02-04-0750-43,El Progreso,201,Privado,Urbana,Hombre,1,Primaria,Ladino/Mestizo,Diario,Matutina,Promovido,No,No,02-04,2,1,1,2,5,1,1,1,2,2,2
2024,15-04-0148-43,Baja Verapaz,1501,Público,Rural,Hombre,4,Primaria,Maya,Diario,Matutina,Promovido,Sí,No,15-04,1,2,1,2,1,1,1,1,1,2,15
2024,19-04-0037-43,Zacapa,1901,Público,Rural,Hombre,6,Primaria,Ladino/Mestizo,Diario,Matutina,Promovido,No,No,19-04,1,2,1,2,5,1,1,1,2,2,19
2024,19-07-0003-45,Zacapa,1901,Público,Urbana,Hombre,3,Básico,Ladino/Mestizo,Diario,Vespertina,Promovido,Sí,Ignorado,19-07,1,1,1,3,5,1,2,1,1,9,19
2024,15-05-0215-45,Baja Verapaz,1501,Cooperativa,Urbana,Mujer,1,Básico,Ladino/Mestizo,Diario,Vespertina,Promovido,No,No,15-05,4,1,2,3,5,1,2,1,2,2,15
2024,15-02-0058-46,Baja Verapaz,1501,Público,Urbana,Hombre,5,Diversificado,Maya,Diario,Matutina,Promovido,No,Sí,15-02,1,1,1,4,1,1,1,1,2,1,15
2024,02-05-0118-43,El Progreso,201,Público,Rural,Hombre,2,Primaria,Ladino/Mestizo,Diario,Matutina,Promovido,No,No,02-05,1,2,1,2,5,1,1,1,2,2,2
2024,02-03-0020-45,El Progreso,201,Público,Urbana,Mujer,3,Básico,Ladino/Mestizo,Diario,Matutina,Promovido,No,No,02-03,1,1,2,3,5,1,1,1,2,2,2
2024,02-07-0018-45,El Progreso,201,Público,Rural,Mujer,3,Básico,Ladino/Mestizo,Diario,Vespertina,Promovido,No,No,02-07,1,2,2,3,5,1,2,1,2,2,2
2024,02-02-0705-45,El Progreso,201,Público,Rural,Mujer,2,Básico,Ladino/Mestizo,Diario,Vespertina,Promovido,No,No,02-02,1,2,2,3,5,1,2,1,2,2,2
2024,19-10-0294-43,Zacapa,1901,Público,Urbana,Mujer,1,Primaria,Ladino/Mestizo,Diario,Matutina,No promovido,No,No,19-10,1,1,2,2,5,1,1,5,2,2,19
2024,15-01-1352-42,Baja Verapaz,1501,Público,Rural,Mujer,6,Preprimaria,Ladino/Mestizo,Diario,Matutina,Promovido,No,No,15-01,1,2,2,1,5,1,1,1,2,2,15
2024,15-01-0060-43,Baja Verapaz,1501,Público,Rural,Hombre,4,Primaria,Ladino/Mestizo,Diario,Matutina,Promovido,No,No,15-01,1,2,1,2,5,1,1,1,2,2,15
2024,15-01-0048-45,Baja Verapaz,1501,Público,Urbana,Mujer,2,Básico,Maya,Diario,Matutina,Promovido,No,No,15-01,1,1,2,3,1,1,1,1,2,2,15
2024,02-06-0018-46,El Progreso,201,Público,Rural,Mujer,6,Diversificado,Ladino/Mestizo,Diario,Vespertina,Promovido,No,Sí,02-06,1,2,2,4,5,1,2,1,2,1,2
2024,15-02-0037-43,Baja Verapaz,1501,Privado,Urbana,Hombre,3,Primaria,Maya,Diario,Matutina,Retirado,No,No,15-02,2,1,1,2,1,1,1,3,2,2,15
2024,15-01-1848-43,Baja Verapaz,1501,Privado,Urbana,Hombre,5,Primaria,Ladino/Mestizo,Diario,Matutina,Promovido,Sí,No,15-01,2,1,1,2,5,1,1,1,1,2,15
2024,19-01-0630-43,Zacapa,1901,Privado,Urbana,Hombre,4,Primaria,Ladino/Mestizo,Diario,Matutina,Promovido,No,No,19-01,2,1,1,2,5,1,1,1,2,2,19
2024,19-04-0824-45,Zacapa,1901,Público,Rural,Hombre,2,Básico,Ladino/Mestizo,Diario,Vespertina,Promovido,No,No,19-04,1,2,1,3,5,1,2,1,2,2,19
2024,15-08-0227-42,Baja Verapaz,1501,Público,Rural,Hombre,6,Preprimaria,Maya,Diario,Matutina,Promovido,No,No,15-08,1,2,1,1,1,1,1,1,2,2,15
2024,19-03-0357-43,Zacapa,1901,Público,Rural,Mujer,3,Primaria,Ladino/Mestizo,Diario,Matutina,Promovido,No,No,19-03,1,2,2,2,5,1,1,1,2,2,19
2024,15-04-0063-43,Baja Verapaz,1501,Público,Rural,Hombre,6,Primaria,Ladino/Mestizo,Diario,Matutina,Promovido,No,No,15-04,1,2,1,2,5,1,1,1,2,2,15
2024,15-03-0103-43,Baja Verapaz,1501,Público,Urbana,Mujer,1,Primaria,Maya,Diario,Matutina,Retirado,No,No,15-03,1,1,2,2,1,1,1,3,2,2,15
2024,02-07-0691-46,El Progreso,201,Privado,Urbana,Mujer,4,Diversificado,Ladino/Mestizo,Fin de semana,Doble,Promovido,No,No,02-07,2,1,2,4,5,2,4,1,2,2,2
2024,19-08-0256-43,Zacapa,1901,Público,Rural,Hombre,2,Primaria,Ladino/Mestizo,Diario,Matutina,Promovido,No,No,19-08,1,2,1,2,5,1,1,1,2,2,19
2024,19-04-0023-43,Zacapa,1901,Público,Rural,Hombre,1,Primaria,Ladino/Mestizo,Diario,Matutina,No promovido,Sí,No,19-04,1,2,1,2,5,1,1,5,1,2,19
2024,02-03-0738-45,El Progreso,201,Privado,Rural,Hombre,1,Básico,Ladino/Mestizo,Fin de semana,Doble,Promovido,No,No,02-03,2,2,1,3,5,2,4,1,2,2,2
2024,02-04-0004-46,El Progreso,201,Público,Urbana,Mujer,4,Diversificado,Ladino/Mestizo,Diario,Vespertina,Promovido,No,No,02-04,1,1,2,4,5,1,2,1,2,2,2
2024,02-03-0060-43,El Progreso,201,Público,Urbana,Hombre,1,Primaria,Ladino/Mestizo,Diario,Matutina,No promovido,No,No,02-03,1,1,1,2,5,1,1,5,2,2,2
2024,02-03-0821-45,El Progreso,201,Público,Rural,Hombre,1,Básico,Ladino/Mestizo,Diario,Matutina,Promovido,No,No,02-03,1,2,1,3,5,1,1,1,2,2,2
2024,19-04-0153-43,Zacapa,1901,Público,Rural,Hombre,1,Primaria,Ladino/Mestizo,Diario,Matutina,Promovido,No,No,19-04,1,2,1,2,5,1,1,1,2,2,19
2024,19-05-0207-43,Zacapa,1901,Público,Rural,Hombre,3,Primaria,Ladino/Mestizo,Diario,Matutina,Promovido,No,No,19-05,1,2,1,2,5,1,1,1,2,2,19
2024,15-02-0078-43,Baja Verapaz,1501,Público,Rural,Hombre,5,Primaria,Maya,Diario,Matutina,Promovido,No,No,15-02,1,2,1,2,1,1,1,1,2,2,15
2024,19-07-0672-45,Zacapa,1901,Cooperativa,Rural,Hombre,3,Básico,Ladino/Mestizo,Diario,Vespertina,Promovido,No,No,19-07,4,2,1,3,5,1,2,1,2,2,19
2024,02-08-0205-43,El Progreso,201,Público,Urbana,Mujer,5,Primaria,Ladino/Mestizo,Diario,Matutina,Promovido,No,No,02-08,1,1,2,2,5,1,1,1,2,2,2
2024,15-08-0292-43,Baja Verapaz,1501,Público,Rural,Mujer,2,Primaria,Maya,Diario,Matutina,Promovido,Sí,No,15-08,1,2,2,2,1,1,1,1,1,2,15
2024,15-02-1764-42,Baja Verapaz,1501,Público,Urbana,Mujer,3,Preprimaria,Maya,Diario,Matutina,Promovido,No,No,15-02,1,1,2,1,1,1,1,1,2,2,15
2024,19-02-0022-45,Zacapa,1901,Privado,Urbana,Hombre,3,Básico,Ladino/Mestizo,Diario,Vespertina,Promovido,Sí,No,19-02,2,1,1,3,5,1,2,1,1,2,19
2024,19-01-0202-46,Zacapa,1901,Privado,Urbana,Hombre,4,Diversificado,Ladino/Mestizo,Diario,Matutina,Promovido,No,No,19-01,2,1,1,4,5,1,1,1,2,2,19
2024,15-01-0103-45,Baja Verapaz,1501,Público,Rural,Hombre,3,Básico,Ladino/Mestizo,Diario,Vespertina,Promovido,No,No,15-01,1,2,1,3,5,1,2,1,2,2,15
2024,15-04-0327-43,Baja Verapaz,1501,Público,Rural,Hombre,5,Primaria,Maya,Diario,Matutina,Promovido,No,No,15-04,1,2,1,2,1,1,1,1,2,2,15
2024,19-04-0142-43,Zacapa,1901,Público,Rural,Mujer,5,Primaria,Ladino/Mestizo,Diario,Matutina,Promovido,No,No,19-04,1,2,2,2,5,1,1,1,2,2,19
2024,02-07-0235-42,El Progreso,201,Público,Rural,Hombre,6,Preprimaria,Ladino/Mestizo,Diario,Matutina,Promovido,No,No,02-07,1,2,1,1,5,1,1,1,2,2,2
2024,19-01-0033-43,Zacapa,1901,Público,Rural,Mujer,4,Primaria,Ladino/Mestizo,Diario,Matutina,Promovido,No,No,19-01,1,2,2,2,5,1,1,1,2,2,19
2024,19-08-0246-43,Zacapa,1901,Público,Urbana,Hombre,4,Primaria,Ladino/Mestizo,Diario,Matutina,Promovido,No,No,19-08,1,1,1,2,5,1,1,1,2,2,19
2024,02-01-0006-43,El Progreso,201,Público,Rural,Mujer,5,Primaria,Ladino/Mestizo,Diario,Matutina,Promovido,No,No,02-01,1,2,2,2,5,1,1,1,2,2,2
2024,15-04-1216-43,Baja Verapaz,1501,Público,Rural,Mujer,6,Primaria,Ladino/Mestizo,Diario,Matutina,Promovido,No,No,15-04,1,2,2,2,5,1,1,1,2,2,15
2024,02-03-0087-43,El Progreso,201,Privado,Rural,Mujer,3,Primaria,Ladino/Mestizo,Diario,Matutina,Promovido,No,No,02-03,2,2,2,2,5,1,1,1,2,2,2
2024,15-08-0292-43,Baja Verapaz,1501,Público,Rural,Hombre,2,Primaria,Maya,Diario,Matutina,Retirado,No,No,15-08,1,2,1,2,1,1,1,3,2,2,15
2024,19-07-0775-43,Zacapa,1901,Público,Urbana,Mujer,4,Primaria,Ladino/Mestizo,Diario,Vespertina,Promovido,No,No,19-07,1,1,2,2,5,1,2,1,2,2,19
2024,02-08-0208-43,El Progreso,201,Público,Rural,Hombre,1,Primaria,Ladino/Mestizo,Diario,Matutina,Promovido,No,No,02-08,1,2,1,2,5,1,1,1,2,2,2
2024,02-03-0060-43,El Progreso,201,Público,Urbana,Hombre,5,Primaria,Ladino/Mestizo,Diario,Matutina,Promovido,No,Ignorado,02-03,1,1,1,2,5,1,1,1,2,9,2
2024,02-04-0675-43,El Progreso,201,Público,Rural,Hombre,5,Primaria,Ladino/Mestizo,Diario,Matutina,No promovido,No,No,02-04,1,2,1,2,5,1,1,5,2,2,2
2024,15-08-0046-43,Baja Verapaz,1501,Público,Rural,Mujer,1,Primaria,Maya,Diario,Matutina,Promovido,No,No,15-08,1,2,2,2,1,1,1,1,2,2,15
2024,19-02-0912-43,Zacapa,1901,Público,Urbana,Mujer,2,Primaria,Ladino/Mestizo,Diario,Matutina,No promovido,Sí,No,19-02,1,1,2,2,5,1,1,5,1,2,19
2024,15-03-0074-45,Baja Verapaz,1501,Público,Urbana,Mujer,2,Básico,Maya,Diario,Vespertina,No promovido,No,No,15-03,1,1,2,3,1,1,2,5,2,2,15
2024,19-09-1256-42,Zacapa,1901,Público,Rural,Mujer,4,Preprimaria,Ladino/Mestizo,Diario,Matutina,Promovido,No,No,19-09,1,2,2,1,5,1,1,1,2,2,19
2024,19-03-0128-45,Zacapa,1901,Cooperativa,Rural,Hombre,2,Básico,Ladino/Mestizo,Diario,Vespertina,Promovido,No,Ignorado,19-03,4,2,1,3,5,1,2,1,2,9,19
2024,15-08-0091-43,Baja Verapaz,1501,Público,Rural,Hombre,2,Primaria,Ladino/Mestizo,Diario,Matutina,Promovido,No,No,15-08,1,2,1,2,5,1,1,1,2,2,15
2024,02-01-0026-45,El Progreso,201,Público,Urbana,Mujer,2,Básico,Ladino/Mestizo,Diario,Matutina,Promovido,No,No,02-01,1,1,2,3,5,1,1,1,2,2,2
2024,02-03-0088-43,El Progreso,201,Público,Rural,Mujer,3,Primaria,Ladino/Mestizo,Diario,Matutina,Promovido,No,No,02-03,1,2,2,2,5,1,1,1,2,2,2
2024,15-02-0070-43,Baja Verapaz,1501,Público,Urbana,Hombre,1,Primaria,Maya,Diario,Matutina,Promovido,No,No,15-02,1,1,1,2,1,1,1,1,2,2,15
2024,19-10-0294-43,Zacapa,1901,Público,Urbana,Mujer,2,Primaria,Ladino/Mestizo,Diario,Matutina,Promovido,No,No,19-10,1,1,2,2,5,1,1,1,2,2,19
2024,02-04-0001-43,El Progreso,201,Público,Rural,Hombre,2,Primaria,Ladino/Mestizo,Diario,Matutina,No promovido,No,No,02-04,1,2,1,2,5,1,1,5,2,2,2
2024,15-01-0050-45,Baja Verapaz,1501,Público,Urbana,Hombre,1,Básico,Ladino/Mestizo,Diario,Matutina,Retirado,No,No,15-01,1,1,1,3,5,1,1,3,2,2,15
2024,15-08-0267-41,Baja Verapaz,1501,Público,Rural,Hombre,6,Preprimaria,Maya,Diario,Matutina,Promovido,No,No,15-08,1,2,1,1,1,1,1,1,2,2,15
2024,19-01-1016-42,Zacapa,1901,Público,Rural,Mujer,4,Preprimaria,Ladino/Mestizo,Diario,Matutina,Promovido,No,No,19-01,1,2,2,1,5,1,1,1,2,2,19
2024,15-08-0073-43,Baja Verapaz,1501,Público,Rural,Mujer,5,Primaria,Maya,Diario,Matutina,No promovido,No,No,15-08,1,2,2,2,1,1,1,5,2,2,15
2024,19-01-0395-45,Zacapa,1901,Privado,Urbana,Hombre,1,Básico,Ladino/Mestizo,Diario,Vespertina,Retirado,No,No,19-01,2,1,1,3,5,1,2,3,2,2,19
2024,15-03-2046-45,Baja Verapaz,1501,Privado,Urbana,Mujer,3,Básico,Ladino/Mestizo,Diario,Matutina,Promovido,Sí,No,15-03,2,1,2,3,5,1,1,1,1,2,15
2024,15-02-0361-45,Baja Verapaz,1501,Cooperativa,Rural,Mujer,2,Básico,Ladino/Mestizo,Diario,Vespertina,Promovido,No,No,15-02,4,2,2,3,5,1,2,1,2,2,15
2024,15-03-0132-45,Baja Verapaz,1501,Público,Urbana,Mujer,3,Básico,Ladino/Mestizo,Diario,Matutina,Promovido,No,No,15-03,1,1,2,3,5,1,1,1,2,2,15
2024,15-05-0036-43,Baja Verapaz,1501,Público,Rural,Hombre,4,Primaria,Ladino/Mestizo,Diario,Matutina,Promovido,No,No,15-05,1,2,1,2,5,1,1,1,2,2,15
2024,19-01-0332-46,Zacapa,1901,Privado,Urbana,Hombre,4,Diversificado,Ladino/Mestizo,Diario,Doble,Promovido,No,Ignorado,19-01,2,1,1,4,5,1,4,1,2,9,19
2024,02-07-0180-43,El Progreso,201,Público,Rural,Hombre,4,Primaria,Ladino/Mestizo,Diario,Matutina,Promovido,No,No,02-07,1,2,1,2,5,1,1,1,2,2,2
2024,15-08-0208-45,Baja Verapaz,1501,Público,Urbana,Mujer,1,Básico,Maya,Diario,Matutina,Promovido,No,No,15-08,1,1,2,3,1,1,1,1,2,2,15
2024,19-03-0116-43,Zacapa,1901,Público,Rural,Hombre,1,Primaria,Ladino/Mestizo,Diario,Matutina,Promovido,No,No,19-03,1,2,1,2,5,1,1,1,2,2,19
2024,02-03-0060-43,El Progreso,201,Público,Urbana,Hombre,1,Primaria,Ladino/Mestizo,Diario,Matutina,Promovido,No,No,02-03,1,1,1,2,5,1,1,1,2,2,2
2024,15-03-0678-43,Baja Verapaz,1501,Público,Rural,Mujer,2,Primaria,Ladino/Mestizo,Diario,Matutina,No promovido,No,No,15-03,1,2,2,2,5,1,1,5,2,2,15
2024,19-01-0317-43,Zacapa,1901,Público,Rural,Hombre,3,Primaria,Ladino/Mestizo,Diario,Matutina,No promovido,Sí,No,19-01,1,2,1,2,5,1,1,5,1,2,19
2024,02-03-0063-43,El Progreso,201,Público,Rural,Mujer,5,Primaria,Ladino/Mestizo,Diario,Matutina,Promovido,No,No,02-03,1,2,2,2,5,1,1,1,2,2,2
2024,02-01-0704-46,El Progreso,201,Público,Urbana,Mujer,6,Diversificado,Ladino/Mestizo,Diario,Doble,Promovido,No,Sí,02-01,1,1,2,4,5,1,4,1,2,1,2
2024,15-01-0111-46,Baja Verapaz,1501,Privado,Urbana,Mujer,5,Diversificado,Ladino/Mestizo,Diario,Doble,Promovido,No,Ignorado,15-01,2,1,2,4,5,1,4,1,2,9,15
2024,19-01-0355-45,Zacapa,1901,Público,Urbana,Mujer,1,Básico,Ladino/Mestizo,Diario,Vespertina,Promovido,No,No,19-01,1,1,2,3,5,1,2,1,2,2,19
2024,15-08-0042-43,Baja Verapaz,1501,Público,Rural,Mujer,5,Primaria,Maya,Diario,Matutina,Promovido,No,No,15-08,1,2,2,2,1,1,1,1,2,2,15
2024,19-02-0087-42,Zacapa,1901,Público,Urbana,Hombre,6,Preprimaria,Ladino/Mestizo,Diario,Matutina,Promovido,No,No,19-02,1,1,1,1,5,1,1,1,2,2,19
2024,15-04-1856-42,Baja Verapaz,1501,Público,Rural,Hombre,6,Preprimaria,Maya,Diario,Matutina,Promovido,No,No,15-04,1,2,1,1,1,1,1,1,2,2,15
2024,15-01-1849-45,Baja Verapaz,1501,Privado,Urbana,Mujer,2,Básico,Ladino/Mestizo,Diario,Matutina,Retirado,No,No,15-01,2,1,2,3,5,1,1,3,2,2,15
2024,19-09-1199-42,Zacapa,1901,Público,Rural,Mujer,6,Preprimaria,Ladino/Mestizo,Diario,Matutina,Promovido,No,No,19-09,1,2,2,1,5,1,1,1,2,2,19
2024,02-01-0028-46,El Progreso,201,Privado,Urbana,Mujer,5,Diversificado,Ladino/Mestizo,Diario,Matutina,Promovido,Sí,Sí,02-01,2,1,2,4,5,1,1,1,1,1,2
2024,02-08-0219-43,El Progreso,201,Público,Rural,Hombre,2,Primaria,Ladino/Mestizo,Diario,Matutina,Promovido,No,No,02-08,1,2,1,2,5,1,1,1,2,2,2
2024,15-07-0241-43,Baja Verapaz,1501,Público,Rural,Mujer,6,Primaria,Ladino/Mestizo,Diario,Matutina,Promovido,No,No,15-07,1,2,2,2,5,1,1,1,2,2,15
2024,15-04-0207-42,Baja Verapaz,1501,Público,Rural,Hombre,4,Preprimaria,Maya,Diario,Matutina,Promovido,No,No,15-04,1,2,1,1,1,1,1,1,2,2,15
2024,15-08-0158-42,Baja Verapaz,1501,Público,Rural,Hombre,5,Preprimaria,Maya,Diario,Matutina,Promovido,No,No,15-08,1,2,1,1,1,1,1,1,2,2,15
2024,15-08-0099-43,Baja Verapaz,1501,Público,Rural,Mujer,5,Primaria,Maya,Diario,Matutina,Promovido,No,No,15-08,1,2,2,2,1,1,1,1,2,2,15
2024,02-07-0182-43,El Progreso,201,Público,Rural,Mujer,2,Primaria,Ladino/Mestizo,Diario,Matutina,Promovido,No,No,02-07,1,2,2,2,5,1,1,1,2,2,2
2024,15-08-0100-43,Baja Verapaz,1501,Público,Rural,Hombre,5,Primaria,Maya,Diario,Matutina,Promovido,No,No,15-08,1,2,1,2,1,1,1,1,2,2,15
2024,15-03-0125-43,Baja Verapaz,1501,Público,Rural,Hombre,3,Primaria,Maya,Diario,Matutina,Promovido,No,No,15-03,1,2,1,2,1,1,1,1,2,2,15
2024,15-01-0009-43,Baja Verapaz,1501,Privado,Urbana,Hombre,5,Primaria,Ladino/Mestizo,Diario,Matutina,Promovido,No,No,15-01,2,1,1,2,5,1,1,1,2,2,15
2024,02-03-0288-45,El Progreso,201,Cooperativa,Rural,Hombre,1,Básico,Ladino/Mestizo,Diario,Vespertina,Promovido,No,No,02-03,4,2,1,3,5,1,2,1,2,2,2
2024,15-04-0670-46,Baja Verapaz,1501,Privado,Urbana,Hombre,4,Diversificado,Ladino/Mestizo,Diario,Vespertina,Promovido,No,Ignorado,15-04,2,1,1,4,5,1,2,1,2,9,15
2024,02-07-0009-46,El Progreso,201,Público,Rural,Hombre,4,Diversificado,Ladino/Mestizo,Diario,Vespertina,Promovido,No,No,02-07,1,2,1,4,5,1,2,1,2,2,2
2024,02-07-0197-43,El Progreso,201,Privado,Rural,Mujer,2,Primaria,Ladino/Mestizo,Diario,Doble,Promovido,No,No,02-07,2,2,2,2,5,1,4,1,2,2,2
2024,19-04-0030-45,Zacapa,1901,Público,Rural,Hombre,3,Básico,Ladino/Mestizo,Diario,Vespertina,Promovido,No,No,19-04,1,2,1,3,5,1,2,1,2,2,19
2024,02-03-0060-43,El Progreso,201,Público,Urbana,Hombre,2,Primaria,Ladino/Mestizo,Diario,Matutina,Promovido,No,No,02-03,1,1,1,2,5,1,1,1,2,2,2
2024,15-03-1745-41,Baja Verapaz,1501,Público,Rural,Hombre,4,Preprimaria,Ladino/Mestizo,Diario,Matutina,Promovido,No,No,15-03,1,2,1,1,5,1,1,1,2,2,15
2024,02-03-0458-43,El Progreso,201,Público,Rural,Hombre,1,Primaria,Ladino/Mestizo,Diario,Matutina,Retirado,No,No,02-03,1,2,1,2,5,1,1,3,2,2,2
2024,19-09-1022-42,Zacapa,1901,Público,Urbana,Mujer,3,Preprimaria,Ladino/Mestizo,Diario,Doble,Retirado,No,No,19-09,1,1,2,1,5,1,4,3,2,2,19
2024,15-05-2153-46,Baja Verapaz,1501,Privado,Urbana,Mujer,4,Diversificado,Ladino/Mestizo,Diario,Vespertina,Promovido,No,No,15-05,2,1,2,4,5,1,2,1,2,2,15
2024,02-03-0033-42,El Progreso,201,Público,Rural,Hombre,4,Preprimaria,Ladino/Mestizo,Diario,Matutina,Promovido,No,No,02-03,1,2,1,1,5,1,1,1,2,2,2
2024,19-01-0076-45,Zacapa,1901,Cooperativa,Rural,Hombre,2,Básico,Ladino/Mestizo,Diario,Vespertina,Promovido,No,No,19-01,4,2,1,3,5,1,2,1,2,2,19
2024,15-03-0039-43,Baja Verapaz,1501,Privado,Urbana,Mujer,4,Primaria,Ladino/Mestizo,Diario,Matutina,Retirado,No,No,15-03,2,1,2,2,5,1,1,3,2,2,15
2024,02-01-0012-43,El Progreso,201,Público,Rural,Mujer,6,Primaria,Ladino/Mestizo,Diario,Matutina,Retirado,No,No,02-01,1,2,2,2,5,1,1,3,2,2,2
2024,15-02-0079-43,Baja Verapaz,1501,Público,Rural,Mujer,2,Primaria,Maya,Diario,Matutina,Promovido,No,No,15-02,1,2,2,2,1,1,1,1,2,2,15
2024,15-03-0103-43,Baja Verapaz,1501,Público,Urbana,Mujer,2,Primaria,Maya,Diario,Matutina,Promovido,No,No,15-03,1,1,2,2,1,1,1,1,2,2,15
2024,15-07-0242-43,Baja Verapaz,1501,Público,Rural,Hombre,2,Primaria,Ladino/Mestizo,Diario,Matutina,Promovido,No,No,15-07,1,2,1,2,5,1,1,1,2,2,15
2024,19-04-0615-42,Zacapa,1901,Público,Rural,Hombre,3,Preprimaria,Ladino/Mestizo,Diario,Matutina,Promovido,No,No,19-04,1,2,1,1,5,1,1,1,2,2,19
2024,19-01-0149-46,Zacapa,1901,Privado,Urbana,Mujer,5,Diversificado,Ladino/Mestizo,Diario,Matutina,Promovido,No,Sí,19-01,2,1,2,4,5,1,1,1,2,1,19
2024,15-05-0004-43,Baja Verapaz,1501,Público,Rural,Hombre,6,Primaria,Ladino/Mestizo,Diario,Matutina,Promovido,No,No,15-05,1,2,1,2,5,1,1,1,2,2,15
2024,19-01-0332-46,Zacapa,1901,Privado,Urbana,Hombre,6,Diversificado,Ladino/Mestizo,Diario,Doble,Promovido,No,Sí,19-01,2,1,1,4,5,1,4,1,2,1,19
2024,15-02-0033-42,Baja Verapaz,1501,Público,Rural,Mujer,3,Preprimaria,Maya,Diario,Matutina,Promovido,No,No,15-02,1,2,2,1,1,1,1,1,2,2,15
2024,15-02-0032-42,Baja Verapaz,1501,Público,Rural,Mujer,0,Preprimaria,Maya,Diario,Matutina,Promovido,No,No,15-02,1,2,2,1,1,1,1,1,2,2,15
2024,19-05-0021-45,Zacapa,1901,Público,Rural,Hombre,1,Básico,Ladino/Mestizo,Diario,Matutina,No promovido,Sí,No,19-05,1,2,1,3,5,1,1,5,1,2,19
2024,15-01-1964-43,Baja Verapaz,1501,Público,Rural,Mujer,3,Primaria,Ladino/Mestizo,Diario,Vespertina,Promovido,No,No,15-01,1,2,2,2,5,1,2,1,2,2,15
2024,15-03-0126-43,Baja Verapaz,1501,Público,Rural,Mujer,3,Primaria,Ladino/Mestizo,Diario,Matutina,Promovido,No,No,15-03,1,2,2,2,5,1,1,1,2,2,15
2024,19-01-0069-43,Zacapa,1901,Público,Rural,Hombre,5,Primaria,Ladino/Mestizo,Diario,Matutina,Retirado,No,No,19-01,1,2,1,2,5,1,1,3,2,2,19
2024,19-07-0244-45,Zacapa,1901,Público,Urbana,Hombre,1,Básico,Ladino/Mestizo,Diario,Matutina,Promovido,No,No,19-07,1,1,1,3,5,1,1,1,2,2,19
2024,19-05-0037-45,Zacapa,1901,Privado,Urbana,Hombre,2,Básico,Ladino/Mestizo,Diario,Matutina,Promovido,No,No,19-05,2,1,1,3,5,1,1,1,2,2,19
2024,19-01-0030-43,Zacapa,1901,Público,Rural,Hombre,1,Primaria,Ladino/Mestizo,Diario,Matutina,Promovido,No,No,19-01,1,2,1,2,5,1,1,1,2,2,19
2024,02-03-0024-45,El Progreso,201,Público,Rural,Mujer,3,Básico,Ladino/Mestizo,Diario,Matutina,Promovido,No,No,02-03,1,2,2,3,5,1,1,1,2,2,2
2024,19-07-0228-43,Zacapa,1901,Público,Urbana,Mujer,6,Primaria,Ladino/Mestizo,Diario,Matutina,Promovido,No,No,19-07,1,1,2,2,5,1,1,1,2,2,19
2024,19-05-0038-46,Zacapa,1901,Privado,Urbana,Mujer,5,Diversificado,Ladino/Mestizo,Diario,Matutina,Promovido,No,Sí,19-05,2,1,2,4,5,1,1,1,2,1,19
2024,19-01-0013-43,Zacapa,1901,Público,Urbana,Hombre,6,Primaria,Ladino/Mestizo,Diario,Matutina,Promovido,No,No,19-01,1,1,1,2,5,1,1,1,2,2,19
2024,15-07-0238-43,Baja Verapaz,1501,Público,Rural,Mujer,1,Primaria,Ladino/Mestizo,Diario,Matutina,Promovido,No,No,15-07,1,2,2,2,5,1,1,1,2,2,15
2024,19-09-0045-43,Zacapa,1901,Público,Rural,Hombre,3,Primaria,Ladino/Mestizo,Diario,Matutina,Promovido,No,No,19-09,1,2,1,2,5,1,1,1,2,2,19
2024,15-08-0288-43,Baja Verapaz,1501,Público,Rural,Mujer,4,Primaria,Maya,Diario,Matutina,Promovido,No,No,15-08,1,2,2,2,1,1,1,1,2,2,15
2024,15-08-0063-43,Baja Verapaz,1501,Público,Rural,Hombre,6,Primaria,Maya,Diario,Matutina,Promovido,No,No,15-08,1,2,1,2,1,1,1,1,2,2,15
2024,19-01-0092-42,Zacapa,1901,Público,Rural,Hombre,5,Preprimaria,Ladino/Mestizo,Diario,Matutina,Promovido,No,No,19-01,1,2,1,1,5,1,1,1,2,2,19
2024,02-07-0699-46,El Progreso,201,Privado,Urbana,Hombre,4,Diversificado,Ladino/Mestizo,Diario,Doble,Promovido,No,No,02-07,2,1,1,4,5,1,4,1,2,2,2
2024,02-02-0041-43,El Progreso,201,Público,Rural,Mujer,2,Primaria,Ladino/Mestizo,Diario,Matutina,Promovido,No,No,02-02,1,2,2,2,5,1,1,1,2,2,2
2024,19-10-0302-43,Zacapa,1901,Público,Rural,Mujer,5,Primaria,Maya,Diario,Matutina,Promovido,No,No,19-10,1,2,2,2,1,1,1,1,2,2,19
2024,15-02-1731-42,Baja Verapaz,1501,Público,Rural,Mujer,5,Preprimaria,Maya,Diario,Matutina,Promovido,No,No,15-02,1,2,2,1,1,1,1,1,2,2,15
2024,15-08-0133-42,Baja Verapaz,1501,Público,Rural,Hombre,5,Preprimaria,Maya,Diario,Matutina,Promovido,No,No,15-08,1,2,1,1,1,1,1,1,2,2,15
2024,15-03-0118-43,Baja Verapaz,1501,Público,Rural,Hombre,5,Primaria,Ladino/Mestizo,Diario,Matutina,Retirado,No,No,15-03,1,2,1,2,5,1,1,3,2,2,15
2024,02-07-0174-43,El Progreso,201,Público,Rural,Mujer,1,Primaria,Ladino/Mestizo,Diario,Matutina,Promovido,No,No,02-07,1,2,2,2,5,1,1,1,2,2,2
2024,19-03-0116-43,Zacapa,1901,Público,Rural,Hombre,1,Primaria,Ladino/Mestizo,Diario,Matutina,Promovido,No,No,19-03,1,2,1,2,5,1,1,1,2,2,19
2024,19-04-0590-42,Zacapa,1901,Público,Rural,Hombre,4,Preprimaria,Ladino/Mestizo,Diario,Matutina,Promovido,No,No,19-04,1,2,1,1,5,1,1,1,2,2,19
2024,19-02-0089-43,Zacapa,1901,Público,Urbana,Hombre,6,Primaria,Ladino/Mestizo,Diario,Matutina,Promovido,No,No,19-02,1,1,1,2,5,1,1,1,2,2,19
2024,19-10-0676-42,Zacapa,1901,Público,Rural,Hombre,6,Preprimaria,Ladino/Mestizo,Diario,Matutina,Promovido,No,No,19-10,1,2,1,1,5,1,1,1,2,2,19
2024,15-01-1337-42,Baja Verapaz,1501,Público,Rural,Mujer,6,Preprimaria,Ladino/Mestizo,Diario,Matutina,Promovido,No,No,15-01,1,2,2,1,5,1,1,1,2,2,15
2024,19-04-0028-45,Zacapa,1901,Público,Rural,Mujer,2,Básico,Ladino/Mestizo,Diario,Vespertina,Promovido,No,No,19-04,1,2,2,3,5,1,2,1,2,2,19
2024,15-07-0664-42,Baja Verapaz,1501,Público,Rural,Hombre,2,Preprimaria,Ladino/Mestizo,Diario,Matutina,Promovido,No,No,15-07,1,2,1,1,5,1,1,1,2,2,15
2024,15-01-0003-42,Baja Verapaz,1501,Público,Urbana,Mujer,5,Preprimaria,Ladino/Mestizo,Diario,Matutina,Promovido,No,No,15-01,1,1,2,1,5,1,1,1,2,2,15
2024,19-05-0207-43,Zacapa,1901,Público,Rural,Mujer,4,Primaria,Ladino/Mestizo,Diario,Matutina,Promovido,No,No,19-05,1,2,2,2,5,1,1,1,2,2,19
2024,02-03-0067-43,El Progreso,201,Público,Rural,Hombre,2,Primaria,Ladino/Mestizo,Diario,Matutina,Promovido,Sí,No,02-03,1,2,1,2,5,1,1,1,1,2,2
2024,15-07-1161-43,Baja Verapaz,1501,Público,Rural,Hombre,3,Primaria,Ladino/Mestizo,Diario,Matutina,Promovido,No,No,15-07,1,2,1,2,5,1,1,1,2,2,15
2024,15-02-0013-43,Baja Verapaz,1501,Público,Urbana,Mujer,5,Primaria,Ladino/Mestizo,Diario,Matutina,Retirado,No,No,15-02,1,1,2,2,5,1,1,3,2,2,15
2024,02-02-0591-45,El Progreso,201,Público,Rural,Hombre,1,Básico,Ladino/Mestizo,Diario,Vespertina,Retirado,No,No,02-02,1,2,1,3,5,1,2,3,2,2,2
2024,15-08-0208-45,Baja Verapaz,1501,Público,Urbana,Hombre,2,Básico,Ladino/Mestizo,Diario,Matutina,Promovido,No,No,15-08,1,1,1,3,5,1,1,1,2,2,15
2024,15-03-0124-43,Baja Verapaz,1501,Público,Rural,Hombre,5,Primaria,Maya,Diario,Matutina,Promovido,No,No,15-03,1,2,1,2,1,1,1,1,2,2,15
2024,15-01-0106-45,Baja Verapaz,1501,Público,Rural,Hombre,2,Básico,Ladino/Mestizo,Diario,Vespertina,Promovido,No,No,15-01,1,2,1,3,5,1,2,1,2,2,15
2024,15-08-0273-42,Baja Verapaz,1501,Público,Urbana,Hombre,4,Preprimaria,Ladino/Mestizo,Diario,Matutina,Promovido,No,No,15-08,1,1,1,1,5,1,1,1,2,2,15
2024,15-01-2021-43,Baja Verapaz,1501,Privado,Urbana,Hombre,3,Primaria,Ladino/Mestizo,Diario,Matutina,Promovido,No,No,15-01,2,1,1,2,5,1,1,1,2,2,15
2024,02-05-0115-43,El Progreso,201,Público,Urbana,Hombre,6,Primaria,Ladino/Mestizo,Diario,Matutina,Promovido,No,No,02-05,1,1,1,2,5,1,1,1,2,2,2
2024,19-06-0685-42,Zacapa,1901,Público,Rural,Mujer,6,Preprimaria,Ladino/Mestizo,Diario,Matutina,Promovido,No,No,19-06,1,2,2,1,5,1,1,1,2,2,19
2024,15-06-1627-43,Baja Verapaz,1501,Público,Rural,Mujer,3,Primaria,Ladino/Mestizo,Diario,Matutina,Promovido,No,No,15-06,1,2,2,2,5,1,1,1,2,2,15
2024,15-08-0090-43,Baja Verapaz,1501,Público,Rural,Hombre,4,Primaria,Maya,Diario,Matutina,Promovido,No,No,15-08,1,2,1,2,1,1,1,1,2,2,15
2024,15-04-0327-43,Baja Verapaz,1501,Público,Rural,Hombre,3,Primaria,Maya,Diario,Matutina,Promovido,No,No,15-04,1,2,1,2,1,1,1,1,2,2,15
2024,19-04-0012-43,Zacapa,1901,Público,Rural,Mujer,5,Primaria,Ladino/Mestizo,Diario,Matutina,Promovido,No,No,19-04,1,2,2,2,5,1,1,1,2,2,19
2024,19-01-0120-45,Zacapa,1901,Público,Rural,Mujer,1,Básico,Ladino/Mestizo,Diario,Vespertina,No promovido,No,No,19-01,1,2,2,3,5,1,2,5,2,2,19
2024,15-03-2207-42,Baja Verapaz,1501,Público,Rural,Hombre,4,Preprimaria,Maya,Diario,Matutina,Retirado,No,No,15-03,1,2,1,1,1,1,1,3,2,2,15
2024,19-04-0172-43,Zacapa,1901,Público,Rural,Hombre,4,Primaria,Ladino/Mestizo,Diario,Matutina,Retirado,No,No,19-04,1,2,1,2,5,1,1,3,2,2,19
2024,15-04-0178-43,Baja Verapaz,1501,Público,Rural,Hombre,6,Primaria,Maya,Diario,Matutina,Promovido,No,No,15-04,1,2,1,2,1,1,1,1,2,2,15
2024,15-03-0107-43,Baja Verapaz,1501,Público,Rural,Mujer,1,Primaria,Maya,Diario,Matutina,Promovido,No,No,15-03,1,2,2,2,1,1,1,1,2,2,15
2024,15-08-0046-43,Baja Verapaz,1501,Público,Rural,Mujer,6,Primaria,Maya,Diario,Matutina,Promovido,No,No,15-08,1,2,2,2,1,1,1,1,2,2,15
2024,15-02-0144-45,Baja Verapaz,1501,Público,Rural,Hombre,1,Básico,Maya,Diario,Matutina,Vigente,No,No,15-02,1,2,1,3,1,1,1,2,2,2,15
2024,19-03-0115-43,Zacapa,1901,Público,Rural,Mujer,4,Primaria,Ladino/Mestizo,Diario,Matutina,Promovido,No,No,19-03,1,2,2,2,5,1,1,1,2,2,19
2024,15-03-0130-43,Baja Verapaz,1501,Público,Rural,Mujer,2,Primaria,Maya,Diario,Matutina,Promovido,No,No,15-03,1,2,2,2,1,1,1,1,2,2,15
2024,19-11-0019-45,Zacapa,1901,Cooperativa,Urbana,Hombre,2,Básico,Ladino/Mestizo,Diario,Vespertina,Promovido,No,No,19-11,4,1,1,3,5,1,2,1,2,2,19
2024,15-01-0008-43,Baja Verapaz,1501,Público,Urbana,Mujer,6,Primaria,Ladino/Mestizo,Diario,Matutina,Promovido,No,No,15-01,1,1,2,2,5,1,1,1,2,2,15
2024,02-05-0115-43,El Progreso,201,Público,Urbana,Hombre,5,Primaria,Ladino/Mestizo,Diario,Matutina,Promovido,No,No,02-05,1,1,1,2,5,1,1,1,2,2,2
2024,19-03-0113-43,Zacapa,1901,Público,Rural,Hombre,3,Primaria,Ladino/Mestizo,Diario,Matutina,Promovido,No,No,19-03,1,2,1,2,5,1,1,1,2,2,19
2024,15-04-1215-43,Baja Verapaz,1501,Público,Rural,Hombre,5,Primaria,Maya,Diario,Matutina,Promovido,No,No,15-04,1,2,1,2,1,1,1,1,2,2,15
2024,15-02-0119-46,Baja Verapaz,1501,Privado,Rural,Hombre,5,Diversificado,Maya,Fin de semana,Doble,Promovido,Sí,Sí,15-02,2,2,1,4,1,2,4,1,1,1,15
2024,15-07-0010-43,Baja Verapaz,1501,Público,Rural,Mujer,2,Primaria,Maya,Diario,Matutina,Promovido,No,No,15-07,1,2,2,2,1,1,1,1,2,2,15
2024,19-01-0025-42,Zacapa,1901,Público,Rural,Hombre,5,Preprimaria,Ladino/Mestizo,Diario,Matutina,Promovido,No,No,19-01,1,2,1,1,5,1,1,1,2,2,19
2024,15-06-0002-43,Baja Verapaz,1501,Público,Rural,Mujer,1,Primaria,Ladino/Mestizo,Diario,Matutina,Promovido,No,No,15-06,1,2,2,2,5,1,1,1,2,2,15
2024,15-02-0076-43,Baja Verapaz,1501,Público,Rural,Mujer,4,Primaria,Maya,Diario,Matutina,Promovido,No,No,15-02,1,2,2,2,1,1,1,1,2,2,15
2024,19-04-0035-42,Zacapa,1901,Público,Rural,Hombre,5,Preprimaria,Ladino/Mestizo,Diario,Matutina,Promovido,No,No,19-04,1,2,1,1,5,1,1,1,2,2,19
2024,19-09-0285-43,Zacapa,1901,Público,Rural,Hombre,6,Primaria,Ladino/Mestizo,Diario,Matutina,Promovido,No,No,19-09,1,2,1,2,5,1,1,1,2,2,19
2024,19-03-0128-45,Zacapa,1901,Cooperativa,Rural,Mujer,3,Básico,Ladino/Mestizo,Diario,Vespertina,Promovido,No,No,19-03,4,2,2,3,5,1,2,1,2,2,19
2024,19-01-0387-42,Zacapa,1901,Público,Urbana,Mujer,4,Preprimaria,Ladino/Mestizo,Diario,Matutina,Promovido,No,No,19-01,1,1,2,1,5,1,1,1,2,2,19
2024,02-07-0512-43,El Progreso,201,Público,Rural,Mujer,5,Primaria,Ladino/Mestizo,Diario,Vespertina,Promovido,No,No,02-07,1,2,2,2,5,1,2,1,2,2,2
2024,15-08-0048-43,Baja Verapaz,1501,Público,Rural,Mujer,1,Primaria,Maya,Diario,Matutina,Promovido,No,No,15-08,1,2,2,2,1,1,1,1,2,2,15
2024,15-04-0139-43,Baja Verapaz,1501,Público,Rural,Mujer,4,Primaria,Ladino/Mestizo,Diario,Matutina,Promovido,No,No,15-04,1,2,2,2,5,1,1,1,2,2,15
2024,15-01-0009-43,Baja Verapaz,1501,Privado,Urbana,Hombre,3,Primaria,Ladino/Mestizo,Diario,Matutina,Promovido,No,No,15-01,2,1,1,2,5,1,1,1,2,2,15
2024,15-01-1849-45,Baja Verapaz,1501,Privado,Urbana,Hombre,1,Básico,Maya,Diario,Matutina,Promovido,Sí,Ignorado,15-01,2,1,1,3,1,1,1,1,1,9,15
2024,15-01-0037-43,Baja Verapaz,1501,Público,Rural,Mujer,5,Primaria,Maya,Diario,Matutina,Promovido,No,No,15-01,1,2,2,2,1,1,1,1,2,2,15
2024,19-11-0019-45,Zacapa,1901,Cooperativa,Urbana,Mujer,2,Básico,Ladino/Mestizo,Diario,Vespertina,Promovido,Sí,Ignorado,19-11,4,1,2,3,5,1,2,1,1,9,19
2024,15-01-0113-46,Baja Verapaz,1501,Privado,Urbana,Hombre,5,Diversificado,Ladino/Mestizo,Fin de semana,Doble,Promovido,No,Sí,15-01,2,1,1,4,5,2,4,1,2,1,15
2024,19-01-0703-43,Zacapa,1901,Privado,Urbana,Hombre,2,Primaria,Ladino/Mestizo,Diario,Matutina,Promovido,No,No,19-01,2,1,1,2,5,1,1,1,2,2,19
2024,19-04-1040-43,Zacapa,1901,Público,Rural,Hombre,6,Primaria,Ladino/Mestizo,Diario,Matutina,Promovido,No,No,19-04,1,2,1,2,5,1,1,1,2,2,19
2024,02-07-0156-42,El Progreso,201,Público,Rural,Mujer,5,Preprimaria,Ladino/Mestizo,Diario,Matutina,Promovido,No,No,02-07,1,2,2,1,5,1,1,1,2,2,2
2024,02-03-0777-43,El Progreso,201,Público,Rural,Mujer,5,Primaria,Ladino/Mestizo,Diario,Matutina,Promovido,No,No,02-03,1,2,2,2,5,1,1,1,2,2,2
2024,19-10-0609-43,Zacapa,1901,Público,Rural,Hombre,1,Primaria,Ladino/Mestizo,Diario,Matutina,No promovido,No,No,19-10,1,2,1,2,5,1,1,5,2,2,19
2024,15-03-0099-43,Baja Verapaz,1501,Público,Urbana,Mujer,5,Primaria,Maya,Diario,Matutina,Promovido,No,No,15-03,1,1,2,2,1,1,1,1,2,2,15
2024,19-01-0015-43,Zacapa,1901,Privado,Urbana,Mujer,6,Primaria,Ladino/Mestizo,Diario,Matutina,Promovido,No,No,19-01,2,1,2,2,5,1,1,1,2,2,19
2024,02-03-0738-45,El Progreso,201,Privado,Rural,Hombre,1,Básico,Ladino/Mestizo,Fin de semana,Doble,Promovido,No,No,02-03,2,2,1,3,5,2,4,1,2,2,2
2024,19-05-0201-43,Zacapa,1901,Público,Urbana,Hombre,1,Primaria,Ladino/Mestizo,Diario,Matutina,Retirado,No,No,19-05,1,1,1,2,5,1,1,3,2,2,19
2024,15-04-0670-46,Baja Verapaz,1501,Privado,Urbana,Mujer,5,Diversificado,Maya,Diario,Vespertina,Promovido,No,Sí,15-04,2,1,2,4,1,1,2,1,2,1,15
2024,15-02-0070-43,Baja Verapaz,1501,Público,Urbana,Mujer,5,Primaria,Maya,Diario,Matutina,Promovido,No,No,15-02,1,1,2,2,1,1,1,1,2,2,15
2024,19-09-0776-43,Zacapa,1901,Público,Urbana,Hombre,3,Primaria,Ladino/Mestizo,Diario,Vespertina,Promovido,No,No,19-09,1,1,1,2,5,1,2,1,2,2,19
2024,19-10-0298-43,Zacapa,1901,Público,Rural,Hombre,3,Primaria,Ladino/Mestizo,Diario,Matutina,Promovido,No,No,19-10,1,2,1,2,5,1,1,1,2,2,19
2024,19-10-0297-43,Zacapa,1901,Público,Rural,Hombre,3,Primaria,Ladino/Mestizo,Diario,Matutina,Promovido,No,No,19-10,1,2,1,2,5,1,1,1,2,2,19
2024,15-07-0250-43,Baja Verapaz,1501,Público,Rural,Hombre,2,Primaria,Ladino/Mestizo,Diario,Matutina,No promovido,Sí,No,15-07,1,2,1,2,5,1,1,5,1,2,15
2024,19-09-0640-43,Zacapa,1901,Público,Rural,Hombre,4,Primaria,Ladino/Mestizo,Diario,Matutina,Promovido,No,No,19-09,1,2,1,2,5,1,1,1,2,2,19
2024,15-01-0024-43,Baja Verapaz,1501,Público,Rural,Mujer,5,Primaria,Ladino/Mestizo,Diario,Matutina,Promovido,No,No,15-01,1,2,2,2,5,1,1,1,2,2,15
2024,19-01-0049-43,Zacapa,1901,Público,Rural,Hombre,2,Primaria,Ladino/Mestizo,Diario,Matutina,No promovido,Sí,No,19-01,1,2,1,2,5,1,1,5,1,2,19
2024,02-08-0208-43,El Progreso,201,Público,Rural,Mujer,1,Primaria,Ladino/Mestizo,Diario,Matutina,Retirado,No,No,02-08,1,2,2,2,5,1,1,3,2,2,2
2024,02-07-0510-43,El Progreso,201,Público,Urbana,Hombre,5,Primaria,Ladino/Mestizo,Diario,Vespertina,Promovido,No,No,02-07,1,1,1,2,5,1,2,1,2,2,2
2024,15-03-0331-41,Baja Verapaz,1501,Público,Rural,Hombre,6,Preprimaria,Maya,Diario,Matutina,Promovido,No,No,15-03,1,2,1,1,1,1,1,1,2,2,15
2024,15-01-0082-43,Baja Verapaz,1501,Privado,Urbana,Hombre,3,Primaria,Ladino/Mestizo,Diario,Matutina,Promovido,No,No,15-01,2,1,1,2,5,1,1,1,2,2,15
2024,02-08-0208-43,El Progreso,201,Público,Rural,Hombre,5,Primaria,Ladino/Mestizo,Diario,Matutina,Promovido,No,No,02-08,1,2,1,2,5,1,1,1,2,2,2
2024,15-08-0294-43,Baja Verapaz,1501,Público,Rural,Hombre,3,Primaria,Maya,Diario,Matutina,Promovido,Sí,No,15-08,1,2,1,2,1,1,1,1,1,2,15
2024,02-07-0161-43,El Progreso,201,Público,Urbana,Hombre,3,Primaria,Ladino/Mestizo,Diario,Matutina,Promovido,No,No,02-07,1,1,1,2,5,1,1,1,2,2,2
2024,15-04-0226-43,Baja Verapaz,1501,Público,Rural,Hombre,4,Primaria,Ladino/Mestizo,Diario,Matutina,Promovido,No,No,15-04,1,2,1,2,5,1,1,1,2,2,15
2024,15-01-0340-43,Baja Verapaz,1501,Público,Urbana,Mujer,4,Primaria,Ladino/Mestizo,Diario,Matutina,Retirado,No,No,15-01,1,1,2,2,5,1,1,3,2,2,15
2024,19-07-0244-45,Zacapa,1901,Público,Urbana,Mujer,1,Básico,Ladino/Mestizo,Diario,Matutina,Promovido,No,No,19-07,1,1,2,3,5,1,1,1,2,2,19
2024,19-06-0224-43,Zacapa,1901,Público,Rural,Hombre,4,Primaria,Ladino/Mestizo,Diario,Matutina,Promovido,No,No,19-06,1,2,1,2,5,1,1,1,2,2,19
2024,19-05-0810-45,Zacapa,1901,Privado,Urbana,Mujer,1,Básico,Ladino/Mestizo,Diario,Vespertina,Promovido,No,No,19-05,2,1,2,3,5,1,2,1,2,2,19
2024,19-01-1109-43,Zacapa,1901,Privado,Urbana,Hombre,2,Primaria,Ladino/Mestizo,Diario,Matutina,Promovido,No,No,19-01,2,1,1,2,5,1,1,1,2,2,19
2024,19-01-0078-46,Zacapa,1901,Público,Urbana,Mujer,6,Diversificado,Ladino/Mestizo,Diario,Vespertina,Promovido,No,Sí,19-01,1,1,2,4,5,1,2,1,2,1,19
2024,15-08-1250-43,Baja Verapaz,1501,Público,Rural,Hombre,2,Primaria,Maya,Diario,Matutina,No promovido,No,No,15-08,1,2,1,2,1,1,1,5,2,2,15
2024,19-04-0184-43,Zacapa,1901,Público,Rural,Hombre,4,Primaria,Ladino/Mestizo,Diario,Matutina,Promovido,No,No,19-04,1,2,1,2,5,1,1,1,2,2,19
2024,02-05-0115-43,El Progreso,201,Público,Urbana,Hombre,5,Primaria,Ladino/Mestizo,Diario,Matutina,Promovido,No,No,02-05,1,1,1,2,5,1,1,1,2,2,2
2024,02-03-0081-43,El Progreso,201,Público,Rural,Hombre,3,Primaria,Ladino/Mestizo,Diario,Matutina,Promovido,No,No,02-03,1,2,1,2,5,1,1,1,2,2,2
2024,15-08-0018-42,Baja Verapaz,1501,Público,Rural,Hombre,5,Preprimaria,Maya,Diario,Matutina,Promovido,No,No,15-08,1,2,1,1,1,1,1,1,2,2,15
2024,19-07-0229-43,Zacapa,1901,Público,Rural,Mujer,6,Primaria,Ladino/Mestizo,Diario,Matutina,Promovido,No,No,19-07,1,2,2,2,5,1,1,1,2,2,19
2024,15-01-0005-42,Baja Verapaz,1501,Público,Urbana,Hombre,5,Preprimaria,Ladino/Mestizo,Diario,Matutina,Promovido,No,No,15-01,1,1,1,1,5,1,1,1,2,2,15
2024,15-04-0181-43,Baja Verapaz,1501,Público,Rural,Mujer,1,Primaria,Ladino/Mestizo,Diario,Matutina,Promovido,Sí,No,15-04,1,2,2,2,5,1,1,1,1,2,15
2024,15-03-0125-43,Baja Verapaz,1501,Público,Rural,Mujer,1,Primaria,Maya,Diario,Matutina,Promovido,No,No,15-03,1,2,2,2,1,1,1,1,2,2,15
2024,15-05-0190-43,Baja Verapaz,1501,Público,Rural,Mujer,5,Primaria,Maya,Diario,Matutina,Promovido,No,No,15-05,1,2,2,2,1,1,1,1,2,2,15
2024,02-07-0161-43,El Progreso,201,Público,Urbana,Hombre,2,Primaria,Ladino/Mestizo,Diario,Matutina,Promovido,No,No,02-07,1,1,1,2,5,1,1,1,2,2,2
2024,19-05-0042-42,Zacapa,1901,Público,Rural,Hombre,3,Preprimaria,Ladino/Mestizo,Diario,Doble,Promovido,No,No,19-05,1,2,1,1,5,1,4,1,2,2,19
2024,15-03-0099-43,Baja Verapaz,1501,Público,Urbana,Mujer,1,Primaria,Maya,Diario,Matutina,Promovido,No,No,15-03,1,1,2,2,1,1,1,1,2,2,15
2024,19-01-0353-42,Zacapa,1901,Público,Urbana,Hombre,5,Preprimaria,Ladino/Mestizo,Diario,Vespertina,Promovido,No,No,19-01,1,1,1,1,5,1,2,1,2,2,19
2024,19-10-0300-43,Zacapa,1901,Público,Rural,Mujer,1,Primaria,Ladino/Mestizo,Diario,Matutina,Promovido,No,No,19-10,1,2,2,2,5,1,1,1,2,2,19
2024,15-04-0670-45,Baja Verapaz,1501,Privado,Urbana,Hombre,1,Básico,Ladino/Mestizo,Diario,Matutina,Promovido,No,No,15-04,2,1,1,3,5,1,1,1,2,2,15
2024,15-01-0763-42,Baja Verapaz,1501,Público,Urbana,Mujer,5,Preprimaria,Ladino/Mestizo,Diario,Matutina,Promovido,No,No,15-01,1,1,2,1,5,1,1,1,2,2,15
2024,19-01-0729-45,Zacapa,1901,Público,Rural,Hombre,1,Básico,Ladino/Mestizo,Diario,Vespertina,Retirado,No,No,19-01,1,2,1,3,5,1,2,3,2,2,19
2024,02-08-0205-43,El Progreso,201,Público,Urbana,Hombre,2,Primaria,Ladino/Mestizo,Diario,Matutina,Promovido,No,No,02-08,1,1,1,2,5,1,1,1,2,2,2
2024,15-01-0113-46,Baja Verapaz,1501,Privado,Urbana,Hombre,4,Diversificado,Ladino/Mestizo,Fin de semana,Doble,Promovido,Sí,No,15-01,2,1,1,4,5,2,4,1,1,2,15
2024,02-04-0107-43,El Progreso,201,Público,Rural,Mujer,2,Primaria,Ladino/Mestizo,Diario,Matutina,Promovido,No,No,02-04,1,2,2,2,5,1,1,1,2,2,2
2024,02-05-0130-45,El Progreso,201,Público,Urbana,Mujer,1,Básico,Ladino/Mestizo,Diario,Matutina,Promovido,No,No,02-05,1,1,2,3,5,1,1,1,2,2,2
2024,19-02-0833-42,Zacapa,1901,Público,Rural,Mujer,2,Preprimaria,Ladino/Mestizo,Diario,Matutina,Promovido,No,No,19-02,1,2,2,1,5,1,1,1,2,2,19
2024,02-08-0801-42,El Progreso,201,Público,Rural,Hombre,6,Preprimaria,Ladino/Mestizo,Diario,Matutina,Promovido,No,No,02-08,1,2,1,1,5,1,1,1,2,2,2
2024,19-01-0942-46,Zacapa,1901,Privado,Urbana,Mujer,4,Diversificado,Ladino/Mestizo,Fin de semana,Doble,No promovido,No,No,19-01,2,1,2,4,5,2,4,5,2,2,19
2024,02-03-0062-43,El Progreso,201,Público,Rural,Hombre,1,Primaria,Ladino/Mestizo,Diario,Matutina,Promovido,No,No,02-03,1,2,1,2,5,1,1,1,2,2,2
2024,15-05-0197-43,Baja Verapaz,1501,Público,Rural,Hombre,2,Primaria,Ladino/Mestizo,Diario,Matutina,No promovido,No,No,15-05,1,2,1,2,5,1,1,5,2,2,15
2024,15-03-0094-42,Baja Verapaz,1501,Público,Urbana,Hombre,6,Preprimaria,Maya,Diario,Matutina,Promovido,No,No,15-03,1,1,1,1,1,1,1,1,2,2,15
2024,15-03-0099-43,Baja Verapaz,1501,Público,Urbana,Mujer,5,Primaria,Ladino/Mestizo,Diario,Matutina,Promovido,No,No,15-03,1,1,2,2,5,1,1,1,2,2,15
2024,19-11-0005-42,Zacapa,1901,Público,Rural,Mujer,3,Preprimaria,Ladino/Mestizo,Diario,Matutina,Promovido,No,No,19-11,1,2,2,1,5,1,1,1,2,2,19
2024,19-06-0216-43,Zacapa,1901,Público,Urbana,Hombre,2,Primaria,Ladino/Mestizo,Diario,Matutina,Promovido,No,No,19-06,1,1,1,2,5,1,1,1,2,2,19
2024,15-05-0196-43,Baja Verapaz,1501,Público,Rural,Mujer,1,Primaria,Ladino/Mestizo,Diario,Matutina,Promovido,No,No,15-05,1,2,2,2,5,1,1,1,2,2,15
2024,19-08-0890-46,Zacapa,1901,Cooperativa,Urbana,Hombre,4,Diversificado,Ladino/Mestizo,Diario,Vespertina,Promovido,No,No,19-08,4,1,1,4,5,1,2,1,2,2,19
2024,02-07-0160-43,El Progreso,201,Público,Urbana,Hombre,5,Primaria,Ladino/Mestizo,Diario,Matutina,Promovido,No,No,02-07,1,1,1,2,5,1,1,1,2,2,2
2024,15-01-1274-46,Baja Verapaz,1501,Público,Urbana,Hombre,4,Diversificado,Maya,Diario,Vespertina,Promovido,No,No,15-01,1,1,1,4,1,1,2,1,2,2,15
2024,19-02-0095-45,Zacapa,1901,Público,Urbana,Mujer,3,Básico,Ladino/Mestizo,Diario,Matutina,Promovido,No,No,19-02,1,1,2,3,5,1,1,1,2,2,19
2024,02-07-0172-43,El Progreso,201,Público,Rural,Hombre,4,Primaria,Ladino/Mestizo,Diario,Matutina,Promovido,No,No,02-07,1,2,1,2,5,1,1,1,2,2,2
2024,15-08-0288-43,Baja Verapaz,1501,Público,Rural,Hombre,6,Primaria,Maya,Diario,Matutina,Promovido,No,No,15-08,1,2,1,2,1,1,1,1,2,2,15
2024,15-01-0015-43,Baja Verapaz,1501,Público,Rural,Mujer,1,Primaria,Maya,Diario,Matutina,Promovido,No,No,15-01,1,2,2,2,1,1,1,1,2,2,15
2024,15-07-0047-45,Baja Verapaz,1501,Privado,Urbana,Mujer,1,Básico,Ladino/Mestizo,Semipresencial,Ignorado,Promovido,No,No,15-07,2,1,2,3,5,4,9,1,2,2,15
2024,15-06-0220-43,Baja Verapaz,1501,Público,Rural,Hombre,2,Primaria,Ladino/Mestizo,Diario,Matutina,Promovido,Sí,No,15-06,1,2,1,2,5,1,1,1,1,2,15
2024,19-07-1100-42,Zacapa,1901,Público,Rural,Mujer,1,Preprimaria,Ladino/Mestizo,Diario,Matutina,Promovido,No,No,19-07,1,2,2,1,5,1,1,1,2,2,19
2024,15-08-0356-43,Baja Verapaz,1501,Público,Rural,Mujer,1,Primaria,Maya,Diario,Matutina,Promovido,No,No,15-08,1,2,2,2,1,1,1,1,2,2,15
2024,15-08-0194-42,Baja Verapaz,1501,Público,Rural,Mujer,6,Preprimaria,Maya,Diario,Matutina,Promovido,No,No,15-08,1,2,2,1,1,1,1,1,2,2,15
2024,15-01-0047-44,Baja Verapaz,1501,Público,Urbana,Hombre,3,Primaria de adultos,Ladino/Mestizo,Diario,Nocturna,Promovido,No,No,15-01,1,1,1,5,5,1,3,1,2,2,15
2024,15-08-0072-43,Baja Verapaz,1501,Público,Rural,Hombre,2,Primaria,Maya,Diario,Matutina,Promovido,No,No,15-08,1,2,1,2,1,1,1,1,2,2,15
2024,19-01-0139-45,Zacapa,1901,Privado,Urbana,Mujer,2,Básico,Ladino/Mestizo,Diario,Matutina,Promovido,No,No,19-01,2,1,2,3,5,1,1,1,2,2,19
2024,19-05-0010-43,Zacapa,1901,Público,Rural,Mujer,4,Primaria,Ladino/Mestizo,Diario,Matutina,Promovido,No,No,19-05,1,2,2,2,5,1,1,1,2,2,19
2024,02-07-0155-42,El Progreso,201,Público,Urbana,Hombre,5,Preprimaria,Maya,Diario,Matutina,Promovido,No,No,02-07,1,1,1,1,1,1,1,1,2,2,2
2024,15-04-0152-43,Baja Verapaz,1501,Público,Rural,Mujer,2,Primaria,Maya,Diario,Matutina,Promovido,No,No,15-04,1,2,2,2,1,1,1,1,2,2,15
2024,02-07-0169-43,El Progreso,201,Público,Rural,Mujer,4,Primaria,Ladino/Mestizo,Diario,Matutina,Promovido,No,No,02-07,1,2,2,2,5,1,1,1,2,2,2
2024,15-04-1793-43,Baja Verapaz,1501,Privado,Urbana,Mujer,3,Primaria,Ladino/Mestizo,Diario,Matutina,Promovido,No,No,15-04,2,1,2,2,5,1,1,1,2,2,15
2024,15-04-1215-43,Baja Verapaz,1501,Público,Rural,Mujer,2,Primaria,Maya,Diario,Matutina,Promovido,Sí,No,15-04,1,2,2,2,1,1,1,1,1,2,15
2024,19-04-0059-42,Zacapa,1901,Municipal,Rural,Hombre,4,Preprimaria,Ladino/Mestizo,Diario,Matutina,Promovido,No,No,19-04,3,2,1,1,5,1,1,1,2,2,19
2024,02-08-0636-45,El Progreso,201,Cooperativa,Rural,Mujer,1,Básico,Ladino/Mestizo,Diario,Vespertina,Promovido,Sí,No,02-08,4,2,2,3,5,1,2,1,1,2,2
2024,19-01-0734-42,Zacapa,1901,Público,Rural,Hombre,0,Preprimaria,Ladino/Mestizo,Diario,Matutina,Promovido,No,No,19-01,1,2,1,1,5,1,1,1,2,2,19
2024,02-07-0700-42,El Progreso,201,Público,Rural,Hombre,2,Preprimaria,Ladino/Mestizo,Diario,Matutina,Promovido,No,No,02-07,1,2,1,1,5,1,1,1,2,2,2
2024,19-04-0061-42,Zacapa,1901,Privado,Urbana,Hombre,4,Preprimaria,Ladino/Mestizo,Diario,Vespertina,Promovido,No,No,19-04,2,1,1,1,5,1,2,1,2,2,19
2024,02-03-0060-43,El Progreso,201,Público,Urbana,Mujer,1,Primaria,Ladino/Mestizo,Diario,Matutina,Promovido,No,No,02-03,1,1,2,2,5,1,1,1,2,2,2
2024,15-08-0201-45,Baja Verapaz,1501,Privado,Urbana,Mujer,3,Básico,Ladino/Mestizo,Diario,Matutina,Promovido,No,No,15-08,2,1,2,3,5,1,1,1,2,2,15
2024,19-01-0116-46,Zacapa,1901,Público,Urbana,Mujer,4,Diversificado,Ladino/Mestizo,Diario,Vespertina,Promovido,No,No,19-01,1,1,2,4,5,1,2,1,2,2,19
2024,19-03-0096-42,Zacapa,1901,Público,Urbana,Mujer,6,Preprimaria,Ladino/Mestizo,Diario,Matutina,Promovido,No,No,19-03,1,1,2,1,5,1,1,1,2,2,19
2024,02-03-0070-43,El Progreso,201,Público,Rural,Hombre,5,Primaria,Ladino/Mestizo,Diario,Matutina,No promovido,No,No,02-03,1,2,1,2,5,1,1,5,2,2,2
2024,02-01-0026-45,El Progreso,201,Público,Urbana,Mujer,1,Básico,Ladino/Mestizo,Diario,Matutina,Promovido,No,Ignorado,02-01,1,1,2,3,5,1,1,1,2,9,2
2024,19-01-0355-45,Zacapa,1901,Público,Urbana,Hombre,1,Básico,Ladino/Mestizo,Diario,Vespertina,Promovido,No,No,19-01,1,1,1,3,5,1,2,1,2,2,19
2024,19-09-1260-43,Zacapa,1901,Público,Rural,Mujer,2,Primaria,Ladino/Mestizo,Diario,Matutina,Promovido,No,No,19-09,1,2,2,2,5,1,1,1,2,2,19
2024,15-01-0017-43,Baja Verapaz,1501,Público,Urbana,Mujer,3,Primaria,Ladino/Mestizo,Diario,Matutina,Promovido,No,No,15-01,1,1,2,2,5,1,1,1,2,2,15
2024,15-01-1352-42,Baja Verapaz,1501,Público,Rural,Mujer,6,Preprimaria,Ladino/Mestizo,Diario,Matutina,Promovido,No,No,15-01,1,2,2,1,5,1,1,1,2,2,15
2024,02-01-0027-46,El Progreso,201,Público,Urbana,Hombre,5,Diversificado,Ladino/Mestizo,Diario,Doble,Promovido,No,Sí,02-01,1,1,1,4,5,1,4,1,2,1,2
2024,19-05-0203-43,Zacapa,1901,Público,Rural,Mujer,1,Primaria,Ladino/Mestizo,Diario,Matutina,No promovido,No,No,19-05,1,2,2,2,5,1,1,5,2,2,19
2024,15-07-1191-42,Baja Verapaz,1501,Público,Rural,Mujer,5,Preprimaria,Ladino/Mestizo,Diario,Matutina,Promovido,No,No,15-07,1,2,2,1,5,1,1,1,2,2,15
2024,15-02-0343-43,Baja Verapaz,1501,Público,Rural,Hombre,5,Primaria,Maya,Diario,Matutina,No promovido,Sí,No,15-02,1,2,1,2,1,1,1,5,1,2,15
2024,02-01-0702-43,El Progreso,201,Público,Rural,Hombre,5,Primaria,Ladino/Mestizo,Diario,Matutina,Promovido,No,No,02-01,1,2,1,2,5,1,1,1,2,2,2
2024,19-03-0840-42,Zacapa,1901,Público,Rural,Hombre,6,Preprimaria,Ladino/Mestizo,Diario,Matutina,Promovido,No,No,19-03,1,2,1,1,5,1,1,1,2,2,19
2024,19-01-0651-42,Zacapa,1901,Público,Rural,Hombre,5,Preprimaria,Ladino/Mestizo,Diario,Matutina,Promovido,No,No,19-01,1,2,1,1,5,1,1,1,2,2,19
2024,15-03-0141-46,Baja Verapaz,1501,Privado,Urbana,Hombre,4,Diversificado,Ladino/Mestizo,Semipresencial,Ignorado,Promovido,No,Sí,15-03,2,1,1,4,5,4,9,1,2,1,15
2024,02-01-0005-43,El Progreso,201,Público,Urbana,Hombre,4,Primaria,Ladino/Mestizo,Diario,Matutina,Promovido,No,No,02-01,1,1,1,2,5,1,1,1,2,2,2
2024,02-05-0280-42,El Progreso,201,Público,Rural,Hombre,4,Preprimaria,Ladino/Mestizo,Diario,Matutina,Promovido,No,No,02-05,1,2,1,1,5,1,1,1,2,2,2
2024,15-08-0019-42,Baja Verapaz,1501,Público,Rural,Hombre,4,Preprimaria,Maya,Diario,Matutina,Promovido,No,No,15-08,1,2,1,1,1,1,1,1,2,2,15
2024,19-08-0890-46,Zacapa,1901,Cooperativa,Urbana,Hombre,5,Diversificado,Ladino/Mestizo,Diario,Vespertina,Promovido,No,Sí,19-08,4,1,1,4,5,1,2,1,2,1,19
2024,15-01-0020-43,Baja Verapaz,1501,Público,Rural,Mujer,3,Primaria,Ladino/Mestizo,Diario,Matutina,Promovido,No,No,15-01,1,2,2,2,5,1,1,1,2,2,15
2024,19-03-0106-43,Zacapa,1901,Público,Rural,Mujer,1,Primaria,Ladino/Mestizo,Diario,Matutina,Promovido,No,No,19-03,1,2,2,2,5,1,1,1,2,2,19
2024,15-03-2048-45,Baja Verapaz,1501,Privado,Urbana,Mujer,1,Básico,Maya,Fin de semana,Doble,Promovido,No,No,15-03,2,1,2,3,1,2,4,1,2,2,15
2024,02-05-0005-43,El Progreso,201,Público,Rural,Mujer,3,Primaria,Ladino/Mestizo,Diario,Matutina,Promovido,No,No,02-05,1,2,2,2,5,1,1,1,2,2,2
2024,19-09-0018-43,Zacapa,1901,Público,Rural,Mujer,4,Primaria,Ladino/Mestizo,Diario,Matutina,Promovido,No,No,19-09,1,2,2,2,5,1,1,1,2,2,19
2024,15-03-2037-43,Baja Verapaz,1501,Público,Urbana,Hombre,4,Primaria,Ladino/Mestizo,Diario,Matutina,Promovido,No,No,15-03,1,1,1,2,5,1,1,1,2,2,15
2024,15-03-0132-45,Baja Verapaz,1501,Público,Urbana,Hombre,1,Básico,Maya,Diario,Matutina,Promovido,No,No,15-03,1,1,1,3,1,1,1,1,2,2,15
2024,02-08-0204-42,El Progreso,201,Público,Urbana,Mujer,4,Preprimaria,Ladino/Mestizo,Diario,Matutina,Retirado,No,No,02-08,1,1,2,1,5,1,1,3,2,2,2
2024,15-08-0357-43,Baja Verapaz,1501,Público,Rural,Hombre,1,Primaria,Maya,Diario,Matutina,Promovido,No,No,15-08,1,2,1,2,1,1,1,1,2,2,15
2024,19-11-0011-43,Zacapa,1901,Público,Rural,Mujer,1,Primaria,Ladino/Mestizo,Diario,Matutina,Promovido,No,No,19-11,1,2,2,2,5,1,1,1,2,2,19
2024,02-04-0111-45,El Progreso,201,Cooperativa,Urbana,Mujer,1,Básico,Ladino/Mestizo,Diario,Vespertina,Retirado,No,No,02-04,4,1,2,3,5,1,2,3,2,2,2
2024,02-07-0181-43,El Progreso,201,Público,Rural,Hombre,5,Primaria,Ladino/Mestizo,Diario,Matutina,Promovido,No,No,02-07,1,2,1,2,5,1,1,1,2,2,2
2024,02-03-0062-43,El Progreso,201,Público,Rural,Hombre,3,Primaria,Ladino/Mestizo,Diario,Matutina,Promovido,No,No,02-03,1,2,1,2,5,1,1,1,2,2,2
2024,15-02-0084-43,Baja Verapaz,1501,Público,Rural,Hombre,6,Primaria,Maya,Diario,Matutina,Promovido,No,No,15-02,1,2,1,2,1,1,1,1,2,2,15
2024,15-02-0075-43,Baja Verapaz,1501,Público,Rural,Hombre,5,Primaria,Maya,Diario,Matutina,Promovido,No,No,15-02,1,2,1,2,1,1,1,1,2,2,15
2024,15-07-0235-42,Baja Verapaz,1501,Público,Urbana,Hombre,4,Preprimaria,Ladino/Mestizo,Diario,Matutina,Promovido,No,No,15-07,1,1,1,1,5,1,1,1,2,2,15
2024,02-06-0140-43,El Progreso,201,Público,Rural,Mujer,3,Primaria,Ladino/Mestizo,Diario,Matutina,Promovido,No,No,02-06,1,2,2,2,5,1,1,1,2,2,2
2024,19-06-0584-42,Zacapa,1901,Público,Rural,Mujer,5,Preprimaria,Ladino/Mestizo,Diario,Matutina,Promovido,No,No,19-06,1,2,2,1,5,1,1,1,2,2,19
2024,15-08-0088-43,Baja Verapaz,1501,Público,Rural,Mujer,1,Primaria,Maya,Diario,Matutina,Promovido,No,No,15-08,1,2,2,2,1,1,1,1,2,2,15
2024,15-01-0003-42,Baja Verapaz,1501,Público,Urbana,Mujer,4,Preprimaria,Ladino/Mestizo,Diario,Matutina,Promovido,No,No,15-01,1,1,2,1,5,1,1,1,2,2,15
2024,15-01-0113-46,Baja Verapaz,1501,Privado,Urbana,Hombre,6,Diversificado,Maya,Fin de semana,Doble,Promovido,Sí,Sí,15-01,2,1,1,4,1,2,4,1,1,1,15
2024,19-10-0017-42,Zacapa,1901,Público,Urbana,Mujer,4,Preprimaria,Ladino/Mestizo,Diario,Matutina,Vigente,No,No,19-10,1,1,2,1,5,1,1,2,2,2,19
2024,19-01-0087-42,Zacapa,1901,Público,Rural,Hombre,4,Preprimaria,Ladino/Mestizo,Diario,Matutina,Promovido,No,No,19-01,1,2,1,1,5,1,1,1,2,2,19
2024,02-05-0130-45,El Progreso,201,Público,Urbana,Hombre,1,Básico,Ladino/Mestizo,Diario,Matutina,Promovido,No,No,02-05,1,1,1,3,5,1,1,1,2,2,2
2024,19-04-0010-43,Zacapa,1901,Público,Rural,Hombre,5,Primaria,Ladino/Mestizo,Diario,Matutina,Promovido,No,No,19-04,1,2,1,2,5,1,1,1,2,2,19
2024,15-04-1213-42,Baja Verapaz,1501,Público,Urbana,Mujer,6,Preprimaria,Maya,Diario,Matutina,Promovido,No,No,15-04,1,1,2,1,1,1,1,1,2,2,15
2024,19-04-0365-42,Zacapa,1901,Público,Rural,Mujer,5,Preprimaria,Ladino/Mestizo,Diario,Matutina,Promovido,No,No,19-04,1,2,2,1,5,1,1,1,2,2,19
2024,19-04-0154-43,Zacapa,1901,Público,Rural,Hombre,3,Primaria,Ladino/Mestizo,Diario,Matutina,Retirado,No,No,19-04,1,2,1,2,5,1,1,3,2,2,19
2024,15-01-1950-43,Baja Verapaz,1501,Público,Urbana,Hombre,1,Primaria,Ladino/Mestizo,Diario,Matutina,Promovido,No,No,15-01,1,1,1,2,5,1,1,1,2,2,15
2024,19-09-0287-43,Zacapa,1901,Público,Rural,Hombre,6,Primaria,Ladino/Mestizo,Diario,Matutina,Retirado,No,No,19-09,1,2,1,2,5,1,1,3,2,2,19
2024,02-07-0180-43,El Progreso,201,Público,Rural,Hombre,2,Primaria,Ladino/Mestizo,Diario,Matutina,Promovido,No,No,02-07,1,2,1,2,5,1,1,1,2,2,2
2024,19-04-0056-43,Zacapa,1901,Público,Rural,Hombre,6,Primaria,Ladino/Mestizo,Diario,Matutina,Promovido,No,No,19-04,1,2,1,2,5,1,1,1,2,2,19
2024,02-01-0001-42,El Progreso,201,Público,Urbana,Hombre,5,Preprimaria,Ladino/Mestizo,Diario,Matutina,Promovido,No,No,02-01,1,1,1,1,5,1,1,1,2,2,2
2024,15-08-1250-43,Baja Verapaz,1501,Público,Rural,Mujer,5,Primaria,Maya,Diario,Matutina,Promovido,No,No,15-08,1,2,2,2,1,1,1,1,2,2,15
2024,15-07-0246-43,Baja Verapaz,1501,Público,Rural,Hombre,6,Primaria,Ladino/Mestizo,Diario,Matutina,Promovido,No,No,15-07,1,2,1,2,5,1,1,1,2,2,15
2024,15-01-0113-46,Baja Verapaz,1501,Privado,Urbana,Mujer,5,Diversificado,Maya,Fin de semana,Doble,Promovido,No,Sí,15-01,2,1,2,4,1,2,4,1,2,1,15
2024,15-04-0349-43,Baja Verapaz,1501,Público,Rural,Hombre,5,Primaria,Maya,Diario,Matutina,Promovido,No,No,15-04,1,2,1,2,1,1,1,1,2,2,15
2024,19-05-0041-43,Zacapa,1901,Público,Urbana,Mujer,5,Primaria,Ladino/Mestizo,Diario,Matutina,Promovido,No,No,19-05,1,1,2,2,5,1,1,1,2,2,19
2024,02-01-0607-46,El Progreso,201,Cooperativa,Urbana,Hombre,5,Diversificado,Ladino/Mestizo,Diario,Vespertina,Promovido,No,No,02-01,4,1,1,4,5,1,2,1,2,2,2
2024,15-08-2178-43,Baja Verapaz,1501,Privado,Urbana,Mujer,6,Primaria,Maya,Diario,Matutina,Promovido,No,No,15-08,2,1,2,2,1,1,1,1,2,2,15
2024,19-01-0066-43,Zacapa,1901,Público,Rural,Hombre,4,Primaria,Ladino/Mestizo,Diario,Matutina,Retirado,No,No,19-01,1,2,1,2,5,1,1,3,2,2,19
2024,15-01-0029-43,Baja Verapaz,1501,Público,Rural,Hombre,5,Primaria,Ladino/Mestizo,Diario,Matutina,Promovido,No,No,15-01,1,2,1,2,5,1,1,1,2,2,15
2024,02-06-0712-43,El Progreso,201,Público,Rural,Hombre,4,Primaria,Ladino/Mestizo,Diario,Matutina,Promovido,No,No,02-06,1,2,1,2,5,1,1,1,2,2,2
2024,15-08-0066-43,Baja Verapaz,1501,Público,Rural,Hombre,3,Primaria,Maya,Diario,Matutina,Promovido,Sí,No,15-08,1,2,1,2,1,1,1,1,1,2,15
2024,19-09-0965-42,Zacapa,1901,Público,Rural,Mujer,5,Preprimaria,Ladino/Mestizo,Diario,Matutina,Promovido,No,No,19-09,1,2,2,1,5,1,1,1,2,2,19
2024,02-02-0575-42,El Progreso,201,Público,Rural,Mujer,5,Preprimaria,Ladino/Mestizo,Diario,Matutina,Promovido,No,No,02-02,1,2,2,1,5,1,1,1,2,2,2
2024,19-04-0182-43,Zacapa,1901,Público,Rural,Hombre,3,Primaria,Ladino/Mestizo,Diario,Matutina,No promovido,Sí,No,19-04,1,2,1,2,5,1,1,5,1,2,19
2024,19-04-1166-42,Zacapa,1901,Público,Rural,Hombre,6,Preprimaria,Ladino/Mestizo,Diario,Matutina,Promovido,No,No,19-04,1,2,1,1,5,1,1,1,2,2,19
2024,15-04-0061-43,Baja Verapaz,1501,Público,Rural,Hombre,5,Primaria,Maya,Diario,Matutina,No promovido,Sí,No,15-04,1,2,1,2,1,1,1,5,1,2,15
2024,19-04-0165-43,Zacapa,1901,Público,Rural,Mujer,4,Primaria,Ladino/Mestizo,Diario,Matutina,Promovido,No,No,19-04,1,2,2,2,5,1,1,1,2,2,19
2024,19-05-0051-46,Zacapa,1901,Privado,Urbana,Hombre,4,Diversificado,Ladino/Mestizo,Fin de semana,Doble,Promovido,No,No,19-05,2,1,1,4,5,2,4,1,2,2,19
2024,15-01-1639-43,Baja Verapaz,1501,Público,Rural,Hombre,1,Primaria,Maya,Diario,Matutina,Promovido,Sí,No,15-01,1,2,1,2,1,1,1,1,1,2,15
2024,19-07-0229-43,Zacapa,1901,Público,Rural,Mujer,4,Primaria,Ladino/Mestizo,Diario,Matutina,Promovido,No,No,19-07,1,2,2,2,5,1,1,1,2,2,19
2024,19-05-0035-42,Zacapa,1901,Público,Rural,Hombre,4,Preprimaria,Ladino/Mestizo,Diario,Matutina,Promovido,No,No,19-05,1,2,1,1,5,1,1,1,2,2,19
2024,02-07-0198-45,El Progreso,201,Público,Urbana,Hombre,3,Básico,Ladino/Mestizo,Diario,Matutina,Promovido,No,No,02-07,1,1,1,3,5,1,1,1,2,2,2
2024,15-03-0109-43,Baja Verapaz,1501,Público,Rural,Hombre,3,Primaria,Maya,Diario,Matutina,Promovido,No,No,15-03,1,2,1,2,1,1,1,1,2,2,15
2024,19-09-1085-43,Zacapa,1901,Público,Rural,Hombre,2,Primaria,Ladino/Mestizo,Diario,Matutina,Promovido,Sí,No,19-09,1,2,1,2,5,1,1,1,1,2,19
2024,15-08-0210-43,Baja Verapaz,1501,Público,Urbana,Mujer,6,Primaria,Ladino/Mestizo,Diario,Vespertina,Promovido,No,No,15-08,1,1,2,2,5,1,2,1,2,2,15
2024,19-05-0207-43,Zacapa,1901,Público,Rural,Mujer,2,Primaria,Ladino/Mestizo,Diario,Matutina,No promovido,Sí,No,19-05,1,2,2,2,5,1,1,5,1,2,19
2024,19-09-0816-45,Zacapa,1901,Público,Rural,Mujer,1,Básico,Ladino/Mestizo,Diario,Matutina,Promovido,No,No,19-09,1,2,2,3,5,1,1,1,2,2,19
2024,15-04-2066-41,Baja Verapaz,1501,Público,Rural,Hombre,4,Preprimaria,Maya,Diario,Matutina,Promovido,No,No,15-04,1,2,1,1,1,1,1,1,2,2,15
2024,19-06-0224-43,Zacapa,1901,Público,Rural,Hombre,2,Primaria,Ladino/Mestizo,Diario,Matutina,Promovido,No,No,19-06,1,2,1,2,5,1,1,1,2,2,19
2024,02-04-0104-42,El Progreso,201,Público,Rural,Mujer,5,Preprimaria,Ladino/Mestizo,Diario,Matutina,Promovido,No,No,02-04,1,2,2,1,5,1,1,1,2,2,2
2024,19-03-0116-43,Zacapa,1901,Público,Rural,Hombre,4,Primaria,Ladino/Mestizo,Diario,Matutina,Retirado,Sí,No,19-03,1,2,1,2,5,1,1,3,1,2,19
2024,15-02-0143-45,Baja Verapaz,1501,Público,Rural,Hombre,3,Básico,Maya,Diario,Matutina,Vigente,No,No,15-02,1,2,1,3,1,1,1,2,2,2,15
2024,15-03-2208-42,Baja Verapaz,1501,Público,Rural,Mujer,1,Preprimaria,Maya,Diario,Matutina,Promovido,No,No,15-03,1,2,2,1,1,1,1,1,2,2,15
2024,15-05-0002-43,Baja Verapaz,1501,Público,Rural,Hombre,2,Primaria,Ladino/Mestizo,Diario,Matutina,Promovido,No,No,15-05,1,2,1,2,5,1,1,1,2,2,15
2024,02-07-0199-45,El Progreso,201,Privado,Urbana,Mujer,1,Básico,Ladino/Mestizo,Diario,Matutina,Promovido,No,No,02-07,2,1,2,3,5,1,1,1,2,2,2
2024,02-03-0583-43,El Progreso,201,Público,Rural,Hombre,4,Primaria,Ladino/Mestizo,Diario,Vespertina,Promovido,No,No,02-03,1,2,1,2,5,1,2,1,2,2,2
2024,15-08-0231-43,Baja Verapaz,1501,Público,Rural,Hombre,4,Primaria,Maya,Diario,Matutina,Retirado,No,No,15-08,1,2,1,2,1,1,1,3,2,2,15
2024,15-03-2046-45,Baja Verapaz,1501,Privado,Urbana,Mujer,3,Básico,Ladino/Mestizo,Diario,Matutina,Promovido,Sí,No,15-03,2,1,2,3,5,1,1,1,1,2,15
2024,19-04-0037-43,Zacapa,1901,Público,Rural,Hombre,3,Primaria,Ladino/Mestizo,Diario,Matutina,Promovido,No,No,19-04,1,2,1,2,5,1,1,1,2,2,19
2024,19-01-0897-42,Zacapa,1901,Público,Urbana,Hombre,2,Preprimaria,Ladino/Mestizo,Diario,Doble,Promovido,No,No,19-01,1,1,1,1,5,1,4,1,2,2,19
2024,19-09-0034-46,Zacapa,1901,Privado,Urbana,Mujer,5,Diversificado,Ladino/Mestizo,Fin de semana,Doble,Promovido,No,Sí,19-09,2,1,2,4,5,2,4,1,2,1,19
2024,15-08-0074-43,Baja Verapaz,1501,Público,Rural,Hombre,1,Primaria,Maya,Diario,Matutina,No promovido,Sí,No,15-08,1,2,1,2,1,1,1,5,1,2,15
2024,19-06-0218-43,Zacapa,1901,Público,Rural,Mujer,5,Primaria,Ladino/Mestizo,Diario,Matutina,Promovido,No,No,19-06,1,2,2,2,5,1,1,1,2,2,19
2024,15-04-0136-43,Baja Verapaz,1501,Público,Urbana,Hombre,3,Primaria,Maya,Diario,Matutina,Promovido,Sí,No,15-04,1,1,1,2,1,1,1,1,1,2,15
2024,19-05-0213-45,Zacapa,1901,Público,Urbana,Mujer,1,Básico,Ladino/Mestizo,Diario,Matutina,Promovido,No,No,19-05,1,1,2,3,5,1,1,1,2,2,19
2024,15-04-0058-43,Baja Verapaz,1501,Público,Rural,Mujer,5,Primaria,Ladino/Mestizo,Diario,Matutina,Promovido,No,No,15-04,1,2,2,2,5,1,1,1,2,2,15
2024,19-05-0213-45,Zacapa,1901,Público,Urbana,Hombre,2,Básico,Ladino/Mestizo,Diario,Matutina,Promovido,No,No,19-05,1,1,1,3,5,1,1,1,2,2,19
2024,15-05-0196-43,Baja Verapaz,1501,Público,Rural,Hombre,2,Primaria,Ladino/Mestizo,Diario,Matutina,Promovido,No,No,15-05,1,2,1,2,5,1,1,1,2,2,15
2024,19-04-0019-43,Zacapa,1901,Público,Rural,Mujer,2,Primaria,Ladino/Mestizo,Diario,Matutina,No promovido,Sí,No,19-04,1,2,2,2,5,1,1,5,1,2,19
2024,02-07-0201-45,El Progreso,201,Cooperativa,Rural,Mujer,3,Básico,Ladino/Mestizo,Diario,Vespertina,Promovido,No,No,02-07,4,2,2,3,5,1,2,1,2,2,2
2024,15-03-0107-43,Baja Verapaz,1501,Público,Rural,Mujer,2,Primaria,Maya,Diario,Matutina,Promovido,No,No,15-03,1,2,2,2,1,1,1,1,2,2,15
2024,15-01-0154-46,Baja Verapaz,1501,Privado,Urbana,Mujer,4,Diversificado,Ladino/Mestizo,Diario,Vespertina,Promovido,No,No,15-01,2,1,2,4,5,1,2,1,2,2,15
2024,19-09-0292-45,Zacapa,1901,Público,Urbana,Mujer,3,Básico,Ladino/Mestizo,Diario,Matutina,Promovido,No,No,19-09,1,1,2,3,5,1,1,1,2,2,19
2024,19-11-0014-43,Zacapa,1901,Público,Rural,Hombre,2,Primaria,Ladino/Mestizo,Diario,Matutina,Promovido,No,No,19-11,1,2,1,2,5,1,1,1,2,2,19
2024,02-03-0086-43,El Progreso,201,Público,Rural,Hombre,2,Primaria,Ladino/Mestizo,Diario,Matutina,No promovido,No,No,02-03,1,2,1,2,5,1,1,5,2,2,2
2024,15-04-0239-43,Baja Verapaz,1501,Público,Rural,Hombre,5,Primaria,Maya,Diario,Matutina,Promovido,No,No,15-04,1,2,1,2,1,1,1,1,2,2,15
2024,02-01-0610-42,El Progreso,201,Público,Rural,Mujer,0,Preprimaria,Ladino/Mestizo,Diario,Matutina,Promovido,No,No,02-01,1,2,2,1,5,1,1,1,2,2,2
2024,19-04-0134-43,Zacapa,1901,Público,Rural,Hombre,4,Primaria,Ladino/Mestizo,Diario,Matutina,Promovido,No,No,19-04,1,2,1,2,5,1,1,1,2,2,19
2024,15-02-0141-45,Baja Verapaz,1501,Público,Rural,Hombre,2,Básico,Maya,Diario,Matutina,Retirado,No,No,15-02,1,2,1,3,1,1,1,3,2,2,15
2024,15-08-0292-43,Baja Verapaz,1501,Público,Rural,Hombre,1,Primaria,Maya,Diario,Matutina,No promovido,No,No,15-08,1,2,1,2,1,1,1,5,2,2,15
2024,19-01-0022-43,Zacapa,1901,Público,Rural,Hombre,1,Primaria,Ladino/Mestizo,Diario,Matutina,Promovido,No,No,19-01,1,2,1,2,5,1,1,1,2,2,19
2024,02-03-0062-43,El Progreso,201,Público,Rural,Mujer,4,Primaria,Ladino/Mestizo,Diario,Matutina,Retirado,No,No,02-03,1,2,2,2,5,1,1,3,2,2,2
2024,02-03-0089-43,El Progreso,201,Público,Rural,Mujer,4,Primaria,Ladino/Mestizo,Diario,Matutina,Promovido,No,No,02-03,1,2,2,2,5,1,1,1,2,2,2
2024,02-07-0626-43,El Progreso,201,Privado,Urbana,Mujer,5,Primaria,Ladino/Mestizo,Diario,Matutina,Promovido,No,No,02-07,2,1,2,2,5,1,1,1,2,2,2
2024,15-03-0096-42,Baja Verapaz,1501,Privado,Urbana,Hombre,6,Preprimaria,Ladino/Mestizo,Diario,Matutina,Promovido,No,No,15-03,2,1,1,1,5,1,1,1,2,2,15
2024,02-07-0678-46,El Progreso,201,Privado,Urbana,Mujer,4,Diversificado,Ladino/Mestizo,Diario,Vespertina,Promovido,No,No,02-07,2,1,2,4,5,1,2,1,2,2,2
2024,19-01-0023-43,Zacapa,1901,Público,Rural,Mujer,2,Primaria,Ladino/Mestizo,Diario,Matutina,No promovido,Sí,No,19-01,1,2,2,2,5,1,1,5,1,2,19
2024,02-06-0149-43,El Progreso,201,Público,Urbana,Mujer,2,Primaria,Ladino/Mestizo,Diario,Matutina,Promovido,No,No,02-06,1,1,2,2,5,1,1,1,2,2,2
2024,02-04-0110-43,El Progreso,201,Público,Rural,Hombre,6,Primaria,Ladino/Mestizo,Diario,Matutina,Promovido,No,No,02-04,1,2,1,2,5,1,1,1,2,2,2
2024,19-04-0132-43,Zacapa,1901,Público,Urbana,Hombre,2,Primaria,Ladino/Mestizo,Diario,Matutina,Promovido,No,No,19-04,1,1,1,2,5,1,1,1,2,2,19
2024,19-09-0282-43,Zacapa,1901,Público,Rural,Hombre,1,Primaria,Ladino/Mestizo,Diario,Matutina,No promovido,No,No,19-09,1,2,1,2,5,1,1,5,2,2,19
2024,19-01-0337-43,Zacapa,1901,Público,Rural,Hombre,5,Primaria,Ladino/Mestizo,Diario,Matutina,Promovido,No,No,19-01,1,2,1,2,5,1,1,1,2,2,19
2024,15-01-0007-42,Baja Verapaz,1501,Privado,Urbana,Hombre,6,Preprimaria,Ladino/Mestizo,Diario,Matutina,Promovido,No,No,15-01,2,1,1,1,5,1,1,1,2,2,15
2024,02-07-0155-42,El Progreso,201,Público,Urbana,Hombre,5,Preprimaria,Ladino/Mestizo,Diario,Matutina,Promovido,No,No,02-07,1,1,1,1,5,1,1,1,2,2,2
2024,15-07-0017-45,Baja Verapaz,1501,Público,Rural,Mujer,3,Básico,Ladino/Mestizo,Diario,Vespertina,Promovido,Sí,Ignorado,15-07,1,2,2,3,5,1,2,1,1,9,15
2024,02-08-0003-42,El Progreso,201,Público,Rural,Hombre,5,Preprimaria,Ladino/Mestizo,Diario,Matutina,Promovido,No,No,02-08,1,2,1,1,5,1,1,1,2,2,2
2024,19-04-0182-43,Zacapa,1901,Público,Rural,Hombre,1,Primaria,Ladino/Mestizo,Diario,Matutina,Promovido,No,No,19-04,1,2,1,2,5,1,1,1,2,2,19
2024,15-08-0042-43,Baja Verapaz,1501,Público,Rural,Mujer,1,Primaria,Maya,Diario,Matutina,No promovido,No,No,15-08,1,2,2,2,1,1,1,5,2,2,15
2024,02-03-0049-45,El Progreso,201,Público,Rural,Hombre,2,Básico,Ladino/Mestizo,Diario,Vespertina,Promovido,No,No,02-03,1,2,1,3,5,1,2,1,2,2,2
2024,15-02-0081-43,Baja Verapaz,1501,Público,Rural,Mujer,4,Primaria,Ladino/Mestizo,Diario,Matutina,Promovido,No,No,15-02,1,2,2,2,5,1,1,1,2,2,15
2024,15-07-1547-42,Baja Verapaz,1501,Público,Rural,Mujer,6,Preprimaria,Ladino/Mestizo,Diario,Matutina,Retirado,No,No,15-07,1,2,2,1,5,1,1,3,2,2,15
2024,19-04-0138-43,Zacapa,1901,Público,Rural,Hombre,4,Primaria,Ladino/Mestizo,Diario,Matutina,Promovido,No,No,19-04,1,2,1,2,5,1,1,1,2,2,19
2024,15-03-1268-43,Baja Verapaz,1501,Privado,Rural,Hombre,4,Primaria,Maya,Diario,Matutina,Promovido,No,No,15-03,2,2,1,2,1,1,1,1,2,2,15
2024,02-06-0137-43,El Progreso,201,Público,Rural,Mujer,5,Primaria,Ladino/Mestizo,Diario,Matutina,Promovido,No,No,02-06,1,2,2,2,5,1,1,1,2,2,2
2024,15-03-0132-45,Baja Verapaz,1501,Público,Urbana,Hombre,2,Básico,Ladino/Mestizo,Diario,Matutina,Promovido,No,No,15-03,1,1,1,3,5,1,1,1,2,2,15
2024,02-07-0199-45,El Progreso,201,Privado,Urbana,Mujer,2,Básico,Ladino/Mestizo,Diario,Matutina,Promovido,No,No,02-07,2,1,2,3,5,1,1,1,2,2,2
2024,19-07-0244-45,Zacapa,1901,Público,Urbana,Mujer,3,Básico,Ladino/Mestizo,Diario,Matutina,Promovido,No,No,19-07,1,1,2,3,5,1,1,1,2,2,19
2024,02-03-0075-43,El Progreso,201,Público,Rural,Hombre,5,Primaria,Ladino/Mestizo,Diario,Matutina,Promovido,No,No,02-03,1,2,1,2,5,1,1,1,2,2,2
2024,19-01-0319-43,Zacapa,1901,Privado,Urbana,Hombre,5,Primaria,Ladino/Mestizo,Diario,Matutina,Promovido,No,No,19-01,2,1,1,2,5,1,1,1,2,2,19
2024,15-02-1764-42,Baja Verapaz,1501,Público,Urbana,Mujer,2,Preprimaria,Maya,Diario,Matutina,Promovido,No,No,15-02,1,1,2,1,1,1,1,1,2,2,15
2024,15-04-0326-43,Baja Verapaz,1501,Público,Rural,Hombre,2,Primaria,Maya,Diario,Matutina,Promovido,No,No,15-04,1,2,1,2,1,1,1,1,2,2,15
2024,19-08-1054-42,Zacapa,1901,Público,Urbana,Mujer,6,Preprimaria,Ladino/Mestizo,Diario,Matutina,Promovido,No,No,19-08,1,1,2,1,5,1,1,1,2,2,19
2024,19-09-0799-42,Zacapa,1901,Público,Rural,Mujer,5,Preprimaria,Ladino/Mestizo,Diario,Matutina,Promovido,No,No,19-09,1,2,2,1,5,1,1,1,2,2,19
2024,15-08-0148-45,Baja Verapaz,1501,Público,Rural,Hombre,1,Básico,Maya,Diario,Vespertina,Promovido,No,No,15-08,1,2,1,3,1,1,2,1,2,2,15
2024,19-04-0062-43,Zacapa,1901,Privado,Urbana,Hombre,2,Primaria,Ladino/Mestizo,Diario,Vespertina,Promovido,No,No,19-04,2,1,1,2,5,1,2,1,2,2,19
2024,15-01-0039-43,Baja Verapaz,1501,Público,Rural,Hombre,2,Primaria,Ladino/Mestizo,Diario,Matutina,Promovido,No,No,15-01,1,2,1,2,5,1,1,1,2,2,15
2024,15-04-1302-42,Baja Verapaz,1501,Público,Rural,Mujer,6,Preprimaria,Maya,Diario,Matutina,Promovido,No,No,15-04,1,2,2,1,1,1,1,1,2,2,15
2024,02-03-0083-43,El Progreso,201,Público,Rural,Hombre,5,Primaria,Ladino/Mestizo,Diario,Matutina,Promovido,Sí,No,02-03,1,2,1,2,5,1,1,1,1,2,2
2024,15-01-1849-45,Baja Verapaz,1501,Privado,Urbana,Mujer,3,Básico,Ladino/Mestizo,Diario,Matutina,Promovido,No,No,15-01,2,1,2,3,5,1,1,1,2,2,15
2024,02-03-0100-45,El Progreso,201,Cooperativa,Urbana,Mujer,3,Básico,Ladino/Mestizo,Diario,Vespertina,Promovido,Sí,No,02-03,4,1,2,3,5,1,2,1,1,2,2
2024,02-07-0199-45,El Progreso,201,Privado,Urbana,Mujer,3,Básico,Ladino/Mestizo,Diario,Matutina,Promovido,No,No,02-07,2,1,2,3,5,1,1,1,2,2,2
2024,15-06-0234-45,Baja Verapaz,1501,Cooperativa,Urbana,Mujer,1,Básico,Ladino/Mestizo,Diario,Vespertina,Promovido,No,No,15-06,4,1,2,3,5,1,2,1,2,2,15
2024,15-02-0087-43,Baja Verapaz,1501,Público,Rural,Hombre,4,Primaria,Maya,Diario,Matutina,Promovido,No,No,15-02,1,2,1,2,1,1,1,1,2,2,15
2024,19-03-0103-43,Zacapa,1901,Público,Rural,Hombre,2,Primaria,Ladino/Mestizo,Diario,Matutina,Retirado,No,No,19-03,1,2,1,2,5,1,1,3,2,2,19
2024,19-05-0049-46,Zacapa,1901,Cooperativa,Urbana,Hombre,4,Diversificado,Ladino/Mestizo,Diario,Vespertina,Promovido,No,Ignorado,19-05,4,1,1,4,5,1,2,1,2,9,19
2024,19-10-0294-43,Zacapa,1901,Público,Urbana,Hombre,6,Primaria,Ladino/Mestizo,Diario,Matutina,Promovido,No,No,19-10,1,1,1,2,5,1,1,1,2,2,19
2024,19-01-0729-45,Zacapa,1901,Público,Rural,Mujer,1,Básico,Ladino/Mestizo,Diario,Vespertina,Retirado,No,No,19-01,1,2,2,3,5,1,2,3,2,2,19
2024,02-02-0575-42,El Progreso,201,Público,Rural,Mujer,4,Preprimaria,Ladino/Mestizo,Diario,Matutina,Promovido,No,No,02-02,1,2,2,1,5,1,1,1,2,2,2
2024,15-01-0026-43,Baja Verapaz,1501,Público,Rural,Hombre,2,Primaria,Ladino/Mestizo,Diario,Matutina,Promovido,No,No,15-01,1,2,1,2,5,1,1,1,2,2,15
2024,19-05-0892-42,Zacapa,1901,Público,Rural,Mujer,4,Preprimaria,Ladino/Mestizo,Diario,Matutina,Promovido,No,No,19-05,1,2,2,1,5,1,1,1,2,2,19
2024,15-08-0246-43,Baja Verapaz,1501,Público,Rural,Mujer,2,Primaria,Maya,Diario,Matutina,Vigente,No,No,15-08,1,2,2,2,1,1,1,2,2,2,15
2024,02-06-0133-42,El Progreso,201,Público,Urbana,Mujer,6,Preprimaria,Ladino/Mestizo,Diario,Matutina,Promovido,No,No,02-06,1,1,2,1,5,1,1,1,2,2,2
2024,19-01-0927-43,Zacapa,1901,Público,Rural,Mujer,2,Primaria,Ladino/Mestizo,Diario,Matutina,Promovido,No,No,19-01,1,2,2,2,5,1,1,1,2,2,19
2024,19-11-0003-42,Zacapa,1901,Público,Urbana,Mujer,6,Preprimaria,Ladino/Mestizo,Diario,Matutina,Promovido,No,No,19-11,1,1,2,1,5,1,1,1,2,2,19
2024,15-08-0358-43,Baja Verapaz,1501,Público,Rural,Hombre,6,Primaria,Maya,Diario,Matutina,Promovido,No,No,15-08,1,2,1,2,1,1,1,1,2,2,15
2024,19-01-0887-42,Zacapa,1901,Público,Rural,Hombre,5,Preprimaria,Ladino/Mestizo,Diario,Matutina,Promovido,No,No,19-01,1,2,1,1,5,1,1,1,2,2,19
2024,19-01-0023-43,Zacapa,1901,Público,Rural,Mujer,6,Primaria,Ladino/Mestizo,Diario,Matutina,Promovido,No,No,19-01,1,2,2,2,5,1,1,1,2,2,19
2024,02-02-0586-42,El Progreso,201,Público,Rural,Hombre,5,Preprimaria,Ladino/Mestizo,Diario,Matutina,Promovido,No,No,02-02,1,2,1,1,5,1,1,1,2,2,2
2024,15-04-0145-43,Baja Verapaz,1501,Público,Rural,Mujer,2,Primaria,Maya,Diario,Matutina,Promovido,Sí,No,15-04,1,2,2,2,1,1,1,1,1,2,15
2024,15-08-1527-43,Baja Verapaz,1501,Público,Urbana,Mujer,3,Primaria,Ladino/Mestizo,Diario,Vespertina,No promovido,No,No,15-08,1,1,2,2,5,1,2,5,2,2,15
2024,15-03-2037-43,Baja Verapaz,1501,Público,Urbana,Mujer,1,Primaria,Maya,Diario,Matutina,Promovido,No,No,15-03,1,1,2,2,1,1,1,1,2,2,15
2024,19-10-1009-46,Zacapa,1901,Cooperativa,Urbana,Mujer,4,Diversificado,Ladino/Mestizo,Diario,Vespertina,No promovido,No,No,19-10,4,1,2,4,5,1,2,5,2,2,19
2024,15-01-0064-43,Baja Verapaz,1501,Público,Rural,Hombre,3,Primaria,Maya,Diario,Matutina,No promovido,No,No,15-01,1,2,1,2,1,1,1,5,2,2,15
2024,15-01-0019-43,Baja Verapaz,1501,Público,Urbana,Hombre,4,Primaria,Ladino/Mestizo,Diario,Vespertina,Promovido,No,No,15-01,1,1,1,2,5,1,2,1,2,2,15
2024,19-03-0838-42,Zacapa,1901,Público,Rural,Hombre,5,Preprimaria,Ladino/Mestizo,Diario,Matutina,Promovido,No,No,19-03,1,2,1,1,5,1,1,1,2,2,19
2024,15-03-0021-43,Baja Verapaz,1501,Público,Rural,Mujer,1,Primaria,Ladino/Mestizo,Diario,Matutina,No promovido,No,No,15-03,1,2,2,2,5,1,1,5,2,2,15
2024,02-07-0174-43,El Progreso,201,Público,Rural,Hombre,5,Primaria,Ladino/Mestizo,Diario,Matutina,Promovido,No,No,02-07,1,2,1,2,5,1,1,1,2,2,2
2024,15-05-0004-43,Baja Verapaz,1501,Público,Rural,Hombre,6,Primaria,Ladino/Mestizo,Diario,Matutina,Promovido,No,No,15-05,1,2,1,2,5,1,1,1,2,2,15
2024,19-01-1138-43,Zacapa,1901,Público,Rural,Hombre,5,Primaria,Ladino/Mestizo,Diario,Matutina,Promovido,No,No,19-01,1,2,1,2,5,1,1,1,2,2,19
2024,19-09-0045-43,Zacapa,1901,Público,Rural,Mujer,2,Primaria,Ladino/Mestizo,Diario,Matutina,Promovido,No,No,19-09,1,2,2,2,5,1,1,1,2,2,19
2024,15-08-0136-43,Baja Verapaz,1501,Público,Rural,Hombre,5,Primaria,Maya,Diario,Matutina,Promovido,No,No,15-08,1,2,1,2,1,1,1,1,2,2,15
2024,02-02-0030-43,El Progreso,201,Público,Urbana,Mujer,5,Primaria,Ladino/Mestizo,Diario,Matutina,Promovido,No,No,02-02,1,1,2,2,5,1,1,1,2,2,2
2024,19-05-0209-43,Zacapa,1901,Público,Rural,Hombre,2,Primaria,Ladino/Mestizo,Diario,Matutina,No promovido,No,No,19-05,1,2,1,2,5,1,1,5,2,2,19
2024,19-08-0012-42,Zacapa,1901,Público,Rural,Hombre,3,Preprimaria,Ladino/Mestizo,Diario,Matutina,Promovido,No,No,19-08,1,2,1,1,5,1,1,1,2,2,19
2024,19-03-0124-43,Zacapa,1901,Público,Rural,Hombre,5,Primaria,Ladino/Mestizo,Diario,Matutina,Promovido,No,No,19-03,1,2,1,2,5,1,1,1,2,2,19
2024,15-08-0168-43,Baja Verapaz,1501,Privado,Urbana,Mujer,4,Primaria,Maya,Diario,Matutina,Promovido,No,No,15-08,2,1,2,2,1,1,1,1,2,2,15
2024,02-03-0646-45,El Progreso,201,Público,Rural,Mujer,1,Básico,Ladino/Mestizo,Diario,Doble,Promovido,No,No,02-03,1,2,2,3,5,1,4,1,2,2,2
2024,15-08-0358-43,Baja Verapaz,1501,Público,Rural,Hombre,6,Primaria,Ladino/Mestizo,Diario,Matutina,Promovido,No,No,15-08,1,2,1,2,5,1,1,1,2,2,15
2024,15-01-0154-46,Baja Verapaz,1501,Privado,Urbana,Mujer,4,Diversificado,Ladino/Mestizo,Diario,Vespertina,Promovido,No,No,15-01,2,1,2,4,5,1,2,1,2,2,15
2024,15-02-0098-43,Baja Verapaz,1501,Privado,Rural,Hombre,2,Primaria,Maya,Diario,Matutina,Promovido,No,No,15-02,2,2,1,2,1,1,1,1,2,2,15
2024,15-04-0167-43,Baja Verapaz,1501,Público,Rural,Mujer,6,Primaria,Ladino/Mestizo,Diario,Matutina,Promovido,No,No,15-04,1,2,2,2,5,1,1,1,2,2,15
2024,15-06-1265-46,Baja Verapaz,1501,Privado,Urbana,Hombre,5,Diversificado,Ladino/Mestizo,Diario,Vespertina,Promovido,No,No,15-06,2,1,1,4,5,1,2,1,2,2,15
2024,02-03-0062-43,El Progreso,201,Público,Rural,Hombre,3,Primaria,Ladino/Mestizo,Diario,Matutina,Promovido,No,No,02-03,1,2,1,2,5,1,1,1,2,2,2
2024,19-04-1166-42,Zacapa,1901,Público,Rural,Mujer,4,Preprimaria,Ladino/Mestizo,Diario,Matutina,Promovido,No,No,19-04,1,2,2,1,5,1,1,1,2,2,19
2024,15-07-0664-42,Baja Verapaz,1501,Público,Rural,Mujer,3,Preprimaria,Ladino/Mestizo,Diario,Matutina,Promovido,No,No,15-07,1,2,2,1,5,1,1,1,2,2,15
2024,02-08-0205-43,El Progreso,201,Público,Urbana,Hombre,6,Primaria,Ladino/Mestizo,Diario,Matutina,Promovido,No,No,02-08,1,1,1,2,5,1,1,1,2,2,2
2024,02-01-0248-45,El Progreso,201,Público,Urbana,Hombre,2,Básico,Ladino/Mestizo,Diario,Vespertina,Promovido,No,No,02-01,1,1,1,3,5,1,2,1,2,2,2
2024,15-02-0143-45,Baja Verapaz,1501,Público,Rural,Mujer,1,Básico,Maya,Diario,Matutina,Vigente,No,No,15-02,1,2,2,3,1,1,1,2,2,2,15
2024,02-07-0029-42,El Progreso,201,Privado,Urbana,Hombre,5,Preprimaria,Ladino/Mestizo,Diario,Matutina,Promovido,No,No,02-07,2,1,1,1,5,1,1,1,2,2,2
2024,02-06-0024-46,El Progreso,201,Municipal,Urbana,Hombre,4,Diversificado,Ladino/Mestizo,Semipresencial,Ignorado,Retirado,No,Sí,02-06,3,1,1,4,5,4,9,3,2,1,2
2024,19-01-1032-42,Zacapa,1901,Público,Rural,Hombre,4,Preprimaria,Ladino/Mestizo,Diario,Matutina,Promovido,No,No,19-01,1,2,1,1,5,1,1,1,2,2,19
2024,15-04-0142-43,Baja Verapaz,1501,Público,Rural,Mujer,5,Primaria,Maya,Diario,Matutina,Promovido,No,No,15-04,1,2,2,2,1,1,1,1,2,2,15
2024,19-04-0196-45,Zacapa,1901,Público,Urbana,Mujer,1,Básico,Ladino/Mestizo,Diario,Matutina,Retirado,No,No,19-04,1,1,2,3,5,1,1,3,2,2,19
2024,19-04-0072-43,Zacapa,1901,Público,Rural,Mujer,2,Primaria,Ladino/Mestizo,Diario,Matutina,No promovido,Sí,No,19-04,1,2,2,2,5,1,1,5,1,2,19
2024,19-03-0097-43,Zacapa,1901,Público,Urbana,Hombre,6,Primaria,Ladino/Mestizo,Diario,Matutina,Promovido,No,No,19-03,1,1,1,2,5,1,1,1,2,2,19
2024,15-01-0339-43,Baja Verapaz,1501,Público,Rural,Mujer,2,Primaria,Ladino/Mestizo,Diario,Matutina,Promovido,No,No,15-01,1,2,2,2,5,1,1,1,2,2,15
2024,15-01-0113-46,Baja Verapaz,1501,Privado,Urbana,Mujer,5,Diversificado,Ladino/Mestizo,Fin de semana,Doble,Retirado,No,No,15-01,2,1,2,4,5,2,4,3,2,2,15
2024,19-04-0044-45,Zacapa,1901,Público,Rural,Hombre,1,Básico,Ladino/Mestizo,Diario,Vespertina,Promovido,No,No,19-04,1,2,1,3,5,1,2,1,2,2,19
2024,15-02-1235-42,Baja Verapaz,1501,Público,Rural,Hombre,4,Preprimaria,Maya,Diario,Matutina,Promovido,No,No,15-02,1,2,1,1,1,1,1,1,2,2,15
2024,02-01-0026-45,El Progreso,201,Público,Urbana,Mujer,3,Básico,Ladino/Mestizo,Diario,Matutina,Promovido,No,No,02-01,1,1,2,3,5,1,1,1,2,2,2
2024,19-04-0132-42,Zacapa,1901,Público,Urbana,Hombre,6,Preprimaria,Ladino/Mestizo,Diario,Matutina,Retirado,No,No,19-04,1,1,1,1,5,1,1,3,2,2,19
2024,15-07-0010-43,Baja Verapaz,1501,Público,Rural,Mujer,2,Primaria,Ladino/Mestizo,Diario,Matutina,Promovido,No,No,15-07,1,2,2,2,5,1,1,1,2,2,15
2024,15-08-0102-45,Baja Verapaz,1501,Público,Rural,Mujer,2,Básico,Maya,Diario,Vespertina,No promovido,No,No,15-08,1,2,2,3,1,1,2,5,2,2,15
2024,02-02-0029-42,El Progreso,201,Público,Urbana,Mujer,6,Preprimaria,Ladino/Mestizo,Diario,Matutina,Promovido,No,No,02-02,1,1,2,1,5,1,1,1,2,2,2
2024,15-04-0351-43,Baja Verapaz,1501,Público,Rural,Mujer,3,Primaria,Ladino/Mestizo,Diario,Matutina,No promovido,No,No,15-04,1,2,2,2,5,1,1,5,2,2,15
2024,15-01-2024-45,Baja Verapaz,1501,Privado,Urbana,Mujer,3,Básico,Ladino/Mestizo,Fin de semana,Doble,Promovido,Sí,No,15-01,2,1,2,3,5,2,4,1,1,2,15
2024,15-08-0001-43,Baja Verapaz,1501,Público,Rural,Mujer,2,Primaria,Maya,Diario,Matutina,Promovido,No,No,15-08,1,2,2,2,1,1,1,1,2,2,15
2024,19-01-0703-43,Zacapa,1901,Privado,Urbana,Hombre,1,Primaria,Ladino/Mestizo,Diario,Matutina,Promovido,No,No,19-01,2,1,1,2,5,1,1,1,2,2,19
2024,02-03-0057-42,El Progreso,201,Público,Urbana,Mujer,6,Preprimaria,Ladino/Mestizo,Diario,Matutina,Promovido,No,No,02-03,1,1,2,1,5,1,1,1,2,2,2
2024,02-01-0244-43,El Progreso,201,Privado,Urbana,Hombre,6,Primaria,Ladino/Mestizo,Diario,Matutina,Promovido,No,No,02-01,2,1,1,2,5,1,1,1,2,2,2
2024,19-04-0837-45,Zacapa,1901,Privado,Urbana,Mujer,3,Básico,Ladino/Mestizo,Diario,Matutina,Promovido,No,No,19-04,2,1,2,3,5,1,1,1,2,2,19
2024,02-05-0122-43,El Progreso,201,Público,Rural,Hombre,3,Primaria,Ladino/Mestizo,Diario,Matutina,Promovido,No,No,02-05,1,2,1,2,5,1,1,1,2,2,2
2024,19-06-0994-42,Zacapa,1901,Público,Rural,Mujer,6,Preprimaria,Ladino/Mestizo,Diario,Matutina,Promovido,No,No,19-06,1,2,2,1,5,1,1,1,2,2,19
2024,15-02-1746-41,Baja Verapaz,1501,Público,Rural,Mujer,5,Preprimaria,Maya,Diario,Matutina,Promovido,No,No,15-02,1,2,2,1,1,1,1,1,2,2,15
2024,02-07-0626-43,El Progreso,201,Privado,Urbana,Hombre,5,Primaria,Ladino/Mestizo,Diario,Matutina,Promovido,No,No,02-07,2,1,1,2,5,1,1,1,2,2,2
2024,02-01-0735-43,El Progreso,201,Privado,Urbana,Hombre,5,Primaria,Ladino/Mestizo,Diario,Matutina,Promovido,No,No,02-01,2,1,1,2,5,1,1,1,2,2,2
2024,15-04-0143-43,Baja Verapaz,1501,Público,Rural,Mujer,3,Primaria,Maya,Diario,Matutina,Promovido,No,No,15-04,1,2,2,2,1,1,1,1,2,2,15
2024,15-01-0024-43,Baja Verapaz,1501,Público,Rural,Hombre,1,Primaria,Ladino/Mestizo,Diario,Matutina,No promovido,No,No,15-01,1,2,1,2,5,1,1,5,2,2,15
2024,15-04-0017-43,Baja Verapaz,1501,Público,Rural,Hombre,6,Primaria,Maya,Diario,Matutina,Promovido,No,No,15-04,1,2,1,2,1,1,1,1,2,2,15
2024,02-07-0163-43,El Progreso,201,Público,Rural,Hombre,2,Primaria,Ladino/Mestizo,Diario,Matutina,Promovido,No,No,02-07,1,2,1,2,5,1,1,1,2,2,2
2024,19-01-0053-43,Zacapa,1901,Público,Rural,Mujer,1,Primaria,Ladino/Mestizo,Diario,Matutina,Promovido,No,No,19-01,1,2,2,2,5,1,1,1,2,2,19
2024,19-01-0011-43,Zacapa,1901,Público,Urbana,Hombre,6,Primaria,Ladino/Mestizo,Diario,Matutina,Promovido,No,No,19-01,1,1,1,2,5,1,1,1,2,2,19
2024,19-01-0355-45,Zacapa,1901,Público,Urbana,Hombre,2,Básico,Ladino/Mestizo,Diario,Vespertina,Promovido,No,No,19-01,1,1,1,3,5,1,2,1,2,2,19
2024,15-04-0104-43,Baja Verapaz,1501,Público,Rural,Hombre,1,Primaria,Maya,Diario,Matutina,No promovido,No,No,15-04,1,2,1,2,1,1,1,5,2,2,15
2024,19-05-0207-43,Zacapa,1901,Público,Rural,Hombre,3,Primaria,Ladino/Mestizo,Diario,Matutina,Promovido,No,No,19-05,1,2,1,2,5,1,1,1,2,2,19
2024,19-07-0244-45,Zacapa,1901,Público,Urbana,Hombre,2,Básico,Ladino/Mestizo,Diario,Matutina,Promovido,No,No,19-07,1,1,1,3,5,1,1,1,2,2,19
2024,19-09-0262-43,Zacapa,1901,Público,Urbana,Hombre,6,Primaria,Ladino/Mestizo,Diario,Matutina,Promovido,No,No,19-09,1,1,1,2,5,1,1,1,2,2,19
2024,02-07-0679-46,El Progreso,201,Privado,Urbana,Hombre,5,Diversificado,Ladino/Mestizo,Diario,Matutina,Promovido,Sí,Sí,02-07,2,1,1,4,5,1,1,1,1,1,2
2024,15-03-2208-42,Baja Verapaz,1501,Público,Rural,Hombre,3,Preprimaria,Maya,Diario,Matutina,Promovido,No,No,15-03,1,2,1,1,1,1,1,1,2,2,15
2024,15-03-0046-46,Baja Verapaz,1501,Público,Urbana,Hombre,5,Diversificado,Ladino/Mestizo,Diario,Vespertina,Retirado,No,Sí,15-03,1,1,1,4,5,1,2,3,2,1,15
2024,19-01-0001-42,Zacapa,1901,Público,Urbana,Mujer,4,Preprimaria,Ladino/Mestizo,Diario,Matutina,Promovido,No,No,19-01,1,1,2,1,5,1,1,1,2,2,19
2024,02-08-0221-43,El Progreso,201,Público,Rural,Mujer,5,Primaria,Ladino/Mestizo,Diario,Matutina,Promovido,No,No,02-08,1,2,2,2,5,1,1,1,2,2,2
2024,19-03-1058-45,Zacapa,1901,Público,Urbana,Hombre,3,Básico,Ladino/Mestizo,Diario,Matutina,Promovido,No,No,19-03,1,1,1,3,5,1,1,1,2,2,19
2024,15-03-0094-42,Baja Verapaz,1501,Público,Urbana,Mujer,6,Preprimaria,Maya,Diario,Matutina,Promovido,No,No,15-03,1,1,2,1,1,1,1,1,2,2,15
2024,19-02-1084-43,Zacapa,1901,Privado,Urbana,Mujer,6,Primaria,Ladino/Mestizo,Diario,Matutina,Promovido,No,No,19-02,2,1,2,2,5,1,1,1,2,2,19
2024,15-01-2021-43,Baja Verapaz,1501,Privado,Urbana,Hombre,4,Primaria,Ladino/Mestizo,Diario,Matutina,Promovido,No,No,15-01,2,1,1,2,5,1,1,1,2,2,15
2024,15-03-0122-43,Baja Verapaz,1501,Público,Rural,Hombre,4,Primaria,Maya,Diario,Matutina,Promovido,No,No,15-03,1,2,1,2,1,1,1,1,2,2,15
2024,19-03-0004-46,Zacapa,1901,Cooperativa,Urbana,Hombre,6,Diversificado,Ladino/Mestizo,Diario,Vespertina,Promovido,No,Sí,19-03,4,1,1,4,5,1,2,1,2,1,19
2024,15-03-0032-43,Baja Verapaz,1501,Público,Rural,Mujer,6,Primaria,Maya,Diario,Matutina,Promovido,No,No,15-03,1,2,2,2,1,1,1,1,2,2,15
2024,19-04-0037-43,Zacapa,1901,Público,Rural,Mujer,1,Primaria,Ladino/Mestizo,Diario,Matutina,No promovido,Sí,No,19-04,1,2,2,2,5,1,1,5,1,2,19
2024,15-04-0177-43,Baja Verapaz,1501,Público,Rural,Hombre,2,Primaria,Maya,Diario,Matutina,Promovido,No,No,15-04,1,2,1,2,1,1,1,1,2,2,15
2024,19-07-0229-43,Zacapa,1901,Público,Rural,Mujer,6,Primaria,Ladino/Mestizo,Diario,Matutina,Promovido,No,No,19-07,1,2,2,2,5,1,1,1,2,2,19
2024,02-07-0564-42,El Progreso,201,Privado,Urbana,Mujer,6,Preprimaria,Ladino/Mestizo,Diario,Matutina,Promovido,No,No,02-07,2,1,2,1,5,1,1,1,2,2,2
2024,19-06-0222-43,Zacapa,1901,Público,Rural,Hombre,1,Primaria,Ladino/Mestizo,Diario,Matutina,Promovido,No,No,19-06,1,2,1,2,5,1,1,1,2,2,19
2024,15-08-0075-43,Baja Verapaz,1501,Público,Rural,Hombre,6,Primaria,Maya,Diario,Matutina,Promovido,No,No,15-08,1,2,1,2,1,1,1,1,2,2,15
2024,02-01-0412-42,El Progreso,201,Público,Rural,Hombre,1,Preprimaria,Ladino/Mestizo,Diario,Matutina,Promovido,No,No,02-01,1,2,1,1,5,1,1,1,2,2,2
2024,15-08-0061-43,Baja Verapaz,1501,Público,Rural,Hombre,4,Primaria,Maya,Diario,Matutina,Promovido,No,No,15-08,1,2,1,2,1,1,1,1,2,2,15
2024,15-01-0071-43,Baja Verapaz,1501,Público,Urbana,Mujer,3,Primaria,Ladino/Mestizo,Diario,Matutina,Promovido,Sí,No,15-01,1,1,2,2,5,1,1,1,1,2,15
2024,15-08-0135-43,Baja Verapaz,1501,Público,Rural,Hombre,4,Primaria,Maya,Diario,Matutina,Promovido,No,No,15-08,1,2,1,2,1,1,1,1,2,2,15
2024,15-01-0047-44,Baja Verapaz,1501,Público,Urbana,Hombre,4,Primaria de adultos,Ladino/Mestizo,Diario,Nocturna,Promovido,No,No,15-01,1,1,1,5,5,1,3,1,2,2,15
2024,15-07-1671-43,Baja Verapaz,1501,Público,Urbana,Hombre,5,Primaria,Ladino/Mestizo,Diario,Vespertina,Retirado,No,No,15-07,1,1,1,2,5,1,2,3,2,2,15
2024,15-03-0045-45,Baja Verapaz,1501,Público,Urbana,Mujer,2,Básico,Maya,Diario,Vespertina,Promovido,No,Ignorado,15-03,1,1,2,3,1,1,2,1,2,9,15
2024,19-09-0776-43,Zacapa,1901,Público,Urbana,Hombre,5,Primaria,Ladino/Mestizo,Diario,Vespertina,Promovido,No,No,19-09,1,1,1,2,5,1,2,1,2,2,19
2024,15-08-0189-45,Baja Verapaz,1501,Privado,Rural,Hombre,1,Básico,Maya,Diario,Vespertina,No promovido,No,Ignorado,15-08,2,2,1,3,1,1,2,5,2,9,15
2024,15-04-1544-42,Baja Verapaz,1501,Público,Rural,Mujer,5,Preprimaria,Maya,Diario,Matutina,Promovido,No,No,15-04,1,2,2,1,1,1,1,1,2,2,15
2024,15-08-0273-42,Baja Verapaz,1501,Público,Urbana,Hombre,5,Preprimaria,Ladino/Mestizo,Diario,Matutina,Promovido,No,No,15-08,1,1,1,1,5,1,1,1,2,2,15
2024,19-05-0049-46,Zacapa,1901,Cooperativa,Urbana,Mujer,6,Diversificado,Ladino/Mestizo,Diario,Vespertina,Promovido,No,Sí,19-05,4,1,2,4,5,1,2,1,2,1,19
2024,02-01-0735-43,El Progreso,201,Privado,Urbana,Hombre,5,Primaria,Ladino/Mestizo,Diario,Matutina,Promovido,No,No,02-01,2,1,1,2,5,1,1,1,2,2,2
2024,19-02-1038-43,Zacapa,1901,Público,Urbana,Hombre,1,Primaria,Ladino/Mestizo,Diario,Matutina,Promovido,No,No,19-02,1,1,1,2,5,1,1,1,2,2,19
2024,19-08-0251-43,Zacapa,1901,Público,Rural,Hombre,6,Primaria,Ladino/Mestizo,Diario,Matutina,Promovido,No,No,19-08,1,2,1,2,5,1,1,1,2,2,19
2024,15-01-0011-43,Baja Verapaz,1501,Público,Rural,Hombre,1,Primaria,Ladino/Mestizo,Diario,Matutina,Promovido,No,No,15-01,1,2,1,2,5,1,1,1,2,2,15
2024,19-01-0170-46,Zacapa,1901,Privado,Urbana,Mujer,4,Diversificado,Ladino/Mestizo,Diario,Matutina,Promovido,No,No,19-01,2,1,2,4,5,1,1,1,2,2,19
2024,19-03-0949-45,Zacapa,1901,Privado,Rural,Hombre,1,Básico,Ladino/Mestizo,Diario,Matutina,Promovido,No,No,19-03,2,2,1,3,5,1,1,1,2,2,19
2024,02-08-0615-45,El Progreso,201,Público,Rural,Hombre,2,Básico,Ladino/Mestizo,Diario,Matutina,Promovido,No,No,02-08,1,2,1,3,5,1,1,1,2,2,2
2024,15-08-0104-45,Baja Verapaz,1501,Público,Rural,Hombre,1,Básico,Maya,Diario,Vespertina,No promovido,No,No,15-08,1,2,1,3,1,1,2,5,2,2,15
2024,19-01-0862-42,Zacapa,1901,Público,Rural,Hombre,2,Preprimaria,Ladino/Mestizo,Diario,Matutina,Promovido,No,No,19-01,1,2,1,1,5,1,1,1,2,2,19
2024,19-05-0774-43,Zacapa,1901,Público,Urbana,Hombre,6,Primaria,Ladino/Mestizo,Diario,Vespertina,Promovido,No,No,19-05,1,1,1,2,5,1,2,1,2,2,19
2024,19-01-1033-42,Zacapa,1901,Público,Rural,Hombre,4,Preprimaria,Ladino/Mestizo,Diario,Matutina,Promovido,No,No,19-01,1,2,1,1,5,1,1,1,2,2,19
2024,15-08-0292-43,Baja Verapaz,1501,Público,Rural,Hombre,2,Primaria,Maya,Diario,Matutina,No promovido,Sí,No,15-08,1,2,1,2,1,1,1,5,1,2,15
2024,15-03-0126-43,Baja Verapaz,1501,Público,Rural,Hombre,4,Primaria,Maya,Diario,Matutina,Promovido,No,No,15-03,1,2,1,2,1,1,1,1,2,2,15
2024,15-08-0267-41,Baja Verapaz,1501,Público,Rural,Hombre,6,Preprimaria,Maya,Diario,Matutina,Promovido,No,No,15-08,1,2,1,1,1,1,1,1,2,2,15
2024,15-06-0220-43,Baja Verapaz,1501,Público,Rural,Mujer,6,Primaria,Ladino/Mestizo,Diario,Matutina,Promovido,No,No,15-06,1,2,2,2,5,1,1,1,2,2,15
2024,15-04-0126-42,Baja Verapaz,1501,Público,Rural,Mujer,6,Preprimaria,Maya,Diario,Matutina,Promovido,No,No,15-04,1,2,2,1,1,1,1,1,2,2,15
2024,15-02-0038-45,Baja Verapaz,1501,Público,Rural,Mujer,3,Básico,Maya,Diario,Matutina,Promovido,No,No,15-02,1,2,2,3,1,1,1,1,2,2,15
2024,15-02-0056-41,Baja Verapaz,1501,Público,Rural,Hombre,5,Preprimaria,Maya,Diario,Matutina,Promovido,No,No,15-02,1,2,1,1,1,1,1,1,2,2,15
2024,15-05-0190-43,Baja Verapaz,1501,Público,Rural,Hombre,1,Primaria,Ladino/Mestizo,Diario,Matutina,No promovido,No,No,15-05,1,2,1,2,5,1,1,5,2,2,15
2024,19-09-0020-43,Zacapa,1901,Público,Rural,Mujer,5,Primaria,Ladino/Mestizo,Diario,Matutina,Promovido,No,No,19-09,1,2,2,2,5,1,1,1,2,2,19
2024,15-08-0201-45,Baja Verapaz,1501,Privado,Urbana,Mujer,2,Básico,Maya,Diario,Matutina,Retirado,No,No,15-08,2,1,2,3,1,1,1,3,2,2,15
2024,15-08-0289-43,Baja Verapaz,1501,Público,Rural,Hombre,3,Primaria,Maya,Diario,Matutina,Promovido,No,No,15-08,1,2,1,2,1,1,1,1,2,2,15
2024,15-07-0241-43,Baja Verapaz,1501,Público,Rural,Mujer,5,Primaria,Ladino/Mestizo,Diario,Matutina,Promovido,No,No,15-07,1,2,2,2,5,1,1,1,2,2,15
2024,19-05-0021-45,Zacapa,1901,Público,Rural,Hombre,1,Básico,Ladino/Mestizo,Diario,Matutina,Promovido,No,No,19-05,1,2,1,3,5,1,1,1,2,2,19
2024,02-01-0013-43,El Progreso,201,Público,Rural,Hombre,1,Primaria,Ladino/Mestizo,Diario,Matutina,Promovido,No,No,02-01,1,2,1,2,5,1,1,1,2,2,2
2024,15-03-0103-43,Baja Verapaz,1501,Público,Urbana,Hombre,6,Primaria,Maya,Diario,Matutina,Promovido,No,No,15-03,1,1,1,2,1,1,1,1,2,2,15
2024,15-01-0017-43,Baja Verapaz,1501,Público,Urbana,Mujer,4,Primaria,Ladino/Mestizo,Diario,Matutina,Retirado,No,No,15-01,1,1,2,2,5,1,1,3,2,2,15
2024,19-04-0008-43,Zacapa,1901,Público,Rural,Hombre,1,Primaria,Ladino/Mestizo,Diario,Matutina,Retirado,No,No,19-04,1,2,1,2,5,1,1,3,2,2,19
2024,19-06-0014-42,Zacapa,1901,Público,Rural,Mujer,4,Preprimaria,Ladino/Mestizo,Diario,Matutina,Promovido,No,No,19-06,1,2,2,1,5,1,1,1,2,2,19
2024,19-10-0006-43,Zacapa,1901,Público,Rural,Mujer,4,Primaria,Ladino/Mestizo,Diario,Matutina,Promovido,No,No,19-10,1,2,2,2,5,1,1,1,2,2,19
2024,15-01-2027-42,Baja Verapaz,1501,Público,Rural,Mujer,6,Preprimaria,Ladino/Mestizo,Diario,Matutina,Retirado,No,No,15-01,1,2,2,1,5,1,1,3,2,2,15
2024,19-03-0116-43,Zacapa,1901,Público,Rural,Hombre,6,Primaria,Ladino/Mestizo,Diario,Matutina,Promovido,No,No,19-03,1,2,1,2,5,1,1,1,2,2,19
2024,19-09-0276-43,Zacapa,1901,Público,Rural,Mujer,4,Primaria,Ladino/Mestizo,Diario,Matutina,Promovido,No,No,19-09,1,2,2,2,5,1,1,1,2,2,19
2024,19-06-0685-42,Zacapa,1901,Público,Rural,Mujer,5,Preprimaria,Ladino/Mestizo,Diario,Matutina,Promovido,No,No,19-06,1,2,2,1,5,1,1,1,2,2,19
2024,02-07-0245-43,El Progreso,201,Público,Rural,Hombre,1,Primaria,Ladino/Mestizo,Diario,Matutina,Promovido,No,No,02-07,1,2,1,2,5,1,1,1,2,2,2
2024,19-04-0044-45,Zacapa,1901,Público,Rural,Hombre,3,Básico,Ladino/Mestizo,Diario,Vespertina,Promovido,No,No,19-04,1,2,1,3,5,1,2,1,2,2,19
2024,15-04-0071-43,Baja Verapaz,1501,Público,Rural,Mujer,4,Primaria,Maya,Diario,Matutina,Promovido,No,No,15-04,1,2,2,2,1,1,1,1,2,2,15
2024,15-01-1848-43,Baja Verapaz,1501,Privado,Urbana,Hombre,1,Primaria,Ladino/Mestizo,Diario,Matutina,Promovido,No,No,15-01,2,1,1,2,5,1,1,1,2,2,15
2024,15-05-1823-42,Baja Verapaz,1501,Público,Rural,Mujer,5,Preprimaria,Ladino/Mestizo,Diario,Matutina,Promovido,No,No,15-05,1,2,2,1,5,1,1,1,2,2,15
2024,19-01-0053-43,Zacapa,1901,Público,Rural,Mujer,1,Primaria,Ladino/Mestizo,Diario,Matutina,Promovido,No,No,19-01,1,2,2,2,5,1,1,1,2,2,19
2024,02-05-0118-43,El Progreso,201,Público,Rural,Hombre,6,Primaria,Ladino/Mestizo,Diario,Matutina,Retirado,No,No,02-05,1,2,1,2,5,1,1,3,2,2,2
2024,15-06-1533-43,Baja Verapaz,1501,Público,Rural,Mujer,4,Primaria,Ladino/Mestizo,Diario,Vespertina,Promovido,No,No,15-06,1,2,2,2,5,1,2,1,2,2,15
2024,19-10-0004-42,Zacapa,1901,Público,Rural,Mujer,4,Preprimaria,Ladino/Mestizo,Diario,Matutina,Promovido,No,No,19-10,1,2,2,1,5,1,1,1,2,2,19
2024,15-01-0018-43,Baja Verapaz,1501,Público,Urbana,Hombre,6,Primaria,Ladino/Mestizo,Diario,Matutina,Promovido,No,No,15-01,1,1,1,2,5,1,1,1,2,2,15
2024,15-02-0070-43,Baja Verapaz,1501,Público,Urbana,Hombre,4,Primaria,Maya,Diario,Matutina,Promovido,No,No,15-02,1,1,1,2,1,1,1,1,2,2,15
2024,15-04-0179-43,Baja Verapaz,1501,Público,Rural,Hombre,4,Primaria,Maya,Diario,Matutina,No promovido,No,No,15-04,1,2,1,2,1,1,1,5,2,2,15
2024,15-03-0028-43,Baja Verapaz,1501,Público,Rural,Hombre,2,Primaria,Ladino/Mestizo,Diario,Matutina,No promovido,No,No,15-03,1,2,1,2,5,1,1,5,2,2,15
2024,19-01-0072-45,Zacapa,1901,Público,Urbana,Mujer,1,Básico,Ladino/Mestizo,Diario,Matutina,Promovido,Sí,Ignorado,19-01,1,1,2,3,5,1,1,1,1,9,19
2024,19-01-0009-43,Zacapa,1901,Público,Urbana,Hombre,1,Primaria,Ladino/Mestizo,Diario,Matutina,Promovido,No,No,19-01,1,1,1,2,5,1,1,1,2,2,19
2024,19-08-0247-43,Zacapa,1901,Público,Rural,Hombre,5,Primaria,Ladino/Mestizo,Diario,Matutina,Promovido,No,No,19-08,1,2,1,2,5,1,1,1,2,2,19
2024,15-01-0054-42,Baja Verapaz,1501,Público,Rural,Hombre,6,Preprimaria,Ladino/Mestizo,Diario,Matutina,Promovido,No,No,15-01,1,2,1,1,5,1,1,1,2,2,15
2024,15-05-0188-42,Baja Verapaz,1501,Público,Urbana,Hombre,6,Preprimaria,Ladino/Mestizo,Diario,Matutina,Promovido,No,No,15-05,1,1,1,1,5,1,1,1,2,2,15
2024,15-04-0170-43,Baja Verapaz,1501,Público,Rural,Mujer,3,Primaria,Ladino/Mestizo,Diario,Matutina,Promovido,No,No,15-04,1,2,2,2,5,1,1,1,2,2,15
2024,15-02-0069-42,Baja Verapaz,1501,Público,Rural,Mujer,1,Preprimaria,Maya,Diario,Matutina,Promovido,No,No,15-02,1,2,2,1,1,1,1,1,2,2,15
2024,15-01-0008-43,Baja Verapaz,1501,Público,Urbana,Mujer,1,Primaria,Ladino/Mestizo,Diario,Matutina,Promovido,No,No,15-01,1,1,2,2,5,1,1,1,2,2,15
2024,15-03-0116-43,Baja Verapaz,1501,Público,Rural,Mujer,2,Primaria,Ladino/Mestizo,Diario,Matutina,Promovido,No,No,15-03,1,2,2,2,5,1,1,1,2,2,15
2024,19-04-0615-42,Zacapa,1901,Público,Rural,Mujer,6,Preprimaria,Ladino/Mestizo,Diario,Matutina,Promovido,No,No,19-04,1,2,2,1,5,1,1,1,2,2,19
2024,15-05-0198-43,Baja Verapaz,1501,Público,Rural,Hombre,3,Primaria,Ladino/Mestizo,Diario,Matutina,Retirado,No,No,15-05,1,2,1,2,5,1,1,3,2,2,15
2024,19-01-0434-42,Zacapa,1901,Público,Rural,Hombre,4,Preprimaria,Ladino/Mestizo,Diario,Matutina,Promovido,No,No,19-01,1,2,1,1,5,1,1,1,2,2,19
2024,15-03-0115-43,Baja Verapaz,1501,Público,Rural,Hombre,3,Primaria,Maya,Diario,Matutina,Promovido,No,No,15-03,1,2,1,2,1,1,1,1,2,2,15
2024,02-03-0089-43,El Progreso,201,Público,Rural,Hombre,3,Primaria,Ladino/Mestizo,Diario,Matutina,Promovido,No,No,02-03,1,2,1,2,5,1,1,1,2,2,2
2024,15-04-1791-43,Baja Verapaz,1501,Público,Rural,Hombre,2,Primaria,Maya,Diario,Vespertina,Promovido,No,No,15-04,1,2,1,2,1,1,2,1,2,2,15
2024,15-01-0016-43,Baja Verapaz,1501,Público,Rural,Hombre,2,Primaria,Maya,Diario,Matutina,Promovido,No,No,15-01,1,2,1,2,1,1,1,1,2,2,15
2024,02-07-0401-42,El Progreso,201,Público,Rural,Mujer,5,Preprimaria,Ladino/Mestizo,Diario,Matutina,Retirado,No,No,02-07,1,2,2,1,5,1,1,3,2,2,2
2024,19-07-0244-45,Zacapa,1901,Público,Urbana,Hombre,1,Básico,Ladino/Mestizo,Diario,Matutina,Promovido,No,Ignorado,19-07,1,1,1,3,5,1,1,1,2,9,19
2024,02-08-0221-43,El Progreso,201,Público,Rural,Hombre,2,Primaria,Ladino/Mestizo,Diario,Matutina,No promovido,Sí,No,02-08,1,2,1,2,5,1,1,5,1,2,2
2024,19-07-0351-43,Zacapa,1901,Público,Rural,Hombre,4,Primaria,Ladino/Mestizo,Diario,Matutina,No promovido,No,No,19-07,1,2,1,2,5,1,1,5,2,2,19
2024,19-05-0213-45,Zacapa,1901,Público,Urbana,Mujer,1,Básico,Ladino/Mestizo,Diario,Matutina,Promovido,No,No,19-05,1,1,2,3,5,1,1,1,2,2,19
2024,15-02-0143-45,Baja Verapaz,1501,Público,Rural,Mujer,1,Básico,Maya,Diario,Matutina,Vigente,No,No,15-02,1,2,2,3,1,1,1,2,2,2,15
2024,19-08-0248-43,Zacapa,1901,Público,Rural,Mujer,6,Primaria,Ladino/Mestizo,Diario,Matutina,Promovido,No,No,19-08,1,2,2,2,5,1,1,1,2,2,19
2024,19-02-0088-43,Zacapa,1901,Público,Urbana,Mujer,3,Primaria,Ladino/Mestizo,Diario,Matutina,Promovido,No,No,19-02,1,1,2,2,5,1,1,1,2,2,19
2024,15-08-0241-42,Baja Verapaz,1501,Público,Rural,Mujer,4,Preprimaria,Maya,Diario,Matutina,Promovido,No,No,15-08,1,2,2,1,1,1,1,1,2,2,15
2024,15-03-2168-41,Baja Verapaz,1501,Público,Rural,Mujer,6,Preprimaria,Maya,Diario,Matutina,Promovido,No,No,15-03,1,2,2,1,1,1,1,1,2,2,15
2024,02-01-0026-45,El Progreso,201,Público,Urbana,Mujer,3,Básico,Ladino/Mestizo,Diario,Matutina,Promovido,No,No,02-01,1,1,2,3,5,1,1,1,2,2,2
2024,02-07-0041-42,El Progreso,201,Privado,Urbana,Mujer,6,Preprimaria,Ladino/Mestizo,Diario,Matutina,Promovido,No,No,02-07,2,1,2,1,5,1,1,1,2,2,2
2024,19-11-0011-43,Zacapa,1901,Público,Rural,Mujer,3,Primaria,Ladino/Mestizo,Diario,Matutina,Promovido,No,No,19-11,1,2,2,2,5,1,1,1,2,2,19
2024,02-08-0205-43,El Progreso,201,Público,Urbana,Mujer,2,Primaria,Ladino/Mestizo,Diario,Matutina,Retirado,No,No,02-08,1,1,2,2,5,1,1,3,2,2,2
2024,19-01-0072-45,Zacapa,1901,Público,Urbana,Hombre,3,Básico,Ladino/Mestizo,Diario,Matutina,Promovido,No,Ignorado,19-01,1,1,1,3,5,1,1,1,2,9,19
2024,15-01-0048-45,Baja Verapaz,1501,Público,Urbana,Hombre,2,Básico,Ladino/Mestizo,Diario,Matutina,Promovido,No,No,15-01,1,1,1,3,5,1,1,1,2,2,15
2024,02-05-0115-43,El Progreso,201,Público,Urbana,Mujer,1,Primaria,Ladino/Mestizo,Diario,Matutina,Promovido,No,No,02-05,1,1,2,2,5,1,1,1,2,2,2
2024,15-01-2204-45,Baja Verapaz,1501,Cooperativa,Urbana,Hombre,2,Básico,Maya,Diario,Matutina,Promovido,Sí,No,15-01,4,1,1,3,1,1,1,1,1,2,15
2024,02-01-0005-43,El Progreso,201,Público,Urbana,Mujer,3,Primaria,Ladino/Mestizo,Diario,Matutina,Promovido,No,No,02-01,1,1,2,2,5,1,1,1,2,2,2
2024,02-06-0010-45,El Progreso,201,Privado,Urbana,Hombre,2,Básico,Ladino/Mestizo,Diario,Vespertina,Promovido,No,Ignorado,02-06,2,1,1,3,5,1,2,1,2,9,2
2024,19-04-0196-45,Zacapa,1901,Público,Urbana,Mujer,2,Básico,Ladino/Mestizo,Diario,Matutina,Promovido,No,No,19-04,1,1,2,3,5,1,1,1,2,2,19
2024,15-07-0039-42,Baja Verapaz,1501,Público,Rural,Hombre,2,Preprimaria,Ladino/Mestizo,Diario,Matutina,Promovido,No,No,15-07,1,2,1,1,5,1,1,1,2,2,15
2024,02-03-0097-43,El Progreso,201,Público,Rural,Mujer,4,Primaria,Ladino/Mestizo,Diario,Matutina,Promovido,No,No,02-03,1,2,2,2,5,1,1,1,2,2,2
2024,19-04-0811-42,Zacapa,1901,Público,Urbana,Hombre,3,Preprimaria,Ladino/Mestizo,Diario,Matutina,Promovido,No,No,19-04,1,1,1,1,5,1,1,1,2,2,19
2024,02-05-0118-43,El Progreso,201,Público,Rural,Hombre,5,Primaria,Ladino/Mestizo,Diario,Matutina,Promovido,No,No,02-05,1,2,1,2,5,1,1,1,2,2,2
2024,02-07-0008-46,El Progreso,201,Público,Urbana,Hombre,5,Diversificado,Ladino/Mestizo,Diario,Vespertina,Promovido,No,Sí,02-07,1,1,1,4,5,1,2,1,2,1,2
2024,15-07-0032-45,Baja Verapaz,1501,Privado,Urbana,Hombre,2,Básico,Ladino/Mestizo,Fin de semana,Doble,Promovido,No,Ignorado,15-07,2,1,1,3,5,2,4,1,2,9,15
2024,15-05-0029-45,Baja Verapaz,1501,Público,Rural,Hombre,2,Básico,Ladino/Mestizo,Diario,Vespertina,Retirado,No,No,15-05,1,2,1,3,5,1,2,3,2,2,15
2024,15-08-2059-43,Baja Verapaz,1501,Privado,Urbana,Mujer,5,Primaria,Maya,Diario,Matutina,Promovido,Sí,No,15-08,2,1,2,2,1,1,1,1,1,2,15
2024,15-02-0093-45,Baja Verapaz,1501,Cooperativa,Urbana,Mujer,2,Básico,Maya,Diario,Vespertina,Promovido,No,No,15-02,4,1,2,3,1,1,2,1,2,2,15
2024,19-09-0266-43,Zacapa,1901,Público,Rural,Mujer,4,Primaria,Ladino/Mestizo,Diario,Matutina,Promovido,No,No,19-09,1,2,2,2,5,1,1,1,2,2,19
2024,02-07-0043-46,El Progreso,201,Privado,Urbana,Hombre,5,Diversificado,Ladino/Mestizo,Diario,Vespertina,No promovido,No,Sí,02-07,2,1,1,4,5,1,2,5,2,1,2
2024,15-01-0321-43,Baja Verapaz,1501,Público,Rural,Mujer,1,Primaria,Ladino/Mestizo,Diario,Matutina,Promovido,No,No,15-01,1,2,2,2,5,1,1,1,2,2,15
2024,02-01-0015-43,El Progreso,201,Público,Rural,Hombre,2,Primaria,Ladino/Mestizo,Diario,Matutina,Promovido,No,No,02-01,1,2,1,2,5,1,1,1,2,2,2
2024,19-01-0067-43,Zacapa,1901,Público,Rural,Hombre,6,Primaria,Ladino/Mestizo,Diario,Matutina,Promovido,No,No,19-01,1,2,1,2,5,1,1,1,2,2,19
2024,02-08-0219-43,El Progreso,201,Público,Rural,Mujer,3,Primaria,Ladino/Mestizo,Diario,Matutina,Promovido,No,No,02-08,1,2,2,2,5,1,1,1,2,2,2
2024,19-09-0285-43,Zacapa,1901,Público,Rural,Hombre,3,Primaria,Ladino/Mestizo,Diario,Matutina,Promovido,No,No,19-09,1,2,1,2,5,1,1,1,2,2,19
2024,02-05-0130-45,El Progreso,201,Público,Urbana,Hombre,2,Básico,Ladino/Mestizo,Diario,Matutina,Promovido,No,No,02-05,1,1,1,3,5,1,1,1,2,2,2
2024,02-07-0161-43,El Progreso,201,Público,Urbana,Mujer,6,Primaria,Ladino/Mestizo,Diario,Matutina,Promovido,No,No,02-07,1,1,2,2,5,1,1,1,2,2,2
2024,19-04-1040-43,Zacapa,1901,Público,Rural,Mujer,3,Primaria,Ladino/Mestizo,Diario,Matutina,No promovido,No,No,19-04,1,2,2,2,5,1,1,5,2,2,19
2024,15-08-0280-43,Baja Verapaz,1501,Público,Rural,Mujer,6,Primaria,Maya,Diario,Matutina,Promovido,No,No,15-08,1,2,2,2,1,1,1,1,2,2,15
2024,19-04-0594-43,Zacapa,1901,Público,Rural,Mujer,4,Primaria,Ladino/Mestizo,Diario,Matutina,Promovido,No,No,19-04,1,2,2,2,5,1,1,1,2,2,19
2024,15-01-1843-42,Baja Verapaz,1501,Público,Rural,Hombre,6,Preprimaria,Ladino/Mestizo,Diario,Matutina,Promovido,No,No,15-01,1,2,1,1,5,1,1,1,2,2,15
2024,15-02-0068-42,Baja Verapaz,1501,Público,Urbana,Mujer,6,Preprimaria,Maya,Diario,Matutina,Promovido,No,No,15-02,1,1,2,1,1,1,1,1,2,2,15
2024,02-02-0390-42,El Progreso,201,Público,Rural,Mujer,6,Preprimaria,Ladino/Mestizo,Diario,Matutina,Promovido,No,No,02-02,1,2,2,1,5,1,1,1,2,2,2
2024,19-09-0270-43,Zacapa,1901,Público,Rural,Mujer,5,Primaria,Ladino/Mestizo,Diario,Matutina,Promovido,No,No,19-09,1,2,2,2,5,1,1,1,2,2,19
2024,19-07-1195-42,Zacapa,1901,Público,Urbana,Mujer,5,Preprimaria,Ladino/Mestizo,Diario,Matutina,Promovido,No,No,19-07,1,1,2,1,5,1,1,1,2,2,19
2024,19-01-0924-43,Zacapa,1901,Público,Rural,Mujer,1,Primaria,Ladino/Mestizo,Diario,Matutina,Promovido,Sí,No,19-01,1,2,2,2,5,1,1,1,1,2,19
2024,19-01-0168-43,Zacapa,1901,Privado,Urbana,Mujer,2,Primaria,Ladino/Mestizo,Diario,Matutina,Promovido,No,No,19-01,2,1,2,2,5,1,1,1,2,2,19
2024,15-03-1199-42,Baja Verapaz,1501,Público,Rural,Hombre,5,Preprimaria,Ladino/Mestizo,Diario,Matutina,Promovido,No,No,15-03,1,2,1,1,5,1,1,1,2,2,15
2024,19-01-0175-46,Zacapa,1901,Privado,Urbana,Hombre,5,Diversificado,Ladino/Mestizo,Diario,Matutina,Promovido,No,Sí,19-01,2,1,1,4,5,1,1,1,2,1,19
2024,02-01-0702-43,El Progreso,201,Público,Rural,Mujer,1,Primaria,Ladino/Mestizo,Diario,Matutina,Promovido,No,No,02-01,1,2,2,2,5,1,1,1,2,2,2
2024,02-02-0041-43,El Progreso,201,Público,Rural,Mujer,1,Primaria,Ladino/Mestizo,Diario,Matutina,Promovido,No,No,02-02,1,2,2,2,5,1,1,1,2,2,2
2024,02-03-0074-43,El Progreso,201,Público,Rural,Mujer,2,Primaria,Ladino/Mestizo,Diario,Matutina,Promovido,Sí,No,02-03,1,2,2,2,5,1,1,1,1,2,2
2024,19-04-0348-45,Zacapa,1901,Privado,Urbana,Mujer,2,Básico,Ladino/Mestizo,Diario,Matutina,Promovido,No,No,19-04,2,1,2,3,5,1,1,1,2,2,19
2024,02-07-0197-43,El Progreso,201,Privado,Rural,Hombre,1,Primaria,Ladino/Mestizo,Diario,Doble,Promovido,No,No,02-07,2,2,1,2,5,1,4,1,2,2,2
2024,02-07-0176-43,El Progreso,201,Público,Rural,Hombre,4,Primaria,Ladino/Mestizo,Diario,Matutina,Promovido,No,No,02-07,1,2,1,2,5,1,1,1,2,2,2
2024,15-07-0242-43,Baja Verapaz,1501,Público,Rural,Mujer,1,Primaria,Ladino/Mestizo,Diario,Matutina,No promovido,No,No,15-07,1,2,2,2,5,1,1,5,2,2,15
2024,19-01-0057-43,Zacapa,1901,Público,Rural,Mujer,5,Primaria,Ladino/Mestizo,Diario,Matutina,Promovido,No,No,19-01,1,2,2,2,5,1,1,1,2,2,19
2024,19-01-0050-43,Zacapa,1901,Público,Rural,Mujer,6,Primaria,Ladino/Mestizo,Diario,Matutina,Promovido,No,No,19-01,1,2,2,2,5,1,1,1,2,2,19
2024,19-03-0006-45,Zacapa,1901,Público,Rural,Hombre,2,Básico,Ladino/Mestizo,Diario,Vespertina,Promovido,No,No,19-03,1,2,1,3,5,1,2,1,2,2,19
2024,19-05-0207-43,Zacapa,1901,Público,Rural,Hombre,2,Primaria,Ladino/Mestizo,Diario,Matutina,Promovido,No,No,19-05,1,2,1,2,5,1,1,1,2,2,19
2024,02-03-0793-43,El Progreso,201,Público,Rural,Mujer,4,Primaria,Ladino/Mestizo,Diario,Matutina,Retirado,No,No,02-03,1,2,2,2,5,1,1,3,2,2,2
2024,19-02-0015-42,Zacapa,1901,Público,Urbana,Hombre,3,Preprimaria,Ladino/Mestizo,Diario,Doble,Promovido,No,No,19-02,1,1,1,1,5,1,4,1,2,2,19
2024,15-01-0306-43,Baja Verapaz,1501,Público,Rural,Mujer,2,Primaria,Ladino/Mestizo,Diario,Matutina,Promovido,No,No,15-01,1,2,2,2,5,1,1,1,2,2,15
2024,02-03-0060-43,El Progreso,201,Público,Urbana,Mujer,3,Primaria,Ladino/Mestizo,Diario,Matutina,Promovido,No,No,02-03,1,1,2,2,5,1,1,1,2,2,2
2024,02-07-0172-43,El Progreso,201,Público,Rural,Mujer,6,Primaria,Ladino/Mestizo,Diario,Matutina,Promovido,No,No,02-07,1,2,2,2,5,1,1,1,2,2,2
2024,15-04-0162-43,Baja Verapaz,1501,Público,Rural,Mujer,2,Primaria,Maya,Diario,Matutina,Promovido,No,No,15-04,1,2,2,2,1,1,1,1,2,2,15
2024,15-01-0043-43,Baja Verapaz,1501,Público,Rural,Hombre,6,Primaria,Ladino/Mestizo,Diario,Matutina,Promovido,No,No,15-01,1,2,1,2,5,1,1,1,2,2,15
2024,15-01-0048-45,Baja Verapaz,1501,Público,Urbana,Mujer,1,Básico,Ladino/Mestizo,Diario,Matutina,Promovido,No,No,15-01,1,1,2,3,5,1,1,1,2,2,15
2024,19-04-0056-43,Zacapa,1901,Público,Rural,Mujer,6,Primaria,Ladino/Mestizo,Diario,Matutina,Retirado,No,No,19-04,1,2,2,2,5,1,1,3,2,2,19
2024,02-03-0024-45,El Progreso,201,Público,Rural,Hombre,2,Básico,Ladino/Mestizo,Diario,Matutina,Promovido,No,No,02-03,1,2,1,3,5,1,1,1,2,2,2
2024,02-02-0041-43,El Progreso,201,Público,Rural,Mujer,1,Primaria,Ladino/Mestizo,Diario,Matutina,Promovido,No,No,02-02,1,2,2,2,5,1,1,1,2,2,2
2024,19-01-0170-46,Zacapa,1901,Privado,Urbana,Hombre,4,Diversificado,Ladino/Mestizo,Diario,Matutina,Promovido,No,Ignorado,19-01,2,1,1,4,5,1,1,1,2,9,19
2024,15-02-0141-45,Baja Verapaz,1501,Público,Rural,Hombre,2,Básico,Maya,Diario,Matutina,Promovido,No,No,15-02,1,2,1,3,1,1,1,1,2,2,15
2024,15-04-0221-41,Baja Verapaz,1501,Público,Rural,Hombre,4,Preprimaria,Maya,Diario,Matutina,Promovido,No,No,15-04,1,2,1,1,1,1,1,1,2,2,15
2024,15-01-2112-42,Baja Verapaz,1501,Público,Rural,Mujer,6,Preprimaria,Ladino/Mestizo,Diario,Matutina,Promovido,No,No,15-01,1,2,2,1,5,1,1,1,2,2,15
2024,15-03-0110-43,Baja Verapaz,1501,Público,Rural,Hombre,3,Primaria,Ladino/Mestizo,Diario,Matutina,Promovido,No,No,15-03,1,2,1,2,5,1,1,1,2,2,15
2024,19-01-0016-43,Zacapa,1901,Privado,Urbana,Hombre,5,Primaria,Ladino/Mestizo,Diario,Matutina,Promovido,No,No,19-01,2,1,1,2,5,1,1,1,2,2,19
2024,02-01-0017-43,El Progreso,201,Público,Rural,Mujer,1,Primaria,Ladino/Mestizo,Diario,Matutina,Promovido,Sí,No,02-01,1,2,2,2,5,1,1,1,1,2,2
2024,15-01-0005-42,Baja Verapaz,1501,Público,Urbana,Hombre,5,Preprimaria,Ladino/Mestizo,Diario,Matutina,Promovido,No,No,15-01,1,1,1,1,5,1,1,1,2,2,15
2024,02-05-0809-42,El Progreso,201,Público,Rural,Mujer,6,Preprimaria,Ladino/Mestizo,Diario,Matutina,Promovido,No,No,02-05,1,2,2,1,5,1,1,1,2,2,2
2024,15-03-1478-42,Baja Verapaz,1501,Público,Rural,Mujer,1,Preprimaria,Ladino/Mestizo,Diario,Matutina,Promovido,No,No,15-03,1,2,2,1,5,1,1,1,2,2,15
2024,15-02-1750-42,Baja Verapaz,1501,Público,Rural,Mujer,5,Preprimaria,Maya,Diario,Matutina,Promovido,No,No,15-02,1,2,2,1,1,1,1,1,2,2,15
2024,02-01-0562-46,El Progreso,201,Privado,Urbana,Mujer,4,Diversificado,Ladino/Mestizo,Diario,Matutina,Promovido,No,No,02-01,2,1,2,4,5,1,1,1,2,2,2
2024,19-04-0038-43,Zacapa,1901,Público,Rural,Mujer,2,Primaria,Ladino/Mestizo,Diario,Matutina,Promovido,Sí,No,19-04,1,2,2,2,5,1,1,1,1,2,19
2024,02-01-0053-45,El Progreso,201,Privado,Urbana,Mujer,1,Básico,Ladino/Mestizo,Diario,Vespertina,Promovido,Sí,No,02-01,2,1,2,3,5,1,2,1,1,2,2
2024,15-08-0286-43,Baja Verapaz,1501,Público,Rural,Mujer,2,Primaria,Maya,Diario,Matutina,Promovido,No,No,15-08,1,2,2,2,1,1,1,1,2,2,15
2024,19-05-0029-43,Zacapa,1901,Privado,Urbana,Hombre,4,Primaria,Ladino/Mestizo,Diario,Matutina,Promovido,No,No,19-05,2,1,1,2,5,1,1,1,2,2,19
2024,15-04-1793-43,Baja Verapaz,1501,Privado,Urbana,Hombre,1,Primaria,Ladino/Mestizo,Diario,Matutina,Promovido,No,No,15-04,2,1,1,2,5,1,1,1,2,2,15
2024,19-02-0001-46,Zacapa,1901,Público,Urbana,Mujer,5,Diversificado,Ladino/Mestizo,Diario,Vespertina,Promovido,No,Sí,19-02,1,1,2,4,5,1,2,1,2,1,19
2024,15-04-0083-42,Baja Verapaz,1501,Público,Rural,Mujer,5,Preprimaria,Ladino/Mestizo,Diario,Matutina,Promovido,No,No,15-04,1,2,2,1,5,1,1,1,2,2,15
2024,15-08-0098-43,Baja Verapaz,1501,Público,Rural,Mujer,3,Primaria,Maya,Diario,Matutina,Promovido,No,No,15-08,1,2,2,2,1,1,1,1,2,2,15
2024,19-01-0989-42,Zacapa,1901,Público,Rural,Mujer,5,Preprimaria,Ladino/Mestizo,Diario,Matutina,Promovido,No,No,19-01,1,2,2,1,5,1,1,1,2,2,19
2024,15-02-0074-43,Baja Verapaz,1501,Público,Rural,Hombre,2,Primaria,Maya,Diario,Matutina,Promovido,No,No,15-02,1,2,1,2,1,1,1,1,2,2,15
2024,19-10-0295-43,Zacapa,1901,Público,Rural,Mujer,5,Primaria,Ladino/Mestizo,Diario,Matutina,Promovido,No,No,19-10,1,2,2,2,5,1,1,1,2,2,19
2024,15-08-0276-43,Baja Verapaz,1501,Público,Urbana,Mujer,5,Primaria,Ladino/Mestizo,Diario,Matutina,Promovido,No,No,15-08,1,1,2,2,5,1,1,1,2,2,15
2024,02-07-0010-45,El Progreso,201,Público,Rural,Mujer,1,Básico,Ladino/Mestizo,Diario,Vespertina,Promovido,No,No,02-07,1,2,2,3,5,1,2,1,2,2,2
2024,15-01-0030-43,Baja Verapaz,1501,Público,Rural,Mujer,4,Primaria,Ladino/Mestizo,Diario,Matutina,Promovido,No,No,15-01,1,2,2,2,5,1,1,1,2,2,15
2024,02-08-0218-43,El Progreso,201,Público,Rural,Hombre,1,Primaria,Ladino/Mestizo,Diario,Matutina,Promovido,No,No,02-08,1,2,1,2,5,1,1,1,2,2,2
2024,15-08-0288-43,Baja Verapaz,1501,Público,Rural,Mujer,1,Primaria,Maya,Diario,Matutina,Promovido,No,No,15-08,1,2,2,2,1,1,1,1,2,2,15
2024,02-03-0738-45,El Progreso,201,Privado,Rural,Mujer,3,Básico,Ladino/Mestizo,Fin de semana,Doble,Promovido,No,No,02-03,2,2,2,3,5,2,4,1,2,2,2
2024,19-04-0196-45,Zacapa,1901,Público,Urbana,Mujer,1,Básico,Ladino/Mestizo,Diario,Matutina,Promovido,Sí,No,19-04,1,1,2,3,5,1,1,1,1,2,19
2024,19-06-0001-42,Zacapa,1901,Público,Rural,Hombre,4,Preprimaria,Ladino/Mestizo,Diario,Doble,Retirado,No,No,19-06,1,2,1,1,5,1,4,3,2,2,19
2024,02-02-0613-46,El Progreso,201,Cooperativa,Urbana,Mujer,4,Diversificado,Ladino/Mestizo,Diario,Vespertina,Promovido,No,No,02-02,4,1,2,4,5,1,2,1,2,2,2
2024,19-10-0295-43,Zacapa,1901,Público,Rural,Hombre,6,Primaria,Ladino/Mestizo,Diario,Matutina,Promovido,No,No,19-10,1,2,1,2,5,1,1,1,2,2,19
2024,02-01-0001-42,El Progreso,201,Público,Urbana,Mujer,5,Preprimaria,Ladino/Mestizo,Diario,Matutina,Retirado,No,No,02-01,1,1,2,1,5,1,1,3,2,2,2
2024,19-09-0274-43,Zacapa,1901,Público,Rural,Hombre,2,Primaria,Ladino/Mestizo,Diario,Matutina,Promovido,No,No,19-09,1,2,1,2,5,1,1,1,2,2,19
2024,19-04-0165-43,Zacapa,1901,Público,Rural,Hombre,3,Primaria,Ladino/Mestizo,Diario,Matutina,No promovido,Sí,No,19-04,1,2,1,2,5,1,1,5,1,2,19
2024,02-01-0595-42,El Progreso,201,Público,Rural,Mujer,1,Preprimaria,Ladino/Mestizo,Diario,Matutina,Promovido,No,No,02-01,1,2,2,1,5,1,1,1,2,2,2
2024,15-02-0099-45,Baja Verapaz,1501,Privado,Rural,Hombre,2,Básico,Maya,Diario,Vespertina,Promovido,No,No,15-02,2,2,1,3,1,1,2,1,2,2,15
2024,02-03-0793-43,El Progreso,201,Público,Rural,Hombre,5,Primaria,Ladino/Mestizo,Diario,Matutina,Retirado,No,No,02-03,1,2,1,2,5,1,1,3,2,2,2
2024,15-08-0292-43,Baja Verapaz,1501,Público,Rural,Mujer,4,Primaria,Maya,Diario,Matutina,No promovido,Sí,No,15-08,1,2,2,2,1,1,1,5,1,2,15
2024,19-02-0614-42,Zacapa,1901,Público,Rural,Mujer,1,Preprimaria,Ladino/Mestizo,Diario,Matutina,Promovido,No,No,19-02,1,2,2,1,5,1,1,1,2,2,19
2024,15-07-0766-42,Baja Verapaz,1501,Público,Rural,Hombre,4,Preprimaria,Ladino/Mestizo,Diario,Matutina,Promovido,No,No,15-07,1,2,1,1,5,1,1,1,2,2,15
2024,19-05-0044-43,Zacapa,1901,Privado,Urbana,Hombre,6,Primaria,Ladino/Mestizo,Diario,Vespertina,Promovido,No,No,19-05,2,1,1,2,5,1,2,1,2,2,19
2024,15-04-0324-43,Baja Verapaz,1501,Público,Rural,Hombre,1,Primaria,Ladino/Mestizo,Diario,Matutina,Promovido,Sí,No,15-04,1,2,1,2,5,1,1,1,1,2,15
2024,15-08-0133-42,Baja Verapaz,1501,Público,Rural,Mujer,5,Preprimaria,Maya,Diario,Matutina,Promovido,No,No,15-08,1,2,2,1,1,1,1,1,2,2,15
2024,02-03-0056-42,El Progreso,201,Público,Rural,Mujer,5,Preprimaria,Ladino/Mestizo,Diario,Matutina,Promovido,No,No,02-03,1,2,2,1,5,1,1,1,2,2,2
2024,15-07-0254-45,Baja Verapaz,1501,Cooperativa,Urbana,Mujer,2,Básico,Ladino/Mestizo,Diario,Vespertina,Promovido,No,No,15-07,4,1,2,3,5,1,2,1,2,2,15
2024,02-05-0448-42,El Progreso,201,Público,Urbana,Hombre,5,Preprimaria,Ladino/Mestizo,Diario,Matutina,Promovido,No,No,02-05,1,1,1,1,5,1,1,1,2,2,2
2024,15-04-0162-43,Baja Verapaz,1501,Público,Rural,Mujer,3,Primaria,Maya,Diario,Matutina,Promovido,No,No,15-04,1,2,2,2,1,1,1,1,2,2,15
2024,15-01-0111-46,Baja Verapaz,1501,Privado,Urbana,Hombre,5,Diversificado,Ladino/Mestizo,Diario,Doble,Retirado,No,No,15-01,2,1,1,4,5,1,4,3,2,2,15
2024,02-07-0682-43,El Progreso,201,Privado,Urbana,Hombre,3,Primaria,Ladino/Mestizo,Diario,Matutina,Promovido,No,No,02-07,2,1,1,2,5,1,1,1,2,2,2
2024,15-03-0068-45,Baja Verapaz,1501,Público,Rural,Mujer,2,Básico,Maya,Diario,Matutina,Promovido,No,Ignorado,15-03,1,2,2,3,1,1,1,1,2,9,15
2024,02-03-0072-43,El Progreso,201,Público,Rural,Hombre,5,Primaria,Ladino/Mestizo,Diario,Matutina,Promovido,No,No,02-03,1,2,1,2,5,1,1,1,2,2,2
2024,02-07-0197-43,El Progreso,201,Privado,Rural,Mujer,4,Primaria,Ladino/Mestizo,Diario,Doble,Promovido,No,No,02-07,2,2,2,2,5,1,4,1,2,2,2
2024,19-04-0037-43,Zacapa,1901,Público,Rural,Mujer,1,Primaria,Ladino/Mestizo,Diario,Matutina,Promovido,No,No,19-04,1,2,2,2,5,1,1,1,2,2,19
2024,19-07-0309-43,Zacapa,1901,Público,Rural,Hombre,5,Primaria,Ladino/Mestizo,Diario,Matutina,Promovido,No,No,19-07,1,2,1,2,5,1,1,1,2,2,19
2024,02-03-0481-45,El Progreso,201,Público,Rural,Mujer,3,Básico,Ladino/Mestizo,Diario,Vespertina,Promovido,No,No,02-03,1,2,2,3,5,1,2,1,2,2,2
2024,15-08-0073-43,Baja Verapaz,1501,Público,Rural,Hombre,4,Primaria,Maya,Diario,Matutina,Promovido,No,No,15-08,1,2,1,2,1,1,1,1,2,2,15
2024,15-03-1231-42,Baja Verapaz,1501,Público,Urbana,Hombre,1,Preprimaria,Maya,Diario,Matutina,Promovido,No,No,15-03,1,1,1,1,1,1,1,1,2,2,15
2024,19-04-0166-43,Zacapa,1901,Público,Rural,Hombre,6,Primaria,Ladino/Mestizo,Diario,Matutina,Promovido,No,No,19-04,1,2,1,2,5,1,1,1,2,2,19
2024,15-01-0013-43,Baja Verapaz,1501,Público,Rural,Hombre,2,Primaria,Ladino/Mestizo,Diario,Matutina,No promovido,Sí,No,15-01,1,2,1,2,5,1,1,5,1,2,15
2024,19-09-0271-43,Zacapa,1901,Público,Rural,Hombre,1,Primaria,Ladino/Mestizo,Diario,Matutina,No promovido,No,No,19-09,1,2,1,2,5,1,1,5,2,2,19
2024,15-08-0279-43,Baja Verapaz,1501,Público,Rural,Hombre,3,Primaria,Maya,Diario,Matutina,Promovido,Sí,No,15-08,1,2,1,2,1,1,1,1,1,2,15
2024,19-11-0004-42,Zacapa,1901,Público,Rural,Hombre,1,Preprimaria,Ladino/Mestizo,Diario,Matutina,Promovido,No,No,19-11,1,2,1,1,5,1,1,1,2,2,19
2024,19-04-0035-42,Zacapa,1901,Público,Rural,Hombre,4,Preprimaria,Ladino/Mestizo,Diario,Matutina,Retirado,No,No,19-04,1,2,1,1,5,1,1,3,2,2,19
2024,02-03-0100-45,El Progreso,201,Cooperativa,Urbana,Hombre,2,Básico,Ladino/Mestizo,Diario,Vespertina,Promovido,No,No,02-03,4,1,1,3,5,1,2,1,2,2,2
2024,19-10-0299-43,Zacapa,1901,Público,Rural,Mujer,4,Primaria,Ladino/Mestizo,Diario,Matutina,Promovido,No,No,19-10,1,2,2,2,5,1,1,1,2,2,19
2024,15-08-2178-43,Baja Verapaz,1501,Privado,Urbana,Mujer,6,Primaria,Ladino/Mestizo,Diario,Matutina,Promovido,No,No,15-08,2,1,2,2,5,1,1,1,2,2,15
2024,15-04-0156-43,Baja Verapaz,1501,Público,Rural,Mujer,5,Primaria,Maya,Diario,Matutina,Promovido,No,No,15-04,1,2,2,2,1,1,1,1,2,2,15
2024,15-04-0350-43,Baja Verapaz,1501,Público,Rural,Hombre,1,Primaria,Maya,Diario,Matutina,Promovido,Sí,No,15-04,1,2,1,2,1,1,1,1,1,2,15
2024,19-02-0912-43,Zacapa,1901,Público,Urbana,Hombre,6,Primaria,Ladino/Mestizo,Diario,Matutina,Retirado,No,No,19-02,1,1,1,2,5,1,1,3,2,2,19
2024,15-08-0065-43,Baja Verapaz,1501,Público,Rural,Mujer,5,Primaria,Maya,Diario,Matutina,No promovido,Sí,No,15-08,1,2,2,2,1,1,1,5,1,2,15
2024,02-07-0160-43,El Progreso,201,Público,Urbana,Mujer,4,Primaria,Ladino/Mestizo,Diario,Matutina,Promovido,No,No,02-07,1,1,2,2,5,1,1,1,2,2,2
2024,15-05-0209-43,Baja Verapaz,1501,Público,Rural,Mujer,4,Primaria,Ladino/Mestizo,Diario,Matutina,Promovido,No,No,15-05,1,2,2,2,5,1,1,1,2,2,15
2024,19-07-0004-46,Zacapa,1901,Público,Urbana,Hombre,5,Diversificado,Ladino/Mestizo,Diario,Vespertina,Promovido,No,Sí,19-07,1,1,1,4,5,1,2,1,2,1,19
2024,15-03-0778-46,Baja Verapaz,1501,Privado,Urbana,Mujer,5,Diversificado,Maya,Diario,Vespertina,Promovido,No,No,15-03,2,1,2,4,1,1,2,1,2,2,15
2024,15-04-0061-43,Baja Verapaz,1501,Público,Rural,Mujer,6,Primaria,Maya,Diario,Matutina,Promovido,No,No,15-04,1,2,2,2,1,1,1,1,2,2,15
2024,02-07-0199-45,El Progreso,201,Privado,Urbana,Hombre,1,Básico,Ladino/Mestizo,Diario,Matutina,Promovido,No,No,02-07,2,1,1,3,5,1,1,1,2,2,2
2024,15-04-0181-43,Baja Verapaz,1501,Público,Rural,Hombre,5,Primaria,Ladino/Mestizo,Diario,Matutina,Promovido,No,No,15-04,1,2,1,2,5,1,1,1,2,2,15
2024,19-07-1120-42,Zacapa,1901,Público,Rural,Mujer,2,Preprimaria,Ladino/Mestizo,Diario,Matutina,Promovido,No,No,19-07,1,2,2,1,5,1,1,1,2,2,19
2024,19-01-0026-43,Zacapa,1901,Público,Rural,Mujer,1,Primaria,Ladino/Mestizo,Diario,Matutina,Promovido,Sí,No,19-01,1,2,2,2,5,1,1,1,1,2,19
2024,02-07-0201-45,El Progreso,201,Cooperativa,Rural,Mujer,2,Básico,Ladino/Mestizo,Diario,Vespertina,No promovido,Sí,No,02-07,4,2,2,3,5,1,2,5,1,2,2
2024,19-01-1012-46,Zacapa,1901,Privado,Urbana,Hombre,5,Diversificado,Ladino/Mestizo,Diario,Matutina,Promovido,No,Sí,19-01,2,1,1,4,5,1,1,1,2,1,19
2024,19-01-0387-42,Zacapa,1901,Público,Urbana,Hombre,6,Preprimaria,Ladino/Mestizo,Diario,Matutina,Promovido,No,No,19-01,1,1,1,1,5,1,1,1,2,2,19
2024,15-04-0007-41,Baja Verapaz,1501,Público,Rural,Mujer,6,Preprimaria,Maya,Diario,Matutina,Promovido,No,No,15-04,1,2,2,1,1,1,1,1,2,2,15
2024,15-01-0140-42,Baja Verapaz,1501,Público,Rural,Mujer,4,Preprimaria,Ladino/Mestizo,Diario,Matutina,Promovido,No,No,15-01,1,2,2,1,5,1,1,1,2,2,15
2024,15-07-0015-45,Baja Verapaz,1501,Público,Rural,Mujer,1,Básico,Ladino/Mestizo,Diario,Vespertina,Promovido,No,No,15-07,1,2,2,3,5,1,2,1,2,2,15
2024,15-01-0052-46,Baja Verapaz,1501,Privado,Urbana,Hombre,4,Diversificado,Ladino/Mestizo,Diario,Vespertina,Promovido,No,No,15-01,2,1,1,4,5,1,2,1,2,2,15
2024,19-09-0041-42,Zacapa,1901,Público,Rural,Mujer,5,Preprimaria,Ladino/Mestizo,Diario,Matutina,Promovido,No,No,19-09,1,2,2,1,5,1,1,1,2,2,19
2024,19-03-0004-46,Zacapa,1901,Cooperativa,Urbana,Mujer,6,Diversificado,Ladino/Mestizo,Diario,Vespertina,Promovido,No,Sí,19-03,4,1,2,4,5,1,2,1,2,1,19
2024,15-04-0093-45,Baja Verapaz,1501,Público,Rural,Hombre,1,Básico,Maya,Diario,Vespertina,Promovido,No,No,15-04,1,2,1,3,1,1,2,1,2,2,15
2024,15-04-0173-43,Baja Verapaz,1501,Público,Rural,Hombre,1,Primaria,Ladino/Mestizo,Diario,Matutina,Promovido,No,No,15-04,1,2,1,2,5,1,1,1,2,2,15
2024,15-04-1810-45,Baja Verapaz,1501,Privado,Urbana,Mujer,1,Básico,Ladino/Mestizo,Diario,Vespertina,Promovido,No,No,15-04,2,1,2,3,5,1,2,1,2,2,15
2024,02-03-0010-42,El Progreso,201,Público,Rural,Hombre,6,Preprimaria,Ladino/Mestizo,Diario,Matutina,Promovido,No,No,02-03,1,2,1,1,5,1,1,1,2,2,2
2024,15-02-1235-42,Baja Verapaz,1501,Público,Rural,Mujer,3,Preprimaria,Maya,Diario,Matutina,Promovido,No,No,15-02,1,2,2,1,1,1,1,1,2,2,15
2024,15-01-0112-46,Baja Verapaz,1501,Privado,Urbana,Mujer,5,Diversificado,Maya,Diario,Matutina,Promovido,No,Sí,15-01,2,1,2,4,1,1,1,1,2,1,15
2024,19-04-0171-43,Zacapa,1901,Público,Rural,Mujer,1,Primaria,Ladino/Mestizo,Diario,Matutina,No promovido,No,No,19-04,1,2,2,2,5,1,1,5,2,2,19
2024,19-01-0013-43,Zacapa,1901,Público,Urbana,Mujer,5,Primaria,Ladino/Mestizo,Diario,Matutina,Promovido,No,No,19-01,1,1,2,2,5,1,1,1,2,2,19
2024,19-02-0088-43,Zacapa,1901,Público,Urbana,Mujer,4,Primaria,Ladino/Mestizo,Diario,Matutina,Promovido,No,No,19-02,1,1,2,2,5,1,1,1,2,2,19
2024,15-01-0082-43,Baja Verapaz,1501,Privado,Urbana,Hombre,5,Primaria,Ladino/Mestizo,Diario,Matutina,Promovido,No,No,15-01,2,1,1,2,5,1,1,1,2,2,15
2024,15-03-0103-43,Baja Verapaz,1501,Público,Urbana,Hombre,5,Primaria,Maya,Diario,Matutina,Promovido,No,No,15-03,1,1,1,2,1,1,1,1,2,2,15
2024,19-01-0923-42,Zacapa,1901,Público,Rural,Hombre,5,Preprimaria,Ladino/Mestizo,Diario,Matutina,Promovido,No,No,19-01,1,2,1,1,5,1,1,1,2,2,19
2024,15-01-0001-41,Baja Verapaz,1501,Público,Rural,Hombre,6,Preprimaria,Maya,Diario,Matutina,Promovido,No,No,15-01,1,2,1,1,1,1,1,1,2,2,15
2024,02-06-0134-43,El Progreso,201,Público,Urbana,Mujer,3,Primaria,Ladino/Mestizo,Diario,Matutina,Promovido,No,No,02-06,1,1,2,2,5,1,1,1,2,2,2
2024,02-02-0259-43,El Progreso,201,Público,Rural,Hombre,2,Primaria,Ladino/Mestizo,Diario,Matutina,Promovido,No,No,02-02,1,2,1,2,5,1,1,1,2,2,2
2024,02-03-0255-45,El Progreso,201,Público,Rural,Mujer,3,Básico,Ladino/Mestizo,Diario,Doble,Promovido,No,No,02-03,1,2,2,3,5,1,4,1,2,2,2
2024,19-03-0097-43,Zacapa,1901,Público,Urbana,Hombre,1,Primaria,Ladino/Mestizo,Diario,Matutina,Promovido,No,No,19-03,1,1,1,2,5,1,1,1,2,2,19
2024,15-08-0273-42,Baja Verapaz,1501,Público,Urbana,Mujer,5,Preprimaria,Ladino/Mestizo,Diario,Matutina,Promovido,No,No,15-08,1,1,2,1,5,1,1,1,2,2,15
2024,19-01-0109-43,Zacapa,1901,Público,Rural,Mujer,6,Primaria,Ladino/Mestizo,Diario,Matutina,Promovido,No,No,19-01,1,2,2,2,5,1,1,1,2,2,19
2024,02-08-0207-43,El Progreso,201,Público,Rural,Hombre,3,Primaria,Ladino/Mestizo,Diario,Matutina,Promovido,No,No,02-08,1,2,1,2,5,1,1,1,2,2,2
2024,02-08-0799-43,El Progreso,201,Privado,Urbana,Hombre,6,Primaria,Ladino/Mestizo,Diario,Vespertina,Promovido,No,No,02-08,2,1,1,2,5,1,2,1,2,2,2
2024,02-01-0026-45,El Progreso,201,Público,Urbana,Mujer,1,Básico,Ladino/Mestizo,Diario,Matutina,Promovido,No,No,02-01,1,1,2,3,5,1,1,1,2,2,2
2024,15-08-0161-41,Baja Verapaz,1501,Público,Rural,Hombre,4,Preprimaria,Maya,Diario,Matutina,Promovido,No,No,15-08,1,2,1,1,1,1,1,1,2,2,15
2024,19-01-0703-43,Zacapa,1901,Privado,Urbana,Hombre,6,Primaria,Ladino/Mestizo,Diario,Matutina,Promovido,No,No,19-01,2,1,1,2,5,1,1,1,2,2,19
2024,15-01-0023-43,Baja Verapaz,1501,Público,Rural,Hombre,2,Primaria,Ladino/Mestizo,Diario,Matutina,Retirado,No,No,15-01,1,2,1,2,5,1,1,3,2,2,15
2024,19-01-0168-43,Zacapa,1901,Privado,Urbana,Mujer,3,Primaria,Ladino/Mestizo,Diario,Matutina,Promovido,No,No,19-01,2,1,2,2,5,1,1,1,2,2,19
2024,19-09-0270-43,Zacapa,1901,Público,Rural,Mujer,6,Primaria,Ladino/Mestizo,Diario,Matutina,Promovido,No,No,19-09,1,2,2,2,5,1,1,1,2,2,19
2024,02-08-0615-45,El Progreso,201,Público,Rural,Mujer,2,Básico,Ladino/Mestizo,Diario,Matutina,Promovido,No,No,02-08,1,2,2,3,5,1,1,1,2,2,2
2024,19-03-0855-45,Zacapa,1901,Público,Rural,Hombre,3,Básico,Ladino/Mestizo,Diario,Matutina,No promovido,No,No,19-03,1,2,1,3,5,1,1,5,2,2,19
2024,15-05-0212-43,Baja Verapaz,1501,Público,Rural,Mujer,6,Primaria,Ladino/Mestizo,Diario,Matutina,Promovido,No,No,15-05,1,2,2,2,5,1,1,1,2,2,15
2024,02-07-0160-43,El Progreso,201,Público,Urbana,Mujer,4,Primaria,Ladino/Mestizo,Diario,Matutina,Promovido,No,No,02-07,1,1,2,2,5,1,1,1,2,2,2
2024,15-04-0153-43,Baja Verapaz,1501,Público,Rural,Mujer,6,Primaria,Maya,Diario,Matutina,Promovido,No,No,15-04,1,2,2,2,1,1,1,1,2,2,15
2024,19-09-0277-43,Zacapa,1901,Público,Rural,Hombre,4,Primaria,Ladino/Mestizo,Diario,Matutina,No promovido,Sí,No,19-09,1,2,1,2,5,1,1,5,1,2,19
2024,02-03-0088-43,El Progreso,201,Público,Rural,Hombre,1,Primaria,Ladino/Mestizo,Diario,Matutina,Promovido,Sí,No,02-03,1,2,1,2,5,1,1,1,1,2,2
2024,02-07-0198-45,El Progreso,201,Público,Urbana,Hombre,2,Básico,Ladino/Mestizo,Diario,Matutina,Promovido,No,No,02-07,1,1,1,3,5,1,1,1,2,2,2
2024,02-02-0613-46,El Progreso,201,Cooperativa,Urbana,Hombre,5,Diversificado,Ladino/Mestizo,Diario,Vespertina,Promovido,No,No,02-02,4,1,1,4,5,1,2,1,2,2,2
2024,15-07-0254-45,Baja Verapaz,1501,Cooperativa,Urbana,Mujer,3,Básico,Ladino/Mestizo,Diario,Vespertina,Promovido,No,No,15-07,4,1,2,3,5,1,2,1,2,2,15
2024,02-06-0008-45,El Progreso,201,Público,Rural,Mujer,3,Básico,Ladino/Mestizo,Diario,Vespertina,Promovido,No,No,02-06,1,2,2,3,5,1,2,1,2,2,2
2024,15-03-1466-45,Baja Verapaz,1501,Público,Rural,Hombre,3,Básico,Maya,Diario,Matutina,Promovido,No,No,15-03,1,2,1,3,1,1,1,1,2,2,15
2024,02-03-0016-43,El Progreso,201,Público,Rural,Mujer,5,Primaria,Ladino/Mestizo,Diario,Matutina,Promovido,No,No,02-03,1,2,2,2,5,1,1,1,2,2,2
2024,15-08-0051-43,Baja Verapaz,1501,Público,Rural,Mujer,1,Primaria,Maya,Diario,Matutina,Promovido,No,No,15-08,1,2,2,2,1,1,1,1,2,2,15
2024,15-08-0088-43,Baja Verapaz,1501,Público,Rural,Mujer,5,Primaria,Maya,Diario,Matutina,Promovido,No,No,15-08,1,2,2,2,1,1,1,1,2,2,15
2024,02-07-0008-46,El Progreso,201,Público,Urbana,Hombre,4,Diversificado,Ladino/Mestizo,Diario,Vespertina,No promovido,No,No,02-07,1,1,1,4,5,1,2,5,2,2,2
2024,15-03-0149-42,Baja Verapaz,1501,Público,Rural,Mujer,5,Preprimaria,Maya,Diario,Matutina,Promovido,No,No,15-03,1,2,2,1,1,1,1,1,2,2,15
2024,19-09-0048-46,Zacapa,1901,Privado,Urbana,Mujer,4,Diversificado,Ladino/Mestizo,Semipresencial,Ignorado,Promovido,No,Sí,19-09,2,1,2,4,5,4,9,1,2,1,19
2024,15-05-0036-43,Baja Verapaz,1501,Público,Rural,Mujer,5,Primaria,Ladino/Mestizo,Diario,Matutina,Promovido,No,No,15-05,1,2,2,2,5,1,1,1,2,2,15
2024,02-03-0803-42,El Progreso,201,Público,Rural,Mujer,6,Preprimaria,Ladino/Mestizo,Diario,Matutina,Promovido,No,No,02-03,1,2,2,1,5,1,1,1,2,2,2
2024,02-07-0539-45,El Progreso,201,Privado,Rural,Mujer,1,Básico,Ladino/Mestizo,Diario,Doble,Promovido,No,No,02-07,2,2,2,3,5,1,4,1,2,2,2
2024,19-01-1033-42,Zacapa,1901,Público,Rural,Mujer,4,Preprimaria,Ladino/Mestizo,Diario,Matutina,Promovido,No,No,19-01,1,2,2,1,5,1,1,1,2,2,19
2024,19-01-0012-43,Zacapa,1901,Público,Urbana,Mujer,2,Primaria,Ladino/Mestizo,Diario,Matutina,Promovido,No,No,19-01,1,1,2,2,5,1,1,1,2,2,19
2024,15-02-0074-43,Baja Verapaz,1501,Público,Rural,Mujer,5,Primaria,Maya,Diario,Matutina,Promovido,No,No,15-02,1,2,2,2,1,1,1,1,2,2,15
2024,19-01-0704-45,Zacapa,1901,Privado,Urbana,Mujer,1,Básico,Ladino/Mestizo,Diario,Vespertina,Promovido,No,No,19-01,2,1,2,3,5,1,2,1,2,2,19
2024,15-07-0240-43,Baja Verapaz,1501,Público,Rural,Mujer,3,Primaria,Ladino/Mestizo,Diario,Matutina,Promovido,No,No,15-07,1,2,2,2,5,1,1,1,2,2,15
2024,19-01-0072-45,Zacapa,1901,Público,Urbana,Hombre,2,Básico,Ladino/Mestizo,Diario,Matutina,Promovido,No,No,19-01,1,1,1,3,5,1,1,1,2,2,19
2024,15-08-0164-42,Baja Verapaz,1501,Público,Rural,Mujer,6,Preprimaria,Maya,Diario,Matutina,Promovido,No,No,15-08,1,2,2,1,1,1,1,1,2,2,15
2024,15-01-0018-43,Baja Verapaz,1501,Público,Urbana,Hombre,5,Primaria,Ladino/Mestizo,Diario,Matutina,Promovido,No,No,15-01,1,1,1,2,5,1,1,1,2,2,15
2024,19-03-0015-46,Zacapa,1901,Privado,Rural,Mujer,4,Diversificado,Ladino/Mestizo,Diario,Matutina,No promovido,No,No,19-03,2,2,2,4,5,1,1,5,2,2,19
2024,19-02-0008-43,Zacapa,1901,Público,Urbana,Hombre,3,Primaria,Ladino/Mestizo,Diario,Matutina,Promovido,No,No,19-02,1,1,1,2,5,1,1,1,2,2,19
2024,02-05-0118-43,El Progreso,201,Público,Rural,Mujer,2,Primaria,Ladino/Mestizo,Diario,Matutina,Promovido,No,No,02-05,1,2,2,2,5,1,1,1,2,2,2
2024,15-08-0056-43,Baja Verapaz,1501,Público,Rural,Hombre,4,Primaria,Maya,Diario,Matutina,No promovido,No,No,15-08,1,2,1,2,1,1,1,5,2,2,15
2024,15-08-0046-43,Baja Verapaz,1501,Público,Rural,Hombre,6,Primaria,Maya,Diario,Matutina,Promovido,No,No,15-08,1,2,1,2,1,1,1,1,2,2,15
2024,19-01-0055-43,Zacapa,1901,Público,Rural,Mujer,2,Primaria,Ladino/Mestizo,Diario,Matutina,Promovido,No,No,19-01,1,2,2,2,5,1,1,1,2,2,19
2024,19-05-0201-43,Zacapa,1901,Público,Urbana,Hombre,4,Primaria,Ladino/Mestizo,Diario,Matutina,Retirado,No,No,19-05,1,1,1,2,5,1,1,3,2,2,19
2024,02-03-0060-43,El Progreso,201,Público,Urbana,Mujer,1,Primaria,Ladino/Mestizo,Diario,Matutina,Promovido,No,No,02-03,1,1,2,2,5,1,1,1,2,2,2
2024,02-03-0096-43,El Progreso,201,Público,Rural,Mujer,4,Primaria,Ladino/Mestizo,Diario,Matutina,Promovido,No,No,02-03,1,2,2,2,5,1,1,1,2,2,2
2024,02-07-0679-46,El Progreso,201,Privado,Urbana,Hombre,4,Diversificado,Ladino/Mestizo,Diario,Matutina,No promovido,Sí,No,02-07,2,1,1,4,5,1,1,5,1,2,2
2024,19-09-1230-42,Zacapa,1901,Público,Rural,Mujer,5,Preprimaria,Ladino/Mestizo,Diario,Matutina,Promovido,No,No,19-09,1,2,2,1,5,1,1,1,2,2,19
2024,19-01-0030-43,Zacapa,1901,Público,Rural,Hombre,1,Primaria,Ladino/Mestizo,Diario,Matutina,Promovido,No,No,19-01,1,2,1,2,5,1,1,1,2,2,19
2024,02-03-0065-42,El Progreso,201,Público,Rural,Mujer,5,Preprimaria,Ladino/Mestizo,Diario,Matutina,Promovido,No,No,02-03,1,2,2,1,5,1,1,1,2,2,2
2024,02-03-0117-46,El Progreso,201,Privado,Urbana,Hombre,5,Diversificado,Ladino/Mestizo,Diario,Vespertina,Promovido,No,No,02-03,2,1,1,4,5,1,2,1,2,2,2
2024,15-04-0185-43,Baja Verapaz,1501,Público,Rural,Mujer,4,Primaria,Maya,Diario,Matutina,Promovido,No,No,15-04,1,2,2,2,1,1,1,1,2,2,15
2024,19-09-0283-43,Zacapa,1901,Público,Rural,Mujer,4,Primaria,Ladino/Mestizo,Diario,Matutina,Promovido,No,No,19-09,1,2,2,2,5,1,1,1,2,2,19
2024,15-01-1274-46,Baja Verapaz,1501,Público,Urbana,Mujer,5,Diversificado,Ladino/Mestizo,Diario,Vespertina,Promovido,No,No,15-01,1,1,2,4,5,1,2,1,2,2,15
2024,02-03-0026-45,El Progreso,201,Público,Rural,Hombre,1,Básico,Ladino/Mestizo,Diario,Vespertina,Promovido,No,No,02-03,1,2,1,3,5,1,2,1,2,2,2
2024,15-03-0099-43,Baja Verapaz,1501,Público,Urbana,Mujer,6,Primaria,Maya,Diario,Matutina,Promovido,No,No,15-03,1,1,2,2,1,1,1,1,2,2,15
2024,15-01-0173-45,Baja Verapaz,1501,Público,Rural,Mujer,3,Básico,Ladino/Mestizo,Diario,Matutina,Promovido,No,No,15-01,1,2,2,3,5,1,1,1,2,2,15
2024,19-02-0002-45,Zacapa,1901,Público,Urbana,Hombre,2,Básico,Ladino/Mestizo,Diario,Vespertina,No promovido,No,No,19-02,1,1,1,3,5,1,2,5,2,2,19
2024,15-01-1843-42,Baja Verapaz,1501,Público,Rural,Hombre,5,Preprimaria,Ladino/Mestizo,Diario,Matutina,Promovido,No,No,15-01,1,2,1,1,5,1,1,1,2,2,15
2024,02-03-0726-45,El Progreso,201,Privado,Urbana,Hombre,1,Básico,Ladino/Mestizo,Fin de semana,Doble,Promovido,Sí,No,02-03,2,1,1,3,5,2,4,1,1,2,2
2024,15-01-0029-43,Baja Verapaz,1501,Público,Rural,Mujer,3,Primaria,Ladino/Mestizo,Diario,Matutina,Promovido,No,No,15-01,1,2,2,2,5,1,1,1,2,2,15
2024,15-04-0036-43,Baja Verapaz,1501,Público,Rural,Hombre,5,Primaria,Maya,Diario,Matutina,Promovido,No,No,15-04,1,2,1,2,1,1,1,1,2,2,15
2024,19-01-0072-45,Zacapa,1901,Público,Urbana,Mujer,1,Básico,Ladino/Mestizo,Diario,Matutina,Promovido,No,No,19-01,1,1,2,3,5,1,1,1,2,2,19
2024,15-01-0124-45,Baja Verapaz,1501,Privado,Urbana,Hombre,2,Básico,Ladino/Mestizo,Diario,Matutina,Promovido,No,No,15-01,2,1,1,3,5,1,1,1,2,2,15
2024,19-01-1158-42,Zacapa,1901,Público,Rural,Hombre,6,Preprimaria,Ladino/Mestizo,Diario,Matutina,Promovido,No,No,19-01,1,2,1,1,5,1,1,1,2,2,19
2024,02-07-0699-46,El Progreso,201,Privado,Urbana,Hombre,4,Diversificado,Ladino/Mestizo,Diario,Doble,No promovido,Sí,No,02-07,2,1,1,4,5,1,4,5,1,2,2
2024,15-06-0689-43,Baja Verapaz,1501,Público,Rural,Hombre,2,Primaria,Ladino/Mestizo,Diario,Matutina,Promovido,No,No,15-06,1,2,1,2,5,1,1,1,2,2,15
2024,15-01-0047-44,Baja Verapaz,1501,Público,Urbana,Mujer,3,Primaria de adultos,Ladino/Mestizo,Diario,Nocturna,No promovido,No,No,15-01,1,1,2,5,5,1,3,5,2,2,15
2024,19-01-0336-43,Zacapa,1901,Público,Rural,Hombre,3,Primaria,Ladino/Mestizo,Diario,Matutina,Retirado,No,No,19-01,1,2,1,2,5,1,1,3,2,2,19
2024,15-05-2153-46,Baja Verapaz,1501,Privado,Urbana,Mujer,6,Diversificado,Ladino/Mestizo,Diario,Vespertina,Promovido,No,Sí,15-05,2,1,2,4,5,1,2,1,2,1,15
2024,15-03-0105-43,Baja Verapaz,1501,Público,Rural,Hombre,5,Primaria,Ladino/Mestizo,Diario,Matutina,Promovido,No,No,15-03,1,2,1,2,5,1,1,1,2,2,15
2024,02-03-0067-43,El Progreso,201,Público,Rural,Hombre,4,Primaria,Ladino/Mestizo,Diario,Matutina,Promovido,No,No,02-03,1,2,1,2,5,1,1,1,2,2,2
2024,02-05-0448-42,El Progreso,201,Público,Urbana,Mujer,4,Preprimaria,Ladino/Mestizo,Diario,Matutina,Retirado,No,No,02-05,1,1,2,1,5,1,1,3,2,2,2
2024,02-03-0078-43,El Progreso,201,Público,Rural,Hombre,1,Primaria,Ladino/Mestizo,Diario,Matutina,Promovido,No,No,02-03,1,2,1,2,5,1,1,1,2,2,2
2024,02-07-0401-42,El Progreso,201,Público,Rural,Mujer,5,Preprimaria,Ladino/Mestizo,Diario,Matutina,Promovido,No,No,02-07,1,2,2,1,5,1,1,1,2,2,2
2024,15-05-0212-43,Baja Verapaz,1501,Público,Rural,Hombre,4,Primaria,Ladino/Mestizo,Diario,Matutina,Promovido,No,No,15-05,1,2,1,2,5,1,1,1,2,2,15
2024,19-08-0813-45,Zacapa,1901,Público,Rural,Mujer,3,Básico,Ladino/Mestizo,Diario,Matutina,Promovido,No,No,19-08,1,2,2,3,5,1,1,1,2,2,19
2024,19-03-0843-42,Zacapa,1901,Público,Rural,Mujer,6,Preprimaria,Ladino/Mestizo,Diario,Matutina,Promovido,No,No,19-03,1,2,2,1,5,1,1,1,2,2,19
2024,02-02-0391-42,El Progreso,201,Público,Rural,Hombre,4,Preprimaria,Ladino/Mestizo,Diario,Matutina,Retirado,No,No,02-02,1,2,1,1,5,1,1,3,2,2,2
2024,15-01-1524-43,Baja Verapaz,1501,Público,Urbana,Mujer,4,Primaria,Ladino/Mestizo,Diario,Vespertina,Promovido,Sí,No,15-01,1,1,2,2,5,1,2,1,1,2,15
2024,02-08-0585-43,El Progreso,201,Público,Rural,Hombre,3,Primaria,Ladino/Mestizo,Diario,Vespertina,No promovido,No,No,02-08,1,2,1,2,5,1,2,5,2,2,2
2024,02-08-0636-45,El Progreso,201,Cooperativa,Rural,Hombre,3,Básico,Ladino/Mestizo,Diario,Vespertina,Promovido,No,No,02-08,4,2,1,3,5,1,2,1,2,2,2
2024,02-08-0003-42,El Progreso,201,Público,Rural,Hombre,6,Preprimaria,Ladino/Mestizo,Diario,Matutina,Promovido,No,No,02-08,1,2,1,1,5,1,1,1,2,2,2
2024,19-06-0223-43,Zacapa,1901,Público,Rural,Mujer,5,Primaria,Ladino/Mestizo,Diario,Matutina,Retirado,No,No,19-06,1,2,2,2,5,1,1,3,2,2,19
2024,15-04-0077-43,Baja Verapaz,1501,Público,Rural,Hombre,3,Primaria,Maya,Diario,Matutina,Promovido,No,No,15-04,1,2,1,2,1,1,1,1,2,2,15
2024,19-01-0310-42,Zacapa,1901,Privado,Urbana,Mujer,4,Preprimaria,Ladino/Mestizo,Diario,Matutina,Promovido,No,No,19-01,2,1,2,1,5,1,1,1,2,2,19
2024,15-03-1601-42,Baja Verapaz,1501,Público,Rural,Mujer,5,Preprimaria,Ladino/Mestizo,Diario,Matutina,Promovido,No,No,15-03,1,2,2,1,5,1,1,1,2,2,15
2024,02-03-0078-43,El Progreso,201,Público,Rural,Hombre,2,Primaria,Ladino/Mestizo,Diario,Matutina,Promovido,No,No,02-03,1,2,1,2,5,1,1,1,2,2,2
2024,02-05-0113-42,El Progreso,201,Público,Urbana,Mujer,6,Preprimaria,Ladino/Mestizo,Diario,Matutina,Promovido,No,No,02-05,1,1,2,1,5,1,1,1,2,2,2
2024,19-09-0273-43,Zacapa,1901,Público,Rural,Hombre,6,Primaria,Ladino/Mestizo,Diario,Matutina,Promovido,No,No,19-09,1,2,1,2,5,1,1,1,2,2,19
2024,02-03-0121-43,El Progreso,201,Privado,Urbana,Hombre,1,Primaria,Ladino/Mestizo,Diario,Matutina,Promovido,No,No,02-03,2,1,1,2,5,1,1,1,2,2,2
2024,02-03-0073-43,El Progreso,201,Público,Rural,Mujer,6,Primaria,Ladino/Mestizo,Diario,Matutina,Promovido,No,No,02-03,1,2,2,2,5,1,1,1,2,2,2
2024,02-07-0160-43,El Progreso,201,Público,Urbana,Mujer,5,Primaria,Ladino/Mestizo,Diario,Matutina,Promovido,No,No,02-07,1,1,2,2,5,1,1,1,2,2,2
2024,15-08-0035-43,Baja Verapaz,1501,Público,Rural,Mujer,1,Primaria,Maya,Diario,Matutina,Promovido,Sí,No,15-08,1,2,2,2,1,1,1,1,1,2,15
2024,02-07-0536-46,El Progreso,201,Cooperativa,Urbana,Mujer,4,Diversificado,Ladino/Mestizo,Diario,Vespertina,Promovido,No,No,02-07,4,1,2,4,5,1,2,1,2,2,2
2024,02-07-0201-45,El Progreso,201,Cooperativa,Rural,Hombre,1,Básico,Ladino/Mestizo,Diario,Vespertina,Promovido,No,No,02-07,4,2,1,3,5,1,2,1,2,2,2
2024,15-04-1279-42,Baja Verapaz,1501,Público,Rural,Mujer,5,Preprimaria,Maya,Diario,Matutina,Retirado,No,No,15-04,1,2,2,1,1,1,1,3,2,2,15
2024,19-04-0169-43,Zacapa,1901,Público,Rural,Hombre,2,Primaria,Ladino/Mestizo,Diario,Matutina,Retirado,No,No,19-04,1,2,1,2,5,1,1,3,2,2,19
2024,15-02-0671-43,Baja Verapaz,1501,Público,Rural,Hombre,3,Primaria,Maya,Diario,Matutina,Promovido,Sí,No,15-02,1,2,1,2,1,1,1,1,1,2,15
2024,19-05-0213-45,Zacapa,1901,Público,Urbana,Hombre,1,Básico,Ladino/Mestizo,Diario,Matutina,Promovido,No,No,19-05,1,1,1,3,5,1,1,1,2,2,19
2024,19-03-0128-45,Zacapa,1901,Cooperativa,Rural,Hombre,1,Básico,Ladino/Mestizo,Diario,Vespertina,Promovido,No,No,19-03,4,2,1,3,5,1,2,1,2,2,19
2024,19-01-0011-43,Zacapa,1901,Público,Urbana,Mujer,3,Primaria,Ladino/Mestizo,Diario,Matutina,Promovido,No,No,19-01,1,1,2,2,5,1,1,1,2,2,19
2024,15-04-0185-43,Baja Verapaz,1501,Público,Rural,Mujer,1,Primaria,Maya,Diario,Matutina,Promovido,Sí,No,15-04,1,2,2,2,1,1,1,1,1,2,15
2024,15-08-0212-43,Baja Verapaz,1501,Público,Rural,Hombre,5,Primaria,Maya,Diario,Matutina,Promovido,No,No,15-08,1,2,1,2,1,1,1,1,2,2,15
2024,15-04-0156-43,Baja Verapaz,1501,Público,Rural,Mujer,3,Primaria,Maya,Diario,Matutina,Retirado,No,No,15-04,1,2,2,2,1,1,1,3,2,2,15
2024,02-03-0015-43,El Progreso,201,Público,Rural,Hombre,4,Primaria,Ladino/Mestizo,Diario,Matutina,Promovido,No,No,02-03,1,2,1,2,5,1,1,1,2,2,2
2024,02-08-0209-43,El Progreso,201,Público,Rural,Hombre,1,Primaria,Ladino/Mestizo,Diario,Matutina,Promovido,No,No,02-08,1,2,1,2,5,1,1,1,2,2,2
2024,02-03-0100-45,El Progreso,201,Cooperativa,Urbana,Mujer,1,Básico,Ladino/Mestizo,Diario,Vespertina,Promovido,No,No,02-03,4,1,2,3,5,1,2,1,2,2,2
2024,02-03-0029-42,El Progreso,201,Público,Rural,Hombre,4,Preprimaria,Ladino/Mestizo,Diario,Matutina,Promovido,No,No,02-03,1,2,1,1,5,1,1,1,2,2,2
2024,19-06-1155-42,Zacapa,1901,Público,Rural,Hombre,3,Preprimaria,Ladino/Mestizo,Diario,Matutina,Promovido,No,No,19-06,1,2,1,1,5,1,1,1,2,2,19
2024,02-06-0147-43,El Progreso,201,Público,Rural,Mujer,3,Primaria,Ladino/Mestizo,Diario,Matutina,Promovido,Sí,No,02-06,1,2,2,2,5,1,1,1,1,2,2
2024,15-01-1843-42,Baja Verapaz,1501,Público,Rural,Hombre,6,Preprimaria,Ladino/Mestizo,Diario,Matutina,Promovido,No,No,15-01,1,2,1,1,5,1,1,1,2,2,15
2024,15-07-0005-42,Baja Verapaz,1501,Público,Rural,Hombre,6,Preprimaria,Ladino/Mestizo,Diario,Matutina,Promovido,No,No,15-07,1,2,1,1,5,1,1,1,2,2,15
2024,19-04-0595-43,Zacapa,1901,Público,Urbana,Mujer,1,Primaria,Ladino/Mestizo,Diario,Matutina,Promovido,No,No,19-04,1,1,2,2,5,1,1,1,2,2,19
2024,15-08-0043-43,Baja Verapaz,1501,Público,Rural,Hombre,4,Primaria,Maya,Diario,Matutina,No promovido,No,No,15-08,1,2,1,2,1,1,1,5,2,2,15
2024,15-08-0142-45,Baja Verapaz,1501,Público,Rural,Mujer,2,Básico,Maya,Diario,Vespertina,Promovido,No,No,15-08,1,2,2,3,1,1,2,1,2,2,15
2024,15-01-0016-43,Baja Verapaz,1501,Público,Rural,Hombre,4,Primaria,Maya,Diario,Matutina,Retirado,No,No,15-01,1,2,1,2,1,1,1,3,2,2,15
2024,02-05-0119-43,El Progreso,201,Público,Rural,Mujer,2,Primaria,Ladino/Mestizo,Diario,Matutina,Promovido,No,No,02-05,1,2,2,2,5,1,1,1,2,2,2
2024,19-04-0018-43,Zacapa,1901,Público,Rural,Hombre,2,Primaria,Ladino/Mestizo,Diario,Matutina,No promovido,Sí,No,19-04,1,2,1,2,5,1,1,5,1,2,19
2024,02-01-0071-46,El Progreso,201,Privado,Urbana,Mujer,4,Diversificado,Ladino/Mestizo,Semipresencial,Ignorado,Promovido,No,Sí,02-01,2,1,2,4,5,4,9,1,2,1,2
2024,02-06-0149-43,El Progreso,201,Público,Urbana,Hombre,5,Primaria,Ladino/Mestizo,Diario,Matutina,Retirado,No,No,02-06,1,1,1,2,5,1,1,3,2,2,2
2024,15-08-0042-43,Baja Verapaz,1501,Público,Rural,Mujer,6,Primaria,Maya,Diario,Matutina,Promovido,No,No,15-08,1,2,2,2,1,1,1,1,2,2,15
2024,15-08-0069-43,Baja Verapaz,1501,Público,Rural,Hombre,5,Primaria,Maya,Diario,Matutina,No promovido,No,No,15-08,1,2,1,2,1,1,1,5,2,2,15
2024,19-09-0857-43,Zacapa,1901,Público,Rural,Mujer,1,Primaria,Ladino/Mestizo,Diario,Matutina,Promovido,No,No,19-09,1,2,2,2,5,1,1,1,2,2,19
2024,19-09-0283-43,Zacapa,1901,Público,Rural,Hombre,2,Primaria,Ladino/Mestizo,Diario,Matutina,Promovido,No,No,19-09,1,2,1,2,5,1,1,1,2,2,19
2024,15-08-0255-41,Baja Verapaz,1501,Público,Rural,Mujer,5,Preprimaria,Maya,Diario,Matutina,Promovido,No,No,15-08,1,2,2,1,1,1,1,1,2,2,15
2024,19-05-0557-43,Zacapa,1901,Privado,Urbana,Hombre,2,Primaria,Ladino/Mestizo,Diario,Matutina,Promovido,No,No,19-05,2,1,1,2,5,1,1,1,2,2,19
2024,19-03-0116-43,Zacapa,1901,Público,Rural,Mujer,1,Primaria,Ladino/Mestizo,Diario,Matutina,Promovido,Sí,No,19-03,1,2,2,2,5,1,1,1,1,2,19
2024,02-07-0007-45,El Progreso,201,Público,Rural,Mujer,3,Básico,Ladino/Mestizo,Diario,Matutina,Retirado,No,No,02-07,1,2,2,3,5,1,1,3,2,2,2
2024,15-08-0083-43,Baja Verapaz,1501,Público,Rural,Hombre,3,Primaria,Maya,Diario,Matutina,Promovido,No,No,15-08,1,2,1,2,1,1,1,1,2,2,15
2024,15-03-1242-41,Baja Verapaz,1501,Público,Rural,Hombre,4,Preprimaria,Maya,Diario,Matutina,Promovido,No,No,15-03,1,2,1,1,1,1,1,1,2,2,15
2024,15-07-0242-43,Baja Verapaz,1501,Público,Rural,Hombre,3,Primaria,Ladino/Mestizo,Diario,Matutina,Promovido,No,No,15-07,1,2,1,2,5,1,1,1,2,2,15
2024,15-03-1812-43,Baja Verapaz,1501,Público,Urbana,Mujer,1,Primaria,Maya,Diario,Vespertina,No promovido,No,No,15-03,1,1,2,2,1,1,2,5,2,2,15
2024,15-03-1550-41,Baja Verapaz,1501,Público,Rural,Mujer,6,Preprimaria,Maya,Diario,Matutina,Promovido,No,No,15-03,1,2,2,1,1,1,1,1,2,2,15
2024,02-04-0110-43,El Progreso,201,Público,Rural,Hombre,1,Primaria,Ladino/Mestizo,Diario,Matutina,No promovido,No,No,02-04,1,2,1,2,5,1,1,5,2,2,2
2024,15-07-0241-43,Baja Verapaz,1501,Público,Rural,Hombre,2,Primaria,Ladino/Mestizo,Diario,Matutina,Promovido,No,No,15-07,1,2,1,2,5,1,1,1,2,2,15
2024,19-02-0089-43,Zacapa,1901,Público,Urbana,Hombre,2,Primaria,Ladino/Mestizo,Diario,Matutina,Promovido,Sí,No,19-02,1,1,1,2,5,1,1,1,1,2,19
2024,19-09-1238-42,Zacapa,1901,Público,Rural,Hombre,6,Preprimaria,Ladino/Mestizo,Diario,Matutina,Promovido,No,No,19-09,1,2,1,1,5,1,1,1,2,2,19
2024,02-01-0244-43,El Progreso,201,Privado,Urbana,Hombre,1,Primaria,Ladino/Mestizo,Diario,Matutina,Promovido,No,No,02-01,2,1,1,2,5,1,1,1,2,2,2
2024,19-08-0260-45,Zacapa,1901,Público,Urbana,Hombre,3,Básico,Ladino/Mestizo,Diario,Matutina,Promovido,No,No,19-08,1,1,1,3,5,1,1,1,2,2,19
2024,19-01-0164-45,Zacapa,1901,Privado,Urbana,Hombre,1,Básico,Ladino/Mestizo,Diario,Matutina,Promovido,No,No,19-01,2,1,1,3,5,1,1,1,2,2,19
2024,19-04-0133-43,Zacapa,1901,Público,Urbana,Mujer,1,Primaria,Ladino/Mestizo,Diario,Matutina,No promovido,Sí,No,19-04,1,1,2,2,5,1,1,5,1,2,19
2024,02-01-0029-42,El Progreso,201,Público,Rural,Mujer,6,Preprimaria,Ladino/Mestizo,Diario,Matutina,Promovido,No,No,02-01,1,2,2,1,5,1,1,1,2,2,2
2024,19-03-0097-43,Zacapa,1901,Público,Urbana,Hombre,3,Primaria,Ladino/Mestizo,Diario,Matutina,Promovido,No,No,19-03,1,1,1,2,5,1,1,1,2,2,19
2024,15-08-0095-43,Baja Verapaz,1501,Público,Rural,Hombre,3,Primaria,Maya,Diario,Matutina,Promovido,No,No,15-08,1,2,1,2,1,1,1,1,2,2,15
2024,19-05-0213-45,Zacapa,1901,Público,Urbana,Hombre,1,Básico,Ladino/Mestizo,Diario,Matutina,Promovido,No,No,19-05,1,1,1,3,5,1,1,1,2,2,19
2024,19-05-0209-43,Zacapa,1901,Público,Rural,Mujer,4,Primaria,Ladino/Mestizo,Diario,Matutina,Promovido,No,No,19-05,1,2,2,2,5,1,1,1,2,2,19
2024,15-01-0009-43,Baja Verapaz,1501,Privado,Urbana,Mujer,6,Primaria,Maya,Diario,Matutina,Promovido,No,No,15-01,2,1,2,2,1,1,1,1,2,2,15
2024,19-01-0011-43,Zacapa,1901,Público,Urbana,Hombre,1,Primaria,Maya,Diario,Matutina,Promovido,No,No,19-01,1,1,1,2,1,1,1,1,2,2,19
2024,15-08-0042-43,Baja Verapaz,1501,Público,Rural,Hombre,6,Primaria,Maya,Diario,Matutina,Promovido,No,No,15-08,1,2,1,2,1,1,1,1,2,2,15
2024,02-03-0009-43,El Progreso,201,Público,Rural,Mujer,5,Primaria,Ladino/Mestizo,Diario,Vespertina,Retirado,No,No,02-03,1,2,2,2,5,1,2,3,2,2,2
2024,02-03-0062-43,El Progreso,201,Público,Rural,Mujer,6,Primaria,Ladino/Mestizo,Diario,Matutina,Retirado,No,No,02-03,1,2,2,2,5,1,1,3,2,2,2
2024,15-04-0108-42,Baja Verapaz,1501,Público,Rural,Mujer,5,Preprimaria,Maya,Diario,Matutina,Promovido,No,No,15-04,1,2,2,1,1,1,1,1,2,2,15
2024,15-08-0258-41,Baja Verapaz,1501,Público,Rural,Mujer,4,Preprimaria,Maya,Diario,Matutina,Promovido,No,No,15-08,1,2,2,1,1,1,1,1,2,2,15
2024,02-03-0002-46,El Progreso,201,Privado,Rural,Hombre,5,Diversificado,Ladino/Mestizo,Diario,Vespertina,Promovido,No,Sí,02-03,2,2,1,4,5,1,2,1,2,1,2
2024,02-05-0119-43,El Progreso,201,Público,Rural,Mujer,4,Primaria,Ladino/Mestizo,Diario,Matutina,Promovido,No,No,02-05,1,2,2,2,5,1,1,1,2,2,2
2024,19-09-0009-45,Zacapa,1901,Público,Rural,Mujer,3,Básico,Ladino/Mestizo,Diario,Matutina,Promovido,Sí,No,19-09,1,2,2,3,5,1,1,1,1,2,19
2024,15-03-0035-43,Baja Verapaz,1501,Público,Rural,Hombre,3,Primaria,Ladino/Mestizo,Diario,Matutina,Promovido,No,No,15-03,1,2,1,2,5,1,1,1,2,2,15
2024,15-07-1191-42,Baja Verapaz,1501,Público,Rural,Mujer,4,Preprimaria,Ladino/Mestizo,Diario,Matutina,Promovido,No,No,15-07,1,2,2,1,5,1,1,1,2,2,15
2024,19-05-0213-45,Zacapa,1901,Público,Urbana,Mujer,2,Básico,Ladino/Mestizo,Diario,Matutina,Promovido,No,No,19-05,1,1,2,3,5,1,1,1,2,2,19
2024,15-03-0107-43,Baja Verapaz,1501,Público,Rural,Hombre,6,Primaria,Maya,Diario,Matutina,Promovido,No,No,15-03,1,2,1,2,1,1,1,1,2,2,15
2024,15-04-1791-43,Baja Verapaz,1501,Público,Rural,Hombre,2,Primaria,Ladino/Mestizo,Diario,Vespertina,Promovido,No,No,15-04,1,2,1,2,5,1,2,1,2,2,15
2024,15-08-0174-45,Baja Verapaz,1501,Privado,Urbana,Mujer,1,Básico,Maya,Fin de semana,Doble,Promovido,No,Ignorado,15-08,2,1,2,3,1,2,4,1,2,9,15
2024,19-10-0006-43,Zacapa,1901,Público,Rural,Hombre,6,Primaria,Ladino/Mestizo,Diario,Matutina,Promovido,No,No,19-10,1,2,1,2,5,1,1,1,2,2,19
2024,15-08-0109-43,Baja Verapaz,1501,Público,Rural,Hombre,4,Primaria,Maya,Diario,Matutina,Promovido,No,No,15-08,1,2,1,2,1,1,1,1,2,2,15
2024,15-07-0039-42,Baja Verapaz,1501,Público,Rural,Mujer,2,Preprimaria,Ladino/Mestizo,Diario,Matutina,Promovido,No,No,15-07,1,2,2,1,5,1,1,1,2,2,15
2024,15-04-0198-45,Baja Verapaz,1501,Público,Rural,Mujer,1,Básico,Maya,Diario,Vespertina,Promovido,No,No,15-04,1,2,2,3,1,1,2,1,2,2,15
2024,15-01-1956-42,Baja Verapaz,1501,Público,Rural,Hombre,6,Preprimaria,Ladino/Mestizo,Diario,Vespertina,Promovido,No,No,15-01,1,2,1,1,5,1,2,1,2,2,15
2024,19-04-0172-43,Zacapa,1901,Público,Rural,Hombre,2,Primaria,Ladino/Mestizo,Diario,Matutina,No promovido,No,No,19-04,1,2,1,2,5,1,1,5,2,2,19
2024,15-04-0167-43,Baja Verapaz,1501,Público,Rural,Mujer,2,Primaria,Ladino/Mestizo,Diario,Matutina,Promovido,No,No,15-04,1,2,2,2,5,1,1,1,2,2,15
2024,15-01-0017-43,Baja Verapaz,1501,Público,Urbana,Mujer,2,Primaria,Ladino/Mestizo,Diario,Matutina,Promovido,No,No,15-01,1,1,2,2,5,1,1,1,2,2,15
2024,19-02-1083-42,Zacapa,1901,Privado,Urbana,Hombre,6,Preprimaria,Ladino/Mestizo,Diario,Matutina,Promovido,No,No,19-02,2,1,1,1,5,1,1,1,2,2,19
2024,15-02-0026-42,Baja Verapaz,1501,Público,Rural,Mujer,6,Preprimaria,Maya,Diario,Matutina,Promovido,No,No,15-02,1,2,2,1,1,1,1,1,2,2,15
2024,15-01-0011-43,Baja Verapaz,1501,Público,Rural,Hombre,3,Primaria,Ladino/Mestizo,Diario,Matutina,Promovido,Sí,No,15-01,1,2,1,2,5,1,1,1,1,2,15
2024,02-07-0564-42,El Progreso,201,Privado,Urbana,Mujer,6,Preprimaria,Ladino/Mestizo,Diario,Matutina,Retirado,No,No,02-07,2,1,2,1,5,1,1,3,2,2,2
2024,02-01-0562-46,El Progreso,201,Privado,Urbana,Hombre,5,Diversificado,Ladino/Mestizo,Diario,Matutina,Promovido,No,No,02-01,2,1,1,4,5,1,1,1,2,2,2
2024,15-02-0077-43,Baja Verapaz,1501,Público,Rural,Hombre,2,Primaria,Maya,Diario,Matutina,Promovido,No,No,15-02,1,2,1,2,1,1,1,1,2,2,15
2024,15-03-0148-43,Baja Verapaz,1501,Público,Rural,Hombre,3,Primaria,Ladino/Mestizo,Diario,Matutina,Promovido,No,No,15-03,1,2,1,2,5,1,1,1,2,2,15
2024,15-03-0104-43,Baja Verapaz,1501,Público,Rural,Hombre,3,Primaria,Maya,Diario,Matutina,Promovido,No,No,15-03,1,2,1,2,1,1,1,1,2,2,15
2024,02-03-0250-45,El Progreso,201,Privado,Rural,Hombre,2,Básico,Ladino/Mestizo,Diario,Vespertina,Promovido,No,No,02-03,2,2,1,3,5,1,2,1,2,2,2
2024,15-02-1682-45,Baja Verapaz,1501,Público,Rural,Hombre,3,Básico,Maya,Diario,Matutina,Promovido,Sí,No,15-02,1,2,1,3,1,1,1,1,1,2,15
2024,15-08-1599-43,Baja Verapaz,1501,Público,Rural,Mujer,3,Primaria,Maya,Diario,Matutina,Promovido,No,No,15-08,1,2,2,2,1,1,1,1,2,2,15
2024,19-08-0260-45,Zacapa,1901,Público,Urbana,Hombre,3,Básico,Ladino/Mestizo,Diario,Matutina,Promovido,No,No,19-08,1,1,1,3,5,1,1,1,2,2,19
2024,19-04-0143-43,Zacapa,1901,Público,Rural,Mujer,5,Primaria,Ladino/Mestizo,Diario,Matutina,Promovido,No,No,19-04,1,2,2,2,5,1,1,1,2,2,19
2024,15-04-0325-43,Baja Verapaz,1501,Público,Rural,Mujer,3,Primaria,Maya,Diario,Matutina,Promovido,No,No,15-04,1,2,2,2,1,1,1,1,2,2,15
2024,15-01-0304-43,Baja Verapaz,1501,Público,Rural,Hombre,4,Primaria,Ladino/Mestizo,Diario,Matutina,Promovido,No,No,15-01,1,2,1,2,5,1,1,1,2,2,15
2024,19-01-0072-45,Zacapa,1901,Público,Urbana,Hombre,2,Básico,Ladino/Mestizo,Diario,Matutina,Promovido,No,No,19-01,1,1,1,3,5,1,1,1,2,2,19
2024,15-01-0297-43,Baja Verapaz,1501,Público,Rural,Mujer,4,Primaria,Ladino/Mestizo,Diario,Matutina,Promovido,No,No,15-01,1,2,2,2,5,1,1,1,2,2,15
2024,19-01-0201-45,Zacapa,1901,Privado,Urbana,Mujer,3,Básico,Ladino/Mestizo,Diario,Matutina,Promovido,No,No,19-01,2,1,2,3,5,1,1,1,2,2,19
2024,15-01-0023-43,Baja Verapaz,1501,Público,Rural,Hombre,4,Primaria,Ladino/Mestizo,Diario,Matutina,Promovido,No,No,15-01,1,2,1,2,5,1,1,1,2,2,15
2024,19-03-0004-46,Zacapa,1901,Cooperativa,Urbana,Mujer,6,Diversificado,Ladino/Mestizo,Diario,Vespertina,Promovido,No,Sí,19-03,4,1,2,4,5,1,2,1,2,1,19
2024,15-08-0133-42,Baja Verapaz,1501,Público,Rural,Mujer,4,Preprimaria,Maya,Diario,Matutina,Promovido,No,No,15-08,1,2,2,1,1,1,1,1,2,2,15
2024,15-05-0204-43,Baja Verapaz,1501,Público,Rural,Hombre,6,Primaria,Ladino/Mestizo,Diario,Matutina,Promovido,No,No,15-05,1,2,1,2,5,1,1,1,2,2,15
2024,15-03-0103-43,Baja Verapaz,1501,Público,Urbana,Hombre,6,Primaria,Maya,Diario,Matutina,Promovido,No,No,15-03,1,1,1,2,1,1,1,1,2,2,15
2024,15-03-0126-43,Baja Verapaz,1501,Público,Rural,Mujer,1,Primaria,Maya,Diario,Matutina,Promovido,No,No,15-03,1,2,2,2,1,1,1,1,2,2,15
2024,02-08-0222-42,El Progreso,201,Público,Rural,Mujer,4,Preprimaria,Ladino/Mestizo,Diario,Matutina,Promovido,No,No,02-08,1,2,2,1,5,1,1,1,2,2,2
2024,15-05-0194-43,Baja Verapaz,1501,Público,Rural,Hombre,3,Primaria,Ladino/Mestizo,Diario,Matutina,Promovido,No,No,15-05,1,2,1,2,5,1,1,1,2,2,15
2024,19-04-1103-42,Zacapa,1901,Público,Rural,Hombre,2,Preprimaria,Ladino/Mestizo,Diario,Matutina,Promovido,No,No,19-04,1,2,1,1,5,1,1,1,2,2,19
2024,15-04-1793-43,Baja Verapaz,1501,Privado,Urbana,Hombre,2,Primaria,Ladino/Mestizo,Diario,Matutina,Promovido,No,No,15-04,2,1,1,2,5,1,1,1,2,2,15
2024,02-07-0169-43,El Progreso,201,Público,Rural,Hombre,3,Primaria,Ladino/Mestizo,Diario,Matutina,Promovido,No,No,02-07,1,2,1,2,5,1,1,1,2,2,2
2024,02-05-0017-46,El Progreso,201,Municipal,Urbana,Mujer,5,Diversificado,Ladino/Mestizo,Diario,Matutina,Promovido,No,No,02-05,3,1,2,4,5,1,1,1,2,2,2
2024,15-01-0061-43,Baja Verapaz,1501,Público,Rural,Hombre,1,Primaria,Ladino/Mestizo,Diario,Matutina,No promovido,No,No,15-01,1,2,1,2,5,1,1,5,2,2,15
2024,19-04-0055-45,Zacapa,1901,Privado,Urbana,Hombre,2,Básico,Ladino/Mestizo,Diario,Matutina,Promovido,No,No,19-04,2,1,1,3,5,1,1,1,2,2,19
2024,02-05-0131-45,El Progreso,201,Cooperativa,Rural,Mujer,1,Básico,Ladino/Mestizo,Diario,Vespertina,Promovido,No,No,02-05,4,2,2,3,5,1,2,1,2,2,2
2024,02-01-0641-43,El Progreso,201,Público,Urbana,Hombre,1,Primaria,Ladino/Mestizo,Diario,Vespertina,No promovido,No,No,02-01,1,1,1,2,5,1,2,5,2,2,2
2024,02-03-0063-43,El Progreso,201,Público,Rural,Mujer,6,Primaria,Ladino/Mestizo,Diario,Matutina,Promovido,No,No,02-03,1,2,2,2,5,1,1,1,2,2,2
2024,02-07-0047-40,El Progreso,201,Público,Rural,Hombre,2,Preprimaria,Ladino/Mestizo,Diario,Ignorado,Retirado,No,No,02-07,1,2,1,1,5,1,9,3,2,2,2
2024,15-01-0071-43,Baja Verapaz,1501,Público,Urbana,Hombre,5,Primaria,Ladino/Mestizo,Diario,Matutina,Retirado,No,No,15-01,1,1,1,2,5,1,1,3,2,2,15
2024,02-02-0044-43,El Progreso,201,Público,Rural,Hombre,6,Primaria,Ladino/Mestizo,Diario,Matutina,Promovido,No,No,02-02,1,2,1,2,5,1,1,1,2,2,2
2024,19-05-0038-46,Zacapa,1901,Privado,Urbana,Hombre,4,Diversificado,Ladino/Mestizo,Diario,Matutina,Promovido,No,No,19-05,2,1,1,4,5,1,1,1,2,2,19
2024,15-04-0159-43,Baja Verapaz,1501,Público,Rural,Mujer,3,Primaria,Maya,Diario,Matutina,Retirado,No,No,15-04,1,2,2,2,1,1,1,3,2,2,15
2024,15-08-0256-41,Baja Verapaz,1501,Público,Rural,Hombre,5,Preprimaria,Maya,Diario,Matutina,Promovido,No,No,15-08,1,2,1,1,1,1,1,1,2,2,15
2024,19-04-1114-43,Zacapa,1901,Público,Rural,Hombre,6,Primaria,Ladino/Mestizo,Diario,Matutina,Promovido,No,No,19-04,1,2,1,2,5,1,1,1,2,2,19
2024,15-01-0763-42,Baja Verapaz,1501,Público,Urbana,Mujer,5,Preprimaria,Ladino/Mestizo,Diario,Matutina,Promovido,No,No,15-01,1,1,2,1,5,1,1,1,2,2,15
2024,15-03-0135-43,Baja Verapaz,1501,Privado,Urbana,Mujer,4,Primaria,Ladino/Mestizo,Diario,Matutina,Promovido,No,No,15-03,2,1,2,2,5,1,1,1,2,2,15
2024,15-08-0098-43,Baja Verapaz,1501,Público,Rural,Mujer,3,Primaria,Maya,Diario,Matutina,Promovido,No,No,15-08,1,2,2,2,1,1,1,1,2,2,15
2024,19-10-0360-43,Zacapa,1901,Público,Rural,Hombre,5,Primaria,Ladino/Mestizo,Diario,Matutina,Promovido,No,No,19-10,1,2,1,2,5,1,1,1,2,2,19
2024,02-05-0114-43,El Progreso,201,Público,Urbana,Mujer,5,Primaria,Ladino/Mestizo,Diario,Matutina,Promovido,No,No,02-05,1,1,2,2,5,1,1,1,2,2,2
2024,15-04-0187-45,Baja Verapaz,1501,Cooperativa,Urbana,Hombre,2,Básico,Maya,Diario,Vespertina,Promovido,No,No,15-04,4,1,1,3,1,1,2,1,2,2,15
2024,02-08-0025-40,El Progreso,201,Público,Rural,Mujer,3,Preprimaria,Ladino/Mestizo,Diario,Ignorado,Promovido,No,No,02-08,1,2,2,1,5,1,9,1,2,2,2
2024,19-10-0303-45,Zacapa,1901,Público,Urbana,Hombre,2,Básico,Ladino/Mestizo,Diario,Matutina,Promovido,No,Ignorado,19-10,1,1,1,3,5,1,1,1,2,9,19
2024,19-01-0353-43,Zacapa,1901,Público,Urbana,Mujer,2,Primaria,Ladino/Mestizo,Diario,Vespertina,Promovido,No,No,19-01,1,1,2,2,5,1,2,1,2,2,19
2024,19-09-1260-43,Zacapa,1901,Público,Rural,Hombre,2,Primaria,Ladino/Mestizo,Diario,Matutina,Promovido,Sí,No,19-09,1,2,1,2,5,1,1,1,1,2,19
2024,19-01-0862-42,Zacapa,1901,Público,Rural,Hombre,2,Preprimaria,Ladino/Mestizo,Diario,Matutina,Promovido,No,No,19-01,1,2,1,1,5,1,1,1,2,2,19
2024,15-08-0147-45,Baja Verapaz,1501,Público,Rural,Hombre,2,Básico,Maya,Diario,Vespertina,Promovido,No,No,15-08,1,2,1,3,1,1,2,1,2,2,15
2024,15-04-0336-42,Baja Verapaz,1501,Público,Rural,Mujer,4,Preprimaria,Ladino/Mestizo,Diario,Matutina,Promovido,No,No,15-04,1,2,2,1,5,1,1,1,2,2,15
2024,19-09-0289-43,Zacapa,1901,Público,Rural,Hombre,1,Primaria,Ladino/Mestizo,Diario,Matutina,Promovido,No,No,19-09,1,2,1,2,5,1,1,1,2,2,19
2024,02-02-0030-43,El Progreso,201,Público,Urbana,Mujer,1,Primaria,Ladino/Mestizo,Diario,Matutina,Promovido,No,No,02-02,1,1,2,2,5,1,1,1,2,2,2
2024,19-09-0271-43,Zacapa,1901,Público,Rural,Hombre,6,Primaria,Ladino/Mestizo,Diario,Matutina,Promovido,No,No,19-09,1,2,1,2,5,1,1,1,2,2,19
2024,15-01-0111-46,Baja Verapaz,1501,Privado,Urbana,Hombre,4,Diversificado,Maya,Diario,Doble,Promovido,No,No,15-01,2,1,1,4,1,1,4,1,2,2,15
2024,19-03-0109-43,Zacapa,1901,Público,Rural,Hombre,5,Primaria,Ladino/Mestizo,Diario,Matutina,No promovido,No,No,19-03,1,2,1,2,5,1,1,5,2,2,19
2024,02-02-0029-42,El Progreso,201,Público,Urbana,Hombre,4,Preprimaria,Ladino/Mestizo,Diario,Matutina,Retirado,No,No,02-02,1,1,1,1,5,1,1,3,2,2,2
2024,15-08-2158-46,Baja Verapaz,1501,Privado,Urbana,Mujer,5,Diversificado,Maya,Fin de semana,Doble,Retirado,No,Sí,15-08,2,1,2,4,1,2,4,3,2,1,15
2024,15-01-0022-43,Baja Verapaz,1501,Público,Rural,Mujer,6,Primaria,Ladino/Mestizo,Diario,Matutina,Promovido,No,No,15-01,1,2,2,2,5,1,1,1,2,2,15
2024,19-01-0072-45,Zacapa,1901,Público,Urbana,Mujer,2,Básico,Ladino/Mestizo,Diario,Matutina,Promovido,No,No,19-01,1,1,2,3,5,1,1,1,2,2,19
2024,15-01-0055-42,Baja Verapaz,1501,Público,Rural,Mujer,6,Preprimaria,Ladino/Mestizo,Diario,Matutina,Promovido,No,No,15-01,1,2,2,1,5,1,1,1,2,2,15
2024,19-03-0109-43,Zacapa,1901,Público,Rural,Hombre,5,Primaria,Ladino/Mestizo,Diario,Matutina,Promovido,No,No,19-03,1,2,1,2,5,1,1,1,2,2,19
2024,02-04-0103-42,El Progreso,201,Público,Urbana,Hombre,6,Preprimaria,Ladino/Mestizo,Diario,Matutina,Promovido,No,No,02-04,1,1,1,1,5,1,1,1,2,2,2
2024,15-08-0089-43,Baja Verapaz,1501,Público,Rural,Hombre,5,Primaria,Maya,Diario,Matutina,Promovido,No,No,15-08,1,2,1,2,1,1,1,1,2,2,15
2024,15-04-1216-43,Baja Verapaz,1501,Público,Rural,Mujer,1,Primaria,Maya,Diario,Matutina,Promovido,No,No,15-04,1,2,2,2,1,1,1,1,2,2,15
2024,02-07-0609-43,El Progreso,201,Privado,Urbana,Hombre,6,Primaria,Ladino/Mestizo,Diario,Matutina,Retirado,No,No,02-07,2,1,1,2,5,1,1,3,2,2,2
2024,15-08-0294-43,Baja Verapaz,1501,Público,Rural,Mujer,5,Primaria,Maya,Diario,Matutina,Promovido,No,No,15-08,1,2,2,2,1,1,1,1,2,2,15
2024,19-09-0965-42,Zacapa,1901,Público,Rural,Mujer,6,Preprimaria,Ladino/Mestizo,Diario,Matutina,Promovido,No,No,19-09,1,2,2,1,5,1,1,1,2,2,19
2024,15-08-0175-45,Baja Verapaz,1501,Privado,Urbana,Hombre,1,Básico,Maya,Diario,Vespertina,Promovido,No,No,15-08,2,1,1,3,1,1,2,1,2,2,15
2024,15-01-0321-43,Baja Verapaz,1501,Público,Rural,Hombre,2,Primaria,Ladino/Mestizo,Diario,Matutina,Promovido,No,No,15-01,1,2,1,2,5,1,1,1,2,2,15
2024,02-03-0579-42,El Progreso,201,Público,Rural,Mujer,6,Preprimaria,Ladino/Mestizo,Diario,Matutina,Promovido,No,No,02-03,1,2,2,1,5,1,1,1,2,2,2
2024,19-09-0898-43,Zacapa,1901,Público,Rural,Mujer,2,Primaria,Ladino/Mestizo,Diario,Matutina,Promovido,No,No,19-09,1,2,2,2,5,1,1,1,2,2,19
2024,15-03-0045-45,Baja Verapaz,1501,Público,Urbana,Hombre,3,Básico,Ladino/Mestizo,Diario,Vespertina,Promovido,No,No,15-03,1,1,1,3,5,1,2,1,2,2,15
2024,19-04-0037-43,Zacapa,1901,Público,Rural,Hombre,3,Primaria,Ladino/Mestizo,Diario,Matutina,Promovido,No,No,19-04,1,2,1,2,5,1,1,1,2,2,19
2024,15-02-0062-41,Baja Verapaz,1501,Público,Rural,Mujer,6,Preprimaria,Maya,Diario,Matutina,Promovido,No,No,15-02,1,2,2,1,1,1,1,1,2,2,15
2024,19-01-0132-43,Zacapa,1901,Público,Rural,Mujer,3,Primaria,Ladino/Mestizo,Diario,Matutina,Promovido,No,No,19-01,1,2,2,2,5,1,1,1,2,2,19
2024,15-07-0036-46,Baja Verapaz,1501,Público,Urbana,Hombre,5,Diversificado,Ladino/Mestizo,Diario,Matutina,Promovido,No,Sí,15-07,1,1,1,4,5,1,1,1,2,1,15
2024,19-04-0196-45,Zacapa,1901,Público,Urbana,Mujer,2,Básico,Ladino/Mestizo,Diario,Matutina,Promovido,No,No,19-04,1,1,2,3,5,1,1,1,2,2,19
2024,19-04-0017-43,Zacapa,1901,Público,Rural,Mujer,1,Primaria,Ladino/Mestizo,Diario,Matutina,Promovido,No,No,19-04,1,2,2,2,5,1,1,1,2,2,19
2024,19-08-1204-43,Zacapa,1901,Público,Rural,Hombre,6,Primaria,Ladino/Mestizo,Diario,Matutina,Promovido,No,No,19-08,1,2,1,2,5,1,1,1,2,2,19
2024,15-01-1196-42,Baja Verapaz,1501,Público,Rural,Mujer,6,Preprimaria,Ladino/Mestizo,Diario,Matutina,Promovido,No,No,15-01,1,2,2,1,5,1,1,1,2,2,15
2024,15-08-0094-43,Baja Verapaz,1501,Público,Rural,Mujer,6,Primaria,Maya,Diario,Matutina,Promovido,No,No,15-08,1,2,2,2,1,1,1,1,2,2,15
2024,19-06-0216-43,Zacapa,1901,Público,Urbana,Hombre,3,Primaria,Ladino/Mestizo,Diario,Matutina,Promovido,No,No,19-06,1,1,1,2,5,1,1,1,2,2,19
2024,02-07-0509-43,El Progreso,201,Público,Urbana,Hombre,1,Primaria,Ladino/Mestizo,Diario,Vespertina,No promovido,No,No,02-07,1,1,1,2,5,1,2,5,2,2,2
2024,15-02-0070-43,Baja Verapaz,1501,Público,Urbana,Mujer,6,Primaria,Maya,Diario,Matutina,Promovido,No,No,15-02,1,1,2,2,1,1,1,1,2,2,15
2024,19-03-0004-46,Zacapa,1901,Cooperativa,Urbana,Hombre,4,Diversificado,Ladino/Mestizo,Diario,Vespertina,Promovido,No,No,19-03,4,1,1,4,5,1,2,1,2,2,19
2024,02-07-0160-43,El Progreso,201,Público,Urbana,Mujer,3,Primaria,Ladino/Mestizo,Diario,Matutina,Promovido,No,No,02-07,1,1,2,2,5,1,1,1,2,2,2
2024,19-09-0289-43,Zacapa,1901,Público,Rural,Mujer,4,Primaria,Ladino/Mestizo,Diario,Matutina,Promovido,No,No,19-09,1,2,2,2,5,1,1,1,2,2,19
2024,02-03-0008-42,El Progreso,201,Público,Rural,Hombre,6,Preprimaria,Ladino/Mestizo,Diario,Matutina,Promovido,No,No,02-03,1,2,1,1,5,1,1,1,2,2,2
2024,02-05-0017-46,El Progreso,201,Municipal,Urbana,Mujer,5,Diversificado,Ladino/Mestizo,Diario,Matutina,Promovido,No,No,02-05,3,1,2,4,5,1,1,1,2,2,2
2024,15-04-0151-43,Baja Verapaz,1501,Público,Rural,Hombre,6,Primaria,Maya,Diario,Matutina,Promovido,No,No,15-04,1,2,1,2,1,1,1,1,2,2,15
2024,15-08-0354-43,Baja Verapaz,1501,Público,Rural,Mujer,2,Primaria,Maya,Diario,Matutina,Promovido,No,No,15-08,1,2,2,2,1,1,1,1,2,2,15
2024,02-03-0093-43,El Progreso,201,Público,Rural,Mujer,2,Primaria,Ladino/Mestizo,Diario,Matutina,Promovido,No,No,02-03,1,2,2,2,5,1,1,1,2,2,2
2024,19-01-0040-43,Zacapa,1901,Público,Rural,Hombre,1,Primaria,Ladino/Mestizo,Diario,Matutina,No promovido,Sí,No,19-01,1,2,1,2,5,1,1,5,1,2,19
2024,19-10-0298-43,Zacapa,1901,Público,Rural,Mujer,3,Primaria,Ladino/Mestizo,Diario,Matutina,Promovido,No,No,19-10,1,2,2,2,5,1,1,1,2,2,19
2024,02-03-0104-45,El Progreso,201,Privado,Rural,Mujer,3,Básico,Ladino/Mestizo,Diario,Matutina,Promovido,No,No,02-03,2,2,2,3,5,1,1,1,2,2,2
2024,19-11-0010-43,Zacapa,1901,Público,Urbana,Hombre,1,Primaria,Ladino/Mestizo,Diario,Matutina,Promovido,No,No,19-11,1,1,1,2,5,1,1,1,2,2,19
2024,02-08-0205-43,El Progreso,201,Público,Urbana,Hombre,3,Primaria,Ladino/Mestizo,Diario,Matutina,Promovido,No,No,02-08,1,1,1,2,5,1,1,1,2,2,2
2024,19-04-0063-45,Zacapa,1901,Privado,Urbana,Hombre,2,Básico,Ladino/Mestizo,Diario,Vespertina,Promovido,No,No,19-04,2,1,1,3,5,1,2,1,2,2,19
2024,15-05-0195-43,Baja Verapaz,1501,Público,Rural,Mujer,2,Primaria,Ladino/Mestizo,Diario,Matutina,Promovido,Sí,No,15-05,1,2,2,2,5,1,1,1,1,2,15
2024,15-08-0061-43,Baja Verapaz,1501,Público,Rural,Hombre,3,Primaria,Maya,Diario,Matutina,No promovido,Sí,No,15-08,1,2,1,2,1,1,1,5,1,2,15
2024,02-08-0432-42,El Progreso,201,Público,Rural,Mujer,6,Preprimaria,Ladino/Mestizo,Diario,Matutina,Promovido,No,No,02-08,1,2,2,1,5,1,1,1,2,2,2
2024,02-03-0058-42,El Progreso,201,Privado,Rural,Mujer,6,Preprimaria,Ladino/Mestizo,Diario,Matutina,Promovido,No,No,02-03,2,2,2,1,5,1,1,1,2,2,2
2024,02-03-0141-45,El Progreso,201,Privado,Urbana,Hombre,1,Básico,Ladino/Mestizo,Diario,Vespertina,Promovido,No,No,02-03,2,1,1,3,5,1,2,1,2,2,2
2024,15-04-0090-42,Baja Verapaz,1501,Público,Rural,Mujer,5,Preprimaria,Ladino/Mestizo,Diario,Matutina,Promovido,No,No,15-04,1,2,2,1,5,1,1,1,2,2,15
2024,02-07-0198-45,El Progreso,201,Público,Urbana,Mujer,3,Básico,Ladino/Mestizo,Diario,Matutina,Promovido,No,No,02-07,1,1,2,3,5,1,1,1,2,2,2
2024,15-04-0100-46,Baja Verapaz,1501,Público,Rural,Hombre,5,Diversificado,Maya,Diario,Vespertina,Promovido,No,Sí,15-04,1,2,1,4,1,1,2,1,2,1,15
2024,15-03-2207-42,Baja Verapaz,1501,Público,Rural,Mujer,1,Preprimaria,Ladino/Mestizo,Diario,Matutina,Promovido,No,No,15-03,1,2,2,1,5,1,1,1,2,2,15
2024,19-09-0006-45,Zacapa,1901,Público,Rural,Hombre,1,Básico,Ladino/Mestizo,Diario,Matutina,Promovido,No,No,19-09,1,2,1,3,5,1,1,1,2,2,19
2024,02-03-0018-43,El Progreso,201,Público,Rural,Mujer,4,Primaria,Ladino/Mestizo,Diario,Matutina,Retirado,Sí,No,02-03,1,2,2,2,5,1,1,3,1,2,2
2024,15-08-0292-43,Baja Verapaz,1501,Público,Rural,Mujer,3,Primaria,Maya,Diario,Matutina,No promovido,No,No,15-08,1,2,2,2,1,1,1,5,2,2,15
2024,15-04-1224-43,Baja Verapaz,1501,Público,Rural,Mujer,1,Primaria,Maya,Diario,Matutina,Retirado,No,No,15-04,1,2,2,2,1,1,1,3,2,2,15
2024,15-04-0162-43,Baja Verapaz,1501,Público,Rural,Mujer,3,Primaria,Maya,Diario,Matutina,Promovido,No,No,15-04,1,2,2,2,1,1,1,1,2,2,15
2024,19-01-0353-43,Zacapa,1901,Público,Urbana,Hombre,3,Primaria,Ladino/Mestizo,Diario,Vespertina,No promovido,No,No,19-01,1,1,1,2,5,1,2,5,2,2,19
2024,15-03-1201-42,Baja Verapaz,1501,Público,Rural,Mujer,5,Preprimaria,Maya,Diario,Matutina,Promovido,No,No,15-03,1,2,2,1,1,1,1,1,2,2,15
2024,15-02-1764-42,Baja Verapaz,1501,Público,Urbana,Mujer,2,Preprimaria,Ladino/Mestizo,Diario,Matutina,Promovido,No,No,15-02,1,1,2,1,5,1,1,1,2,2,15
2024,02-08-0820-42,El Progreso,201,Privado,Urbana,Hombre,6,Preprimaria,Ladino/Mestizo,Diario,Vespertina,Promovido,No,No,02-08,2,1,1,1,5,1,2,1,2,2,2
2024,02-04-0454-42,El Progreso,201,Público,Rural,Hombre,5,Preprimaria,Ladino/Mestizo,Diario,Matutina,Promovido,No,No,02-04,1,2,1,1,5,1,1,1,2,2,2
2024,15-03-0110-43,Baja Verapaz,1501,Público,Rural,Mujer,4,Primaria,Maya,Diario,Matutina,Promovido,No,No,15-03,1,2,2,2,1,1,1,1,2,2,15
2024,02-01-0009-43,El Progreso,201,Público,Rural,Hombre,6,Primaria,Ladino/Mestizo,Diario,Matutina,Promovido,No,No,02-01,1,2,1,2,5,1,1,1,2,2,2
2024,02-05-0005-43,El Progreso,201,Público,Rural,Mujer,6,Primaria,Ladino/Mestizo,Diario,Matutina,Promovido,No,No,02-05,1,2,2,2,5,1,1,1,2,2,2
2024,15-03-0127-43,Baja Verapaz,1501,Público,Rural,Hombre,5,Primaria,Maya,Diario,Matutina,Promovido,No,No,15-03,1,2,1,2,1,1,1,1,2,2,15
2024,02-06-0142-43,El Progreso,201,Público,Rural,Mujer,4,Primaria,Ladino/Mestizo,Diario,Matutina,Promovido,No,No,02-06,1,2,2,2,5,1,1,1,2,2,2
2024,19-09-0017-42,Zacapa,1901,Público,Rural,Hombre,6,Preprimaria,Ladino/Mestizo,Diario,Matutina,Promovido,No,No,19-09,1,2,1,1,5,1,1,1,2,2,19
2024,19-04-0012-43,Zacapa,1901,Público,Rural,Mujer,1,Primaria,Ladino/Mestizo,Diario,Matutina,Promovido,Sí,No,19-04,1,2,2,2,5,1,1,1,1,2,19
2024,19-05-0029-43,Zacapa,1901,Privado,Urbana,Hombre,6,Primaria,Ladino/Mestizo,Diario,Matutina,Promovido,No,No,19-05,2,1,1,2,5,1,1,1,2,2,19
2024,19-01-0059-43,Zacapa,1901,Público,Rural,Mujer,6,Primaria,Ladino/Mestizo,Diario,Matutina,Retirado,No,No,19-01,1,2,2,2,5,1,1,3,2,2,19
2024,15-01-0018-43,Baja Verapaz,1501,Público,Urbana,Mujer,3,Primaria,Ladino/Mestizo,Diario,Matutina,Promovido,No,No,15-01,1,1,2,2,5,1,1,1,2,2,15
2024,15-05-0196-43,Baja Verapaz,1501,Público,Rural,Hombre,1,Primaria,Ladino/Mestizo,Diario,Matutina,Promovido,No,No,15-05,1,2,1,2,5,1,1,1,2,2,15
2024,15-01-1848-43,Baja Verapaz,1501,Privado,Urbana,Mujer,1,Primaria,Ladino/Mestizo,Diario,Matutina,Promovido,No,No,15-01,2,1,2,2,5,1,1,1,2,2,15
2024,15-04-0165-43,Baja Verapaz,1501,Público,Rural,Hombre,5,Primaria,Ladino/Mestizo,Diario,Matutina,Promovido,No,No,15-04,1,2,1,2,5,1,1,1,2,2,15
2024,15-07-0251-43,Baja Verapaz,1501,Público,Rural,Hombre,5,Primaria,Ladino/Mestizo,Diario,Matutina,Promovido,No,No,15-07,1,2,1,2,5,1,1,1,2,2,15
2024,02-03-0106-43,El Progreso,201,Privado,Rural,Mujer,4,Primaria,Ladino/Mestizo,Diario,Matutina,Promovido,No,No,02-03,2,2,2,2,5,1,1,1,2,2,2
2024,19-11-0004-42,Zacapa,1901,Público,Rural,Mujer,3,Preprimaria,Ladino/Mestizo,Diario,Matutina,Promovido,No,No,19-11,1,2,2,1,5,1,1,1,2,2,19
2024,19-05-0202-43,Zacapa,1901,Público,Rural,Hombre,4,Primaria,Ladino/Mestizo,Diario,Matutina,No promovido,Sí,No,19-05,1,2,1,2,5,1,1,5,1,2,19
2024,15-01-0013-43,Baja Verapaz,1501,Público,Rural,Mujer,2,Primaria,Ladino/Mestizo,Diario,Matutina,Promovido,No,No,15-01,1,2,2,2,5,1,1,1,2,2,15
2024,15-01-2028-42,Baja Verapaz,1501,Público,Rural,Hombre,5,Preprimaria,Maya,Diario,Matutina,Promovido,No,No,15-01,1,2,1,1,1,1,1,1,2,2,15
2024,15-04-0227-43,Baja Verapaz,1501,Público,Rural,Mujer,5,Primaria,Ladino/Mestizo,Diario,Matutina,Promovido,No,No,15-04,1,2,2,2,5,1,1,1,2,2,15
2024,19-09-1153-45,Zacapa,1901,Privado,Urbana,Hombre,1,Básico,Maya,Fin de semana,Doble,Promovido,No,No,19-09,2,1,1,3,1,2,4,1,2,2,19
2024,19-04-0133-43,Zacapa,1901,Público,Urbana,Mujer,4,Primaria,Ladino/Mestizo,Diario,Matutina,Promovido,No,No,19-04,1,1,2,2,5,1,1,1,2,2,19
2024,02-03-0738-45,El Progreso,201,Privado,Rural,Mujer,3,Básico,Ladino/Mestizo,Fin de semana,Doble,Promovido,No,No,02-03,2,2,2,3,5,2,4,1,2,2,2
2024,02-07-0509-43,El Progreso,201,Público,Urbana,Hombre,6,Primaria,Ladino/Mestizo,Diario,Vespertina,Promovido,No,No,02-07,1,1,1,2,5,1,2,1,2,2,2
2024,15-04-0244-43,Baja Verapaz,1501,Público,Rural,Hombre,3,Primaria,Maya,Diario,Matutina,No promovido,No,No,15-04,1,2,1,2,1,1,1,5,2,2,15
2024,19-02-0001-46,Zacapa,1901,Público,Urbana,Hombre,5,Diversificado,Ladino/Mestizo,Diario,Vespertina,Promovido,Sí,Sí,19-02,1,1,1,4,5,1,2,1,1,1,19
2024,19-01-0355-45,Zacapa,1901,Público,Urbana,Mujer,3,Básico,Ladino/Mestizo,Diario,Vespertina,Retirado,No,No,19-01,1,1,2,3,5,1,2,3,2,2,19
2024,15-08-0135-43,Baja Verapaz,1501,Público,Rural,Mujer,2,Primaria,Maya,Diario,Matutina,Promovido,No,No,15-08,1,2,2,2,1,1,1,1,2,2,15
2024,02-01-0006-43,El Progreso,201,Público,Rural,Mujer,2,Primaria,Ladino/Mestizo,Diario,Matutina,Promovido,No,No,02-01,1,2,2,2,5,1,1,1,2,2,2
2024,15-03-0127-43,Baja Verapaz,1501,Público,Rural,Mujer,2,Primaria,Maya,Diario,Matutina,Promovido,No,No,15-03,1,2,2,2,1,1,1,1,2,2,15
2024,15-01-0017-43,Baja Verapaz,1501,Público,Urbana,Mujer,1,Primaria,Ladino/Mestizo,Diario,Matutina,Promovido,No,No,15-01,1,1,2,2,5,1,1,1,2,2,15
2024,19-05-0012-43,Zacapa,1901,Público,Rural,Hombre,2,Primaria,Ladino/Mestizo,Diario,Matutina,Promovido,No,No,19-05,1,2,1,2,5,1,1,1,2,2,19
2024,19-01-1121-42,Zacapa,1901,Público,Rural,Mujer,5,Preprimaria,Ladino/Mestizo,Diario,Matutina,Promovido,No,No,19-01,1,2,2,1,5,1,1,1,2,2,19
2024,19-05-0213-45,Zacapa,1901,Público,Urbana,Mujer,1,Básico,Ladino/Mestizo,Diario,Matutina,Promovido,No,No,19-05,1,1,2,3,5,1,1,1,2,2,19
2024,19-05-0213-45,Zacapa,1901,Público,Urbana,Hombre,3,Básico,Ladino/Mestizo,Diario,Matutina,Promovido,No,No,19-05,1,1,1,3,5,1,1,1,2,2,19
2024,15-08-0152-41,Baja Verapaz,1501,Público,Rural,Mujer,5,Preprimaria,Maya,Diario,Matutina,Promovido,No,No,15-08,1,2,2,1,1,1,1,1,2,2,15
2024,19-01-0928-43,Zacapa,1901,Público,Rural,Mujer,3,Primaria,Ladino/Mestizo,Diario,Matutina,Promovido,No,No,19-01,1,2,2,2,5,1,1,1,2,2,19
2024,15-06-1208-42,Baja Verapaz,1501,Público,Rural,Mujer,5,Preprimaria,Ladino/Mestizo,Diario,Matutina,Promovido,No,No,15-06,1,2,2,1,5,1,1,1,2,2,15
2024,19-03-0331-45,Zacapa,1901,Municipal,Rural,Hombre,3,Básico,Ladino/Mestizo,Diario,Vespertina,Promovido,No,No,19-03,3,2,1,3,5,1,2,1,2,2,19
2024,15-08-0262-41,Baja Verapaz,1501,Público,Rural,Hombre,4,Preprimaria,Maya,Diario,Matutina,Promovido,No,No,15-08,1,2,1,1,1,1,1,1,2,2,15
2024,19-01-0170-46,Zacapa,1901,Privado,Urbana,Mujer,4,Diversificado,Ladino/Mestizo,Diario,Matutina,Promovido,No,No,19-01,2,1,2,4,5,1,1,1,2,2,19
2024,02-07-0160-43,El Progreso,201,Público,Urbana,Mujer,2,Primaria,Ladino/Mestizo,Diario,Matutina,Promovido,No,No,02-07,1,1,2,2,5,1,1,1,2,2,2
2024,19-04-0028-45,Zacapa,1901,Público,Rural,Mujer,1,Básico,Ladino/Mestizo,Diario,Vespertina,Promovido,No,Ignorado,19-04,1,2,2,3,5,1,2,1,2,9,19
2024,02-03-0793-43,El Progreso,201,Público,Rural,Mujer,6,Primaria,Ladino/Mestizo,Diario,Matutina,Promovido,No,No,02-03,1,2,2,2,5,1,1,1,2,2,2
2024,15-01-0321-43,Baja Verapaz,1501,Público,Rural,Mujer,5,Primaria,Ladino/Mestizo,Diario,Matutina,Promovido,No,No,15-01,1,2,2,2,5,1,1,1,2,2,15
2024,02-07-0682-43,El Progreso,201,Privado,Urbana,Hombre,4,Primaria,Ladino/Mestizo,Diario,Matutina,Promovido,No,No,02-07,2,1,1,2,5,1,1,1,2,2,2
2024,19-05-0203-43,Zacapa,1901,Público,Rural,Mujer,4,Primaria,Ladino/Mestizo,Diario,Matutina,Promovido,No,No,19-05,1,2,2,2,5,1,1,1,2,2,19
2024,19-09-0034-46,Zacapa,1901,Privado,Urbana,Hombre,4,Diversificado,Ladino/Mestizo,Fin de semana,Doble,Promovido,No,No,19-09,2,1,1,4,5,2,4,1,2,2,19
2024,19-05-0209-43,Zacapa,1901,Público,Rural,Hombre,4,Primaria,Ladino/Mestizo,Diario,Matutina,No promovido,No,No,19-05,1,2,1,2,5,1,1,5,2,2,19
2024,19-01-0016-43,Zacapa,1901,Privado,Urbana,Hombre,1,Primaria,Ladino/Mestizo,Diario,Matutina,Promovido,No,No,19-01,2,1,1,2,5,1,1,1,2,2,19
2024,02-01-0001-42,El Progreso,201,Público,Urbana,Mujer,5,Preprimaria,Ladino/Mestizo,Diario,Matutina,Promovido,No,No,02-01,1,1,2,1,5,1,1,1,2,2,2
2024,15-07-1548-42,Baja Verapaz,1501,Público,Rural,Hombre,5,Preprimaria,Ladino/Mestizo,Diario,Matutina,Promovido,No,No,15-07,1,2,1,1,5,1,1,1,2,2,15
2024,02-03-0065-43,El Progreso,201,Público,Rural,Hombre,3,Primaria,Ladino/Mestizo,Diario,Matutina,No promovido,No,No,02-03,1,2,1,2,5,1,1,5,2,2,2
2024,19-05-0657-42,Zacapa,1901,Público,Rural,Mujer,6,Preprimaria,Ladino/Mestizo,Diario,Matutina,Promovido,No,No,19-05,1,2,2,1,5,1,1,1,2,2,19
2024,15-02-0671-43,Baja Verapaz,1501,Público,Rural,Mujer,4,Primaria,Maya,Diario,Matutina,Promovido,No,No,15-02,1,2,2,2,1,1,1,1,2,2,15
2024,15-01-1196-42,Baja Verapaz,1501,Público,Rural,Hombre,6,Preprimaria,Ladino/Mestizo,Diario,Matutina,Promovido,No,No,15-01,1,2,1,1,5,1,1,1,2,2,15
2024,15-06-0229-43,Baja Verapaz,1501,Público,Rural,Hombre,1,Primaria,Ladino/Mestizo,Diario,Matutina,No promovido,No,No,15-06,1,2,1,2,5,1,1,5,2,2,15
2024,15-03-0099-43,Baja Verapaz,1501,Público,Urbana,Mujer,3,Primaria,Maya,Diario,Matutina,Promovido,No,No,15-03,1,1,2,2,1,1,1,1,2,2,15
2024,02-01-0607-46,El Progreso,201,Cooperativa,Urbana,Mujer,5,Diversificado,Ladino/Mestizo,Diario,Vespertina,Promovido,No,No,02-01,4,1,2,4,5,1,2,1,2,2,2
2024,15-05-0037-46,Baja Verapaz,1501,Privado,Urbana,Hombre,4,Diversificado,Ladino/Mestizo,Fin de semana,Doble,Promovido,No,No,15-05,2,1,1,4,5,2,4,1,2,2,15
2024,19-05-0042-42,Zacapa,1901,Público,Rural,Mujer,5,Preprimaria,Ladino/Mestizo,Diario,Doble,Promovido,No,No,19-05,1,2,2,1,5,1,4,1,2,2,19
2024,02-04-0111-45,El Progreso,201,Cooperativa,Urbana,Hombre,3,Básico,Ladino/Mestizo,Diario,Vespertina,Promovido,No,No,02-04,4,1,1,3,5,1,2,1,2,2,2
2024,15-04-0178-43,Baja Verapaz,1501,Público,Rural,Hombre,5,Primaria,Maya,Diario,Matutina,Promovido,No,No,15-04,1,2,1,2,1,1,1,1,2,2,15
2024,15-01-1964-43,Baja Verapaz,1501,Público,Rural,Hombre,6,Primaria,Ladino/Mestizo,Diario,Vespertina,Promovido,No,No,15-01,1,2,1,2,5,1,2,1,2,2,15
2024,02-07-0446-43,El Progreso,201,Público,Urbana,Hombre,1,Primaria,Ladino/Mestizo,Diario,Matutina,Promovido,No,No,02-07,1,1,1,2,5,1,1,1,2,2,2
2024,19-05-0042-42,Zacapa,1901,Público,Rural,Hombre,0,Preprimaria,Ladino/Mestizo,Diario,Doble,Promovido,No,No,19-05,1,2,1,1,5,1,4,1,2,2,19
2024,02-08-0535-46,El Progreso,201,Cooperativa,Urbana,Mujer,4,Diversificado,Ladino/Mestizo,Diario,Vespertina,Promovido,No,No,02-08,4,1,2,4,5,1,2,1,2,2,2
2024,02-03-0034-42,El Progreso,201,Público,Rural,Mujer,5,Preprimaria,Ladino/Mestizo,Diario,Matutina,Promovido,No,No,02-03,1,2,2,1,5,1,1,1,2,2,2
2024,15-04-0054-43,Baja Verapaz,1501,Público,Rural,Hombre,6,Primaria,Maya,Diario,Matutina,Promovido,No,No,15-04,1,2,1,2,1,1,1,1,2,2,15
2024,15-08-0046-43,Baja Verapaz,1501,Público,Rural,Hombre,6,Primaria,Maya,Diario,Matutina,Promovido,No,No,15-08,1,2,1,2,1,1,1,1,2,2,15
2024,02-03-0096-43,El Progreso,201,Público,Rural,Hombre,6,Primaria,Ladino/Mestizo,Diario,Matutina,Retirado,No,No,02-03,1,2,1,2,5,1,1,3,2,2,2
2024,02-05-0455-42,El Progreso,201,Público,Rural,Mujer,6,Preprimaria,Ladino/Mestizo,Diario,Matutina,Promovido,No,No,02-05,1,2,2,1,5,1,1,1,2,2,2
2024,02-03-0579-42,El Progreso,201,Público,Rural,Hombre,4,Preprimaria,Ladino/Mestizo,Diario,Matutina,Promovido,No,No,02-03,1,2,1,1,5,1,1,1,2,2,2
2024,15-03-1478-42,Baja Verapaz,1501,Público,Rural,Hombre,2,Preprimaria,Ladino/Mestizo,Diario,Matutina,Promovido,No,No,15-03,1,2,1,1,5,1,1,1,2,2,15
2024,15-07-0254-45,Baja Verapaz,1501,Cooperativa,Urbana,Mujer,3,Básico,Ladino/Mestizo,Diario,Vespertina,Promovido,No,No,15-07,4,1,2,3,5,1,2,1,2,2,15
2024,19-04-1063-45,Zacapa,1901,Público,Rural,Hombre,3,Básico,Ladino/Mestizo,Diario,Matutina,Promovido,No,No,19-04,1,2,1,3,5,1,1,1,2,2,19
2024,19-04-0176-43,Zacapa,1901,Público,Rural,Mujer,2,Primaria,Ladino/Mestizo,Diario,Matutina,Promovido,No,No,19-04,1,2,2,2,5,1,1,1,2,2,19
2024,15-04-0162-43,Baja Verapaz,1501,Público,Rural,Mujer,4,Primaria,Maya,Diario,Matutina,Promovido,No,No,15-04,1,2,2,2,1,1,1,1,2,2,15
2024,19-05-0213-45,Zacapa,1901,Público,Urbana,Mujer,3,Básico,Ladino/Mestizo,Diario,Matutina,Promovido,No,No,19-05,1,1,2,3,5,1,1,1,2,2,19
2024,19-04-1040-43,Zacapa,1901,Público,Rural,Hombre,1,Primaria,Ladino/Mestizo,Diario,Matutina,Retirado,No,No,19-04,1,2,1,2,5,1,1,3,2,2,19
2024,15-04-0157-43,Baja Verapaz,1501,Público,Rural,Hombre,2,Primaria,Maya,Diario,Matutina,Retirado,No,No,15-04,1,2,1,2,1,1,1,3,2,2,15
2024,19-05-0201-43,Zacapa,1901,Público,Urbana,Hombre,6,Primaria,Ladino/Mestizo,Diario,Matutina,Promovido,No,No,19-05,1,1,1,2,5,1,1,1,2,2,19
2024,19-01-0011-43,Zacapa,1901,Público,Urbana,Mujer,1,Primaria,Ladino/Mestizo,Diario,Matutina,Promovido,No,No,19-01,1,1,2,2,5,1,1,1,2,2,19
2024,15-03-0126-43,Baja Verapaz,1501,Público,Rural,Hombre,3,Primaria,Ladino/Mestizo,Diario,Matutina,Promovido,No,No,15-03,1,2,1,2,5,1,1,1,2,2,15
2024,15-06-1627-43,Baja Verapaz,1501,Público,Rural,Hombre,2,Primaria,Ladino/Mestizo,Diario,Matutina,Promovido,No,No,15-06,1,2,1,2,5,1,1,1,2,2,15
2024,15-01-0016-43,Baja Verapaz,1501,Público,Rural,Hombre,3,Primaria,Maya,Diario,Matutina,Promovido,No,No,15-01,1,2,1,2,1,1,1,1,2,2,15
2024,15-08-0215-43,Baja Verapaz,1501,Público,Rural,Hombre,3,Primaria,Maya,Diario,Matutina,Promovido,No,No,15-08,1,2,1,2,1,1,1,1,2,2,15
2024,19-03-0113-43,Zacapa,1901,Público,Rural,Mujer,4,Primaria,Ladino/Mestizo,Diario,Matutina,Promovido,No,No,19-03,1,2,2,2,5,1,1,1,2,2,19
2024,15-08-0288-43,Baja Verapaz,1501,Público,Rural,Hombre,6,Primaria,Maya,Diario,Matutina,Promovido,No,No,15-08,1,2,1,2,1,1,1,1,2,2,15
2024,15-03-0095-42,Baja Verapaz,1501,Público,Urbana,Mujer,5,Preprimaria,Ladino/Mestizo,Diario,Matutina,Promovido,No,No,15-03,1,1,2,1,5,1,1,1,2,2,15
2024,19-01-0697-45,Zacapa,1901,Cooperativa,Rural,Hombre,2,Básico,Ladino/Mestizo,Diario,Vespertina,Promovido,No,No,19-01,4,2,1,3,5,1,2,1,2,2,19
2024,15-03-0122-43,Baja Verapaz,1501,Público,Rural,Mujer,1,Primaria,Maya,Diario,Matutina,Promovido,No,No,15-03,1,2,2,2,1,1,1,1,2,2,15
2024,19-09-0266-43,Zacapa,1901,Público,Rural,Mujer,3,Primaria,Ladino/Mestizo,Diario,Matutina,Promovido,No,No,19-09,1,2,2,2,5,1,1,1,2,2,19
2024,19-05-0021-45,Zacapa,1901,Público,Rural,Hombre,1,Básico,Ladino/Mestizo,Diario,Matutina,Promovido,No,No,19-05,1,2,1,3,5,1,1,1,2,2,19
2024,02-03-0069-43,El Progreso,201,Público,Rural,Mujer,4,Primaria,Ladino/Mestizo,Diario,Matutina,Promovido,No,No,02-03,1,2,2,2,5,1,1,1,2,2,2
2024,19-07-0226-42,Zacapa,1901,Público,Urbana,Mujer,6,Preprimaria,Ladino/Mestizo,Diario,Matutina,Promovido,No,No,19-07,1,1,2,1,5,1,1,1,2,2,19
2024,02-06-0142-43,El Progreso,201,Público,Rural,Hombre,5,Primaria,Ladino/Mestizo,Diario,Matutina,Promovido,No,No,02-06,1,2,1,2,5,1,1,1,2,2,2
2024,19-08-1215-42,Zacapa,1901,Público,Rural,Mujer,5,Preprimaria,Ladino/Mestizo,Diario,Matutina,Promovido,No,No,19-08,1,2,2,1,5,1,1,1,2,2,19
2024,15-04-1213-42,Baja Verapaz,1501,Público,Urbana,Hombre,5,Preprimaria,Maya,Diario,Matutina,Promovido,No,No,15-04,1,1,1,1,1,1,1,1,2,2,15
2024,19-01-0139-45,Zacapa,1901,Privado,Urbana,Hombre,2,Básico,Ladino/Mestizo,Diario,Matutina,Promovido,No,No,19-01,2,1,1,3,5,1,1,1,2,2,19
2024,15-08-0096-43,Baja Verapaz,1501,Público,Rural,Hombre,2,Primaria,Maya,Diario,Matutina,No promovido,No,No,15-08,1,2,1,2,1,1,1,5,2,2,15
2024,15-08-0039-43,Baja Verapaz,1501,Público,Rural,Hombre,1,Primaria,Maya,Diario,Matutina,Promovido,No,No,15-08,1,2,1,2,1,1,1,1,2,2,15
2024,15-08-0256-41,Baja Verapaz,1501,Público,Rural,Hombre,5,Preprimaria,Maya,Diario,Matutina,Promovido,No,No,15-08,1,2,1,1,1,1,1,1,2,2,15
2024,15-04-0054-43,Baja Verapaz,1501,Público,Rural,Mujer,4,Primaria,Maya,Diario,Matutina,No promovido,Sí,No,15-04,1,2,2,2,1,1,1,5,1,2,15
2024,02-01-0015-43,El Progreso,201,Público,Rural,Mujer,5,Primaria,Ladino/Mestizo,Diario,Matutina,Promovido,No,No,02-01,1,2,2,2,5,1,1,1,2,2,2
2024,19-01-0729-45,Zacapa,1901,Público,Rural,Mujer,3,Básico,Ladino/Mestizo,Diario,Vespertina,Promovido,No,No,19-01,1,2,2,3,5,1,2,1,2,2,19
2024,15-02-0044-42,Baja Verapaz,1501,Público,Rural,Hombre,0,Preprimaria,Maya,Diario,Matutina,Promovido,No,No,15-02,1,2,1,1,1,1,1,1,2,2,15
2024,15-03-0105-43,Baja Verapaz,1501,Público,Rural,Hombre,5,Primaria,Ladino/Mestizo,Diario,Matutina,Promovido,No,No,15-03,1,2,1,2,5,1,1,1,2,2,15
2024,15-02-0089-43,Baja Verapaz,1501,Público,Rural,Mujer,1,Primaria,Maya,Diario,Matutina,Promovido,No,No,15-02,1,2,2,2,1,1,1,1,2,2,15
2024,02-01-0248-45,El Progreso,201,Público,Urbana,Hombre,3,Básico,Ladino/Mestizo,Diario,Vespertina,No promovido,No,No,02-01,1,1,1,3,5,1,2,5,2,2,2
2024,19-05-0017-45,Zacapa,1901,Público,Rural,Hombre,2,Básico,Ladino/Mestizo,Diario,Vespertina,Promovido,No,No,19-05,1,2,1,3,5,1,2,1,2,2,19
2024,19-01-0023-43,Zacapa,1901,Público,Rural,Hombre,1,Primaria,Ladino/Mestizo,Diario,Matutina,Promovido,No,No,19-01,1,2,1,2,5,1,1,1,2,2,19
2024,19-05-0206-43,Zacapa,1901,Público,Rural,Hombre,6,Primaria,Ladino/Mestizo,Diario,Matutina,Promovido,No,No,19-05,1,2,1,2,5,1,1,1,2,2,19
2024,02-03-0669-42,El Progreso,201,Público,Rural,Hombre,0,Preprimaria,Ladino/Mestizo,Diario,Matutina,Promovido,No,No,02-03,1,2,1,1,5,1,1,1,2,2,2
2024,19-06-0216-43,Zacapa,1901,Público,Urbana,Hombre,6,Primaria,Ladino/Mestizo,Diario,Matutina,Promovido,No,No,19-06,1,1,1,2,5,1,1,1,2,2,19
2024,19-01-0167-42,Zacapa,1901,Privado,Urbana,Mujer,6,Preprimaria,Ladino/Mestizo,Diario,Matutina,Promovido,No,No,19-01,2,1,2,1,5,1,1,1,2,2,19
2024,02-07-0197-43,El Progreso,201,Privado,Rural,Mujer,2,Primaria,Ladino/Mestizo,Diario,Doble,Promovido,No,No,02-07,2,2,2,2,5,1,4,1,2,2,2
2024,19-01-0026-42,Zacapa,1901,Público,Rural,Mujer,5,Preprimaria,Ladino/Mestizo,Diario,Matutina,Promovido,No,No,19-01,1,2,2,1,5,1,1,1,2,2,19
2024,19-01-0117-45,Zacapa,1901,Público,Urbana,Mujer,2,Básico,Ladino/Mestizo,Diario,Matutina,Promovido,Sí,No,19-01,1,1,2,3,5,1,1,1,1,2,19
2024,02-06-0010-45,El Progreso,201,Privado,Urbana,Hombre,1,Básico,Ladino/Mestizo,Diario,Vespertina,Promovido,No,No,02-06,2,1,1,3,5,1,2,1,2,2,2
2024,19-04-1166-42,Zacapa,1901,Público,Rural,Hombre,6,Preprimaria,Ladino/Mestizo,Diario,Matutina,Retirado,No,No,19-04,1,2,1,1,5,1,1,3,2,2,19
2024,15-01-0022-43,Baja Verapaz,1501,Público,Rural,Mujer,3,Primaria,Ladino/Mestizo,Diario,Matutina,Promovido,No,No,15-01,1,2,2,2,5,1,1,1,2,2,15
2024,19-02-0088-43,Zacapa,1901,Público,Urbana,Mujer,2,Primaria,Ladino/Mestizo,Diario,Matutina,Promovido,No,No,19-02,1,1,2,2,5,1,1,1,2,2,19
2024,15-03-0099-43,Baja Verapaz,1501,Público,Urbana,Mujer,2,Primaria,Ladino/Mestizo,Diario,Matutina,Promovido,No,No,15-03,1,1,2,2,5,1,1,1,2,2,15
2024,15-08-0189-45,Baja Verapaz,1501,Privado,Rural,Mujer,1,Básico,Maya,Diario,Vespertina,Promovido,No,No,15-08,2,2,2,3,1,1,2,1,2,2,15
2024,02-03-0086-43,El Progreso,201,Público,Rural,Hombre,4,Primaria,Ladino/Mestizo,Diario,Matutina,Promovido,No,No,02-03,1,2,1,2,5,1,1,1,2,2,2
2024,15-04-0166-43,Baja Verapaz,1501,Público,Rural,Hombre,1,Primaria,Maya,Diario,Matutina,Promovido,Sí,No,15-04,1,2,1,2,1,1,1,1,1,2,15
2024,19-11-0010-43,Zacapa,1901,Público,Urbana,Mujer,1,Primaria,Ladino/Mestizo,Diario,Matutina,Promovido,No,No,19-11,1,1,2,2,5,1,1,1,2,2,19
2024,19-09-0034-46,Zacapa,1901,Privado,Urbana,Mujer,5,Diversificado,Ladino/Mestizo,Fin de semana,Doble,Promovido,No,Sí,19-09,2,1,2,4,5,2,4,1,2,1,19
2024,02-03-0070-43,El Progreso,201,Público,Rural,Hombre,5,Primaria,Ladino/Mestizo,Diario,Matutina,Promovido,No,No,02-03,1,2,1,2,5,1,1,1,2,2,2
2024,15-02-0047-43,Baja Verapaz,1501,Público,Urbana,Mujer,4,Primaria,Maya,Diario,Matutina,Promovido,No,No,15-02,1,1,2,2,1,1,1,1,2,2,15
2024,02-08-0013-45,El Progreso,201,Público,Urbana,Mujer,3,Básico,Ladino/Mestizo,Diario,Matutina,Promovido,No,No,02-08,1,1,2,3,5,1,1,1,2,2,2
2024,15-01-0050-45,Baja Verapaz,1501,Público,Urbana,Hombre,2,Básico,Ladino/Mestizo,Diario,Matutina,Promovido,Sí,Ignorado,15-01,1,1,1,3,5,1,1,1,1,9,15
2024,19-03-0128-45,Zacapa,1901,Cooperativa,Rural,Hombre,1,Básico,Ladino/Mestizo,Diario,Vespertina,Promovido,No,No,19-03,4,2,1,3,5,1,2,1,2,2,19
2024,19-01-0078-46,Zacapa,1901,Público,Urbana,Hombre,5,Diversificado,Ladino/Mestizo,Diario,Vespertina,Promovido,No,No,19-01,1,1,1,4,5,1,2,1,2,2,19
2024,15-03-0124-43,Baja Verapaz,1501,Público,Rural,Hombre,3,Primaria,Maya,Diario,Matutina,Promovido,No,No,15-03,1,2,1,2,1,1,1,1,2,2,15
2024,02-01-0248-45,El Progreso,201,Público,Urbana,Hombre,2,Básico,Ladino/Mestizo,Diario,Vespertina,Promovido,No,No,02-01,1,1,1,3,5,1,2,1,2,2,2
2024,15-07-0041-45,Baja Verapaz,1501,Público,Rural,Mujer,1,Básico,Ladino/Mestizo,Diario,Matutina,Promovido,No,No,15-07,1,2,2,3,5,1,1,1,2,2,15
2024,02-03-0098-44,El Progreso,201,Público,Urbana,Mujer,3,Primaria de adultos,Ladino/Mestizo,Diario,Nocturna,Promovido,No,No,02-03,1,1,2,5,5,1,3,1,2,2,2
2024,02-01-0412-42,El Progreso,201,Público,Rural,Mujer,2,Preprimaria,Ladino/Mestizo,Diario,Matutina,Promovido,No,No,02-01,1,2,2,1,5,1,1,1,2,2,2
2024,19-05-0004-42,Zacapa,1901,Público,Rural,Mujer,6,Preprimaria,Ladino/Mestizo,Diario,Matutina,Retirado,No,No,19-05,1,2,2,1,5,1,1,3,2,2,19
2024,15-02-1746-41,Baja Verapaz,1501,Público,Rural,Mujer,6,Preprimaria,Maya,Diario,Matutina,Promovido,No,No,15-02,1,2,2,1,1,1,1,1,2,2,15
2024,15-02-0105-45,Baja Verapaz,1501,Privado,Urbana,Hombre,3,Básico,Maya,Fin de semana,Doble,Promovido,No,No,15-02,2,1,1,3,1,2,4,1,2,2,15
2024,19-04-0037-43,Zacapa,1901,Público,Rural,Hombre,2,Primaria,Ladino/Mestizo,Diario,Matutina,Promovido,Sí,No,19-04,1,2,1,2,5,1,1,1,1,2,19
2024,19-04-0166-43,Zacapa,1901,Público,Rural,Mujer,3,Primaria,Ladino/Mestizo,Diario,Matutina,Promovido,No,No,19-04,1,2,2,2,5,1,1,1,2,2,19
2024,19-05-0204-43,Zacapa,1901,Público,Rural,Hombre,4,Primaria,Ladino/Mestizo,Diario,Matutina,Promovido,No,No,19-05,1,2,1,2,5,1,1,1,2,2,19
2024,02-07-0155-42,El Progreso,201,Público,Urbana,Hombre,5,Preprimaria,Ladino/Mestizo,Diario,Matutina,Promovido,No,No,02-07,1,1,1,1,5,1,1,1,2,2,2
2024,15-08-0043-43,Baja Verapaz,1501,Público,Rural,Hombre,3,Primaria,Maya,Diario,Matutina,No promovido,Sí,No,15-08,1,2,1,2,1,1,1,5,1,2,15
2024,19-01-0704-45,Zacapa,1901,Privado,Urbana,Hombre,2,Básico,Ladino/Mestizo,Diario,Vespertina,Promovido,No,No,19-01,2,1,1,3,5,1,2,1,2,2,19
2024,15-08-0203-43,Baja Verapaz,1501,Público,Rural,Mujer,2,Primaria,Maya,Diario,Matutina,Promovido,No,No,15-08,1,2,2,2,1,1,1,1,2,2,15
2024,02-03-0089-43,El Progreso,201,Público,Rural,Hombre,2,Primaria,Ladino/Mestizo,Diario,Matutina,No promovido,Sí,No,02-03,1,2,1,2,5,1,1,5,1,2,2
2024,02-03-0764-42,El Progreso,201,Público,Rural,Mujer,4,Preprimaria,Ladino/Mestizo,Diario,Matutina,Promovido,No,No,02-03,1,2,2,1,5,1,1,1,2,2,2
2024,02-08-0463-42,El Progreso,201,Público,Rural,Mujer,4,Preprimaria,Ladino/Mestizo,Diario,Vespertina,Promovido,No,No,02-08,1,2,2,1,5,1,2,1,2,2,2
2024,15-02-0058-46,Baja Verapaz,1501,Público,Urbana,Hombre,4,Diversificado,Maya,Diario,Matutina,Promovido,No,No,15-02,1,1,1,4,1,1,1,1,2,2,15
2024,02-05-0130-45,El Progreso,201,Público,Urbana,Hombre,3,Básico,Ladino/Mestizo,Diario,Matutina,Promovido,No,No,02-05,1,1,1,3,5,1,1,1,2,2,2
2024,19-01-0055-43,Zacapa,1901,Público,Rural,Mujer,2,Primaria,Ladino/Mestizo,Diario,Matutina,Promovido,No,No,19-01,1,2,2,2,5,1,1,1,2,2,19
2024,15-04-1224-43,Baja Verapaz,1501,Público,Rural,Hombre,5,Primaria,Maya,Diario,Matutina,Promovido,No,No,15-04,1,2,1,2,1,1,1,1,2,2,15
2024,19-01-0862-42,Zacapa,1901,Público,Rural,Hombre,2,Preprimaria,Ladino/Mestizo,Diario,Matutina,Promovido,No,No,19-01,1,2,1,1,5,1,1,1,2,2,19
2024,19-09-0026-43,Zacapa,1901,Público,Rural,Hombre,2,Primaria,Ladino/Mestizo,Diario,Matutina,Promovido,No,No,19-09,1,2,1,2,5,1,1,1,2,2,19
2024,15-02-0073-43,Baja Verapaz,1501,Público,Rural,Hombre,6,Primaria,Maya,Diario,Matutina,Promovido,No,No,15-02,1,2,1,2,1,1,1,1,2,2,15
2024,02-07-0529-42,El Progreso,201,Público,Rural,Mujer,6,Preprimaria,Ladino/Mestizo,Diario,Matutina,Promovido,No,No,02-07,1,2,2,1,5,1,1,1,2,2,2
2024,02-03-0101-45,El Progreso,201,Cooperativa,Rural,Mujer,1,Básico,Ladino/Mestizo,Diario,Vespertina,Promovido,No,No,02-03,4,2,2,3,5,1,2,1,2,2,2
2024,19-07-0809-45,Zacapa,1901,Público,Rural,Mujer,2,Básico,Ladino/Mestizo,Diario,Vespertina,Promovido,No,No,19-07,1,2,2,3,5,1,2,1,2,2,19
2024,15-02-0701-42,Baja Verapaz,1501,Público,Rural,Mujer,6,Preprimaria,Maya,Diario,Matutina,Promovido,No,No,15-02,1,2,2,1,1,1,1,1,2,2,15
2024,19-07-0244-45,Zacapa,1901,Público,Urbana,Hombre,1,Básico,Ladino/Mestizo,Diario,Matutina,Promovido,No,No,19-07,1,1,1,3,5,1,1,1,2,2,19
2024,02-03-0042-43,El Progreso,201,Público,Rural,Hombre,1,Primaria,Ladino/Mestizo,Diario,Matutina,No promovido,Sí,No,02-03,1,2,1,2,5,1,1,5,1,2,2
2024,15-01-0074-43,Baja Verapaz,1501,Público,Rural,Mujer,6,Primaria,Ladino/Mestizo,Diario,Matutina,Promovido,No,No,15-01,1,2,2,2,5,1,1,1,2,2,15
2024,15-07-0254-45,Baja Verapaz,1501,Cooperativa,Urbana,Hombre,3,Básico,Ladino/Mestizo,Diario,Vespertina,Retirado,No,No,15-07,4,1,1,3,5,1,2,3,2,2,15
2024,02-07-0401-42,El Progreso,201,Público,Rural,Hombre,5,Preprimaria,Ladino/Mestizo,Diario,Matutina,Promovido,No,No,02-07,1,2,1,1,5,1,1,1,2,2,2
2024,02-01-0005-42,El Progreso,201,Público,Urbana,Hombre,4,Preprimaria,Ladino/Mestizo,Diario,Matutina,Promovido,No,No,02-01,1,1,1,1,5,1,1,1,2,2,2
2024,19-05-0029-43,Zacapa,1901,Privado,Urbana,Hombre,5,Primaria,Ladino/Mestizo,Diario,Matutina,Promovido,No,No,19-05,2,1,1,2,5,1,1,1,2,2,19
2024,19-09-0261-42,Zacapa,1901,Público,Urbana,Mujer,6,Preprimaria,Ladino/Mestizo,Diario,Matutina,Promovido,No,No,19-09,1,1,2,1,5,1,1,1,2,2,19
2024,19-03-0106-43,Zacapa,1901,Público,Rural,Mujer,3,Primaria,Ladino/Mestizo,Diario,Matutina,Promovido,No,No,19-03,1,2,2,2,5,1,1,1,2,2,19
2024,02-07-0175-43,El Progreso,201,Público,Rural,Mujer,2,Primaria,Ladino/Mestizo,Diario,Matutina,Promovido,No,No,02-07,1,2,2,2,5,1,1,1,2,2,2
2024,02-08-0535-46,El Progreso,201,Cooperativa,Urbana,Mujer,6,Diversificado,Ladino/Mestizo,Diario,Vespertina,Promovido,No,Sí,02-08,4,1,2,4,5,1,2,1,2,1,2
2024,15-03-1201-42,Baja Verapaz,1501,Público,Rural,Mujer,5,Preprimaria,Maya,Diario,Matutina,Promovido,No,No,15-03,1,2,2,1,1,1,1,1,2,2,15
2024,02-03-0106-43,El Progreso,201,Privado,Rural,Mujer,5,Primaria,Ladino/Mestizo,Diario,Matutina,Promovido,No,No,02-03,2,2,2,2,5,1,1,1,2,2,2
2024,19-03-0097-43,Zacapa,1901,Público,Urbana,Mujer,4,Primaria,Ladino/Mestizo,Diario,Matutina,Promovido,No,No,19-03,1,1,2,2,5,1,1,1,2,2,19
2024,19-09-0012-42,Zacapa,1901,Público,Rural,Hombre,4,Preprimaria,Ladino/Mestizo,Diario,Matutina,Promovido,No,No,19-09,1,2,1,1,5,1,1,1,2,2,19
2024,02-03-0085-43,El Progreso,201,Público,Rural,Hombre,2,Primaria,Ladino/Mestizo,Diario,Matutina,Retirado,Sí,No,02-03,1,2,1,2,5,1,1,3,1,2,2
2024,19-04-0339-43,Zacapa,1901,Público,Rural,Hombre,4,Primaria,Ladino/Mestizo,Diario,Matutina,Promovido,No,No,19-04,1,2,1,2,5,1,1,1,2,2,19
2024,02-08-0636-45,El Progreso,201,Cooperativa,Rural,Hombre,1,Básico,Ladino/Mestizo,Diario,Vespertina,Promovido,No,No,02-08,4,2,1,3,5,1,2,1,2,2,2
2024,15-01-1274-46,Baja Verapaz,1501,Público,Urbana,Mujer,5,Diversificado,Ladino/Mestizo,Diario,Vespertina,Promovido,No,No,15-01,1,1,2,4,5,1,2,1,2,2,15
2024,19-01-0021-43,Zacapa,1901,Público,Rural,Hombre,4,Primaria,Ladino/Mestizo,Diario,Matutina,Retirado,No,No,19-01,1,2,1,2,5,1,1,3,2,2,19
2024,15-04-0350-43,Baja Verapaz,1501,Público,Rural,Hombre,3,Primaria,Maya,Diario,Matutina,Promovido,No,No,15-04,1,2,1,2,1,1,1,1,2,2,15
2024,02-07-0201-45,El Progreso,201,Cooperativa,Rural,Mujer,3,Básico,Ladino/Mestizo,Diario,Vespertina,Promovido,Sí,Ignorado,02-07,4,2,2,3,5,1,2,1,1,9,2
2024,19-01-0001-42,Zacapa,1901,Público,Urbana,Mujer,5,Preprimaria,Ladino/Mestizo,Diario,Matutina,Promovido,No,No,19-01,1,1,2,1,5,1,1,1,2,2,19
2024,15-01-0123-45,Baja Verapaz,1501,Público,Rural,Mujer,1,Básico,Ladino/Mestizo,Diario,Matutina,Retirado,No,No,15-01,1,2,2,3,5,1,1,3,2,2,15
2024,15-02-0701-42,Baja Verapaz,1501,Público,Rural,Mujer,5,Preprimaria,Maya,Diario,Matutina,Promovido,No,No,15-02,1,2,2,1,1,1,1,1,2,2,15
2024,19-03-0920-43,Zacapa,1901,Privado,Rural,Mujer,4,Primaria,Ladino/Mestizo,Diario,Matutina,Promovido,No,No,19-03,2,2,2,2,5,1,1,1,2,2,19
2024,15-08-0283-43,Baja Verapaz,1501,Público,Rural,Hombre,5,Primaria,Maya,Diario,Matutina,Promovido,Sí,No,15-08,1,2,1,2,1,1,1,1,1,2,15
2024,15-01-2024-45,Baja Verapaz,1501,Privado,Urbana,Hombre,1,Básico,Ladino/Mestizo,Fin de semana,Doble,Promovido,No,No,15-01,2,1,1,3,5,2,4,1,2,2,15
2024,15-08-0164-42,Baja Verapaz,1501,Público,Rural,Hombre,6,Preprimaria,Maya,Diario,Matutina,Promovido,No,No,15-08,1,2,1,1,1,1,1,1,2,2,15
2024,19-02-0614-42,Zacapa,1901,Público,Rural,Hombre,0,Preprimaria,Ladino/Mestizo,Diario,Matutina,Promovido,No,No,19-02,1,2,1,1,5,1,1,1,2,2,19
2024,15-01-2024-45,Baja Verapaz,1501,Privado,Urbana,Mujer,3,Básico,Ladino/Mestizo,Fin de semana,Doble,Promovido,No,No,15-01,2,1,2,3,5,2,4,1,2,2,15
2024,19-10-0300-43,Zacapa,1901,Público,Rural,Mujer,2,Primaria,Ladino/Mestizo,Diario,Matutina,Promovido,No,No,19-10,1,2,2,2,5,1,1,1,2,2,19
2024,02-07-0163-43,El Progreso,201,Público,Rural,Hombre,1,Primaria,Ladino/Mestizo,Diario,Matutina,Promovido,No,No,02-07,1,2,1,2,5,1,1,1,2,2,2
2024,15-04-2122-42,Baja Verapaz,1501,Público,Rural,Mujer,6,Preprimaria,Maya,Diario,Matutina,Retirado,No,No,15-04,1,2,2,1,1,1,1,3,2,2,15
2024,19-05-1186-42,Zacapa,1901,Público,Rural,Hombre,5,Preprimaria,Ladino/Mestizo,Diario,Doble,Promovido,No,No,19-05,1,2,1,1,5,1,4,1,2,2,19
2024,15-02-0080-43,Baja Verapaz,1501,Público,Rural,Mujer,2,Primaria,Maya,Diario,Matutina,Promovido,No,No,15-02,1,2,2,2,1,1,1,1,2,2,15
2024,15-01-0052-46,Baja Verapaz,1501,Privado,Urbana,Hombre,5,Diversificado,Ladino/Mestizo,Diario,Vespertina,Promovido,No,Sí,15-01,2,1,1,4,5,1,2,1,2,1,15
2024,15-02-0010-43,Baja Verapaz,1501,Público,Rural,Hombre,4,Primaria,Ladino/Mestizo,Diario,Matutina,Retirado,No,No,15-02,1,2,1,2,5,1,1,3,2,2,15
2024,02-03-0101-45,El Progreso,201,Cooperativa,Rural,Mujer,1,Básico,Ladino/Mestizo,Diario,Vespertina,Promovido,No,No,02-03,4,2,2,3,5,1,2,1,2,2,2
2024,02-07-0401-42,El Progreso,201,Público,Rural,Hombre,6,Preprimaria,Ladino/Mestizo,Diario,Matutina,Promovido,No,No,02-07,1,2,1,1,5,1,1,1,2,2,2
2024,02-03-0062-43,El Progreso,201,Público,Rural,Hombre,1,Primaria,Ladino/Mestizo,Diario,Matutina,Promovido,No,No,02-03,1,2,1,2,5,1,1,1,2,2,2
2024,15-04-0071-43,Baja Verapaz,1501,Público,Rural,Mujer,4,Primaria,Maya,Diario,Matutina,Promovido,No,No,15-04,1,2,2,2,1,1,1,1,2,2,15
2024,02-06-0147-43,El Progreso,201,Público,Rural,Hombre,5,Primaria,Ladino/Mestizo,Diario,Matutina,Promovido,No,No,02-06,1,2,1,2,5,1,1,1,2,2,2
2024,19-09-1223-43,Zacapa,1901,Público,Rural,Mujer,3,Primaria,Ladino/Mestizo,Diario,Matutina,Promovido,No,No,19-09,1,2,2,2,5,1,1,1,2,2,19
2024,15-01-1849-45,Baja Verapaz,1501,Privado,Urbana,Hombre,2,Básico,Ladino/Mestizo,Diario,Matutina,Promovido,Sí,No,15-01,2,1,1,3,5,1,1,1,1,2,15
2024,19-09-0290-43,Zacapa,1901,Público,Rural,Mujer,3,Primaria,Ladino/Mestizo,Diario,Matutina,Promovido,Sí,No,19-09,1,2,2,2,5,1,1,1,1,2,19
2024,19-11-0004-42,Zacapa,1901,Público,Rural,Hombre,4,Preprimaria,Ladino/Mestizo,Diario,Matutina,Promovido,No,No,19-11,1,2,1,1,5,1,1,1,2,2,19
2024,15-08-0098-43,Baja Verapaz,1501,Público,Rural,Mujer,1,Primaria,Maya,Diario,Matutina,Promovido,No,No,15-08,1,2,2,2,1,1,1,1,2,2,15
2024,19-04-0196-45,Zacapa,1901,Público,Urbana,Hombre,3,Básico,Ladino/Mestizo,Diario,Matutina,Promovido,No,No,19-04,1,1,1,3,5,1,1,1,2,2,19
2024,15-08-0208-45,Baja Verapaz,1501,Público,Urbana,Mujer,1,Básico,Ladino/Mestizo,Diario,Matutina,Promovido,No,No,15-08,1,1,2,3,5,1,1,1,2,2,15
2024,02-04-0105-43,El Progreso,201,Público,Urbana,Hombre,3,Primaria,Ladino/Mestizo,Diario,Matutina,Promovido,No,No,02-04,1,1,1,2,5,1,1,1,2,2,2
2024,19-01-0015-43,Zacapa,1901,Privado,Urbana,Hombre,2,Primaria,Ladino/Mestizo,Diario,Matutina,Promovido,No,No,19-01,2,1,1,2,5,1,1,1,2,2,19
2024,19-09-0289-43,Zacapa,1901,Público,Rural,Mujer,5,Primaria,Ladino/Mestizo,Diario,Matutina,Promovido,No,No,19-09,1,2,2,2,5,1,1,1,2,2,19
2024,02-05-0005-43,El Progreso,201,Público,Rural,Hombre,5,Primaria,Ladino/Mestizo,Diario,Matutina,Promovido,No,No,02-05,1,2,1,2,5,1,1,1,2,2,2
2024,15-06-0017-46,Baja Verapaz,1501,Cooperativa,Urbana,Hombre,4,Diversificado,Ladino/Mestizo,Diario,Vespertina,Promovido,No,No,15-06,4,1,1,4,5,1,2,1,2,2,15
2024,15-05-0198-43,Baja Verapaz,1501,Público,Rural,Hombre,4,Primaria,Ladino/Mestizo,Diario,Matutina,Promovido,No,No,15-05,1,2,1,2,5,1,1,1,2,2,15
2024,19-01-0927-43,Zacapa,1901,Público,Rural,Hombre,1,Primaria,Ladino/Mestizo,Diario,Matutina,Promovido,Sí,No,19-01,1,2,1,2,5,1,1,1,1,2,19
2024,15-01-0113-46,Baja Verapaz,1501,Privado,Urbana,Mujer,4,Diversificado,Ladino/Mestizo,Fin de semana,Doble,Promovido,No,No,15-01,2,1,2,4,5,2,4,1,2,2,15
2024,15-01-0011-43,Baja Verapaz,1501,Público,Rural,Hombre,2,Primaria,Ladino/Mestizo,Diario,Matutina,Promovido,No,No,15-01,1,2,1,2,5,1,1,1,2,2,15
2024,02-03-0100-45,El Progreso,201,Cooperativa,Urbana,Hombre,1,Básico,Ladino/Mestizo,Diario,Vespertina,No promovido,No,No,02-03,4,1,1,3,5,1,2,5,2,2,2
2024,19-01-0862-42,Zacapa,1901,Público,Rural,Mujer,5,Preprimaria,Ladino/Mestizo,Diario,Matutina,Promovido,No,No,19-01,1,2,2,1,5,1,1,1,2,2,19
2024,19-01-0012-43,Zacapa,1901,Público,Urbana,Mujer,6,Primaria,Ladino/Mestizo,Diario,Matutina,Retirado,No,No,19-01,1,1,2,2,5,1,1,3,2,2,19
2024,19-09-0274-43,Zacapa,1901,Público,Rural,Hombre,1,Primaria,Ladino/Mestizo,Diario,Matutina,No promovido,Sí,No,19-09,1,2,1,2,5,1,1,5,1,2,19
2024,19-07-0228-43,Zacapa,1901,Público,Urbana,Mujer,1,Primaria,Ladino/Mestizo,Diario,Matutina,Promovido,No,No,19-07,1,1,2,2,5,1,1,1,2,2,19
2024,19-06-0224-43,Zacapa,1901,Público,Rural,Hombre,3,Primaria,Ladino/Mestizo,Diario,Matutina,Promovido,No,No,19-06,1,2,1,2,5,1,1,1,2,2,19
2024,19-11-0011-43,Zacapa,1901,Público,Rural,Mujer,2,Primaria,Ladino/Mestizo,Diario,Matutina,No promovido,No,No,19-11,1,2,2,2,5,1,1,5,2,2,19
2024,19-01-0086-45,Zacapa,1901,Privado,Urbana,Mujer,2,Básico,Ladino/Mestizo,Diario,Matutina,Promovido,No,No,19-01,2,1,2,3,5,1,1,1,2,2,19
2024,15-07-0241-43,Baja Verapaz,1501,Público,Rural,Hombre,2,Primaria,Ladino/Mestizo,Diario,Matutina,Promovido,No,No,15-07,1,2,1,2,5,1,1,1,2,2,15
2024,19-06-0216-43,Zacapa,1901,Público,Urbana,Mujer,6,Primaria,Ladino/Mestizo,Diario,Matutina,Promovido,No,No,19-06,1,1,2,2,5,1,1,1,2,2,19
2024,19-01-0075-45,Zacapa,1901,Cooperativa,Rural,Hombre,3,Básico,Ladino/Mestizo,Diario,Vespertina,Promovido,No,No,19-01,4,2,1,3,5,1,2,1,2,2,19
2024,15-03-0125-43,Baja Verapaz,1501,Público,Rural,Hombre,5,Primaria,Maya,Diario,Matutina,Promovido,Sí,No,15-03,1,2,1,2,1,1,1,1,1,2,15
2024,15-03-0126-43,Baja Verapaz,1501,Público,Rural,Mujer,3,Primaria,Ladino/Mestizo,Diario,Matutina,Promovido,No,No,15-03,1,2,2,2,5,1,1,1,2,2,15
2024,19-09-0292-45,Zacapa,1901,Público,Urbana,Hombre,1,Básico,Ladino/Mestizo,Diario,Matutina,Promovido,Sí,Ignorado,19-09,1,1,1,3,5,1,1,1,1,9,19
2024,02-01-0005-43,El Progreso,201,Público,Urbana,Hombre,3,Primaria,Ladino/Mestizo,Diario,Matutina,Promovido,No,No,02-01,1,1,1,2,5,1,1,1,2,2,2
2024,15-01-1243-41,Baja Verapaz,1501,Público,Rural,Mujer,6,Preprimaria,Maya,Diario,Matutina,Promovido,No,No,15-01,1,2,2,1,1,1,1,1,2,2,15
2024,15-08-0130-45,Baja Verapaz,1501,Privado,Urbana,Hombre,1,Básico,Ladino/Mestizo,Diario,Vespertina,Promovido,No,No,15-08,2,1,1,3,5,1,2,1,2,2,15
2024,02-02-0706-45,El Progreso,201,Público,Rural,Hombre,3,Básico,Ladino/Mestizo,Diario,Vespertina,Promovido,No,No,02-02,1,2,1,3,5,1,2,1,2,2,2
2024,19-04-0020-43,Zacapa,1901,Público,Rural,Mujer,2,Primaria,Ladino/Mestizo,Diario,Matutina,No promovido,Sí,No,19-04,1,2,2,2,5,1,1,5,1,2,19
2024,19-06-1157-42,Zacapa,1901,Público,Rural,Hombre,2,Preprimaria,Ladino/Mestizo,Diario,Matutina,Promovido,No,No,19-06,1,2,1,1,5,1,1,1,2,2,19
2024,15-05-0199-43,Baja Verapaz,1501,Público,Rural,Hombre,4,Primaria,Ladino/Mestizo,Diario,Matutina,Promovido,No,No,15-05,1,2,1,2,5,1,1,1,2,2,15
2024,15-02-0023-46,Baja Verapaz,1501,Público,Rural,Hombre,4,Diversificado,Maya,Diario,Matutina,Promovido,No,No,15-02,1,2,1,4,1,1,1,1,2,2,15
2024,02-05-0131-45,El Progreso,201,Cooperativa,Rural,Hombre,3,Básico,Ladino/Mestizo,Diario,Vespertina,Promovido,Sí,Ignorado,02-05,4,2,1,3,5,1,2,1,1,9,2
2024,19-01-0116-46,Zacapa,1901,Público,Urbana,Mujer,5,Diversificado,Ladino/Mestizo,Diario,Vespertina,Promovido,No,Sí,19-01,1,1,2,4,5,1,2,1,2,1,19
2024,15-01-0052-46,Baja Verapaz,1501,Privado,Urbana,Hombre,4,Diversificado,Ladino/Mestizo,Diario,Vespertina,Promovido,No,No,15-01,2,1,1,4,5,1,2,1,2,2,15
2024,15-07-1703-42,Baja Verapaz,1501,Público,Rural,Hombre,5,Preprimaria,Ladino/Mestizo,Diario,Matutina,Promovido,No,No,15-07,1,2,1,1,5,1,1,1,2,2,15
2024,19-05-1186-42,Zacapa,1901,Público,Rural,Mujer,1,Preprimaria,Ladino/Mestizo,Diario,Doble,Promovido,No,No,19-05,1,2,2,1,5,1,4,1,2,2,19
2024,19-01-0072-45,Zacapa,1901,Público,Urbana,Mujer,1,Básico,Ladino/Mestizo,Diario,Matutina,Promovido,No,No,19-01,1,1,2,3,5,1,1,1,2,2,19
2024,15-08-0282-43,Baja Verapaz,1501,Público,Rural,Mujer,4,Primaria,Maya,Diario,Matutina,Promovido,No,No,15-08,1,2,2,2,1,1,1,1,2,2,15
2024,15-05-0028-45,Baja Verapaz,1501,Público,Rural,Hombre,1,Básico,Ladino/Mestizo,Diario,Vespertina,Promovido,No,No,15-05,1,2,1,3,5,1,2,1,2,2,15
2024,19-09-0641-43,Zacapa,1901,Público,Rural,Mujer,1,Primaria,Ladino/Mestizo,Diario,Matutina,Promovido,No,No,19-09,1,2,2,2,5,1,1,1,2,2,19
2024,15-08-0079-43,Baja Verapaz,1501,Público,Rural,Hombre,1,Primaria,Maya,Diario,Matutina,Promovido,No,No,15-08,1,2,1,2,1,1,1,1,2,2,15
2024,15-08-0143-45,Baja Verapaz,1501,Público,Rural,Mujer,2,Básico,Maya,Diario,Vespertina,Promovido,No,No,15-08,1,2,2,3,1,1,2,1,2,2,15
2024,19-03-0004-46,Zacapa,1901,Cooperativa,Urbana,Mujer,5,Diversificado,Ladino/Mestizo,Diario,Vespertina,Promovido,No,No,19-03,4,1,2,4,5,1,2,1,2,2,19
2024,02-03-0065-42,El Progreso,201,Público,Rural,Hombre,4,Preprimaria,Ladino/Mestizo,Diario,Matutina,Promovido,No,No,02-03,1,2,1,1,5,1,1,1,2,2,2
2024,15-05-0198-43,Baja Verapaz,1501,Público,Rural,Mujer,4,Primaria,Ladino/Mestizo,Diario,Matutina,Promovido,No,No,15-05,1,2,2,2,5,1,1,1,2,2,15
2024,15-04-0328-43,Baja Verapaz,1501,Público,Rural,Mujer,5,Primaria,Ladino/Mestizo,Diario,Matutina,Promovido,No,No,15-04,1,2,2,2,5,1,1,1,2,2,15
2024,02-01-0412-42,El Progreso,201,Público,Rural,Hombre,2,Preprimaria,Ladino/Mestizo,Diario,Matutina,Retirado,No,No,02-01,1,2,1,1,5,1,1,3,2,2,2
2024,02-07-0155-42,El Progreso,201,Público,Urbana,Hombre,5,Preprimaria,Ladino/Mestizo,Diario,Matutina,Retirado,No,No,02-07,1,1,1,1,5,1,1,3,2,2,2
2024,15-01-2028-42,Baja Verapaz,1501,Público,Rural,Hombre,6,Preprimaria,Maya,Diario,Matutina,Promovido,No,No,15-01,1,2,1,1,1,1,1,1,2,2,15
2024,19-01-0103-43,Zacapa,1901,Público,Rural,Mujer,1,Primaria,Ladino/Mestizo,Diario,Matutina,No promovido,No,No,19-01,1,2,2,2,5,1,1,5,2,2,19
2024,19-01-0109-43,Zacapa,1901,Público,Rural,Hombre,1,Primaria,Ladino/Mestizo,Diario,Matutina,No promovido,No,No,19-01,1,2,1,2,5,1,1,5,2,2,19
2024,02-07-0547-45,El Progreso,201,Público,Rural,Mujer,2,Básico,Ladino/Mestizo,Diario,Vespertina,Promovido,No,No,02-07,1,2,2,3,5,1,2,1,2,2,2
2024,15-05-0190-43,Baja Verapaz,1501,Público,Rural,Hombre,4,Primaria,Ladino/Mestizo,Diario,Matutina,Promovido,No,No,15-05,1,2,1,2,5,1,1,1,2,2,15
2024,19-01-0005-42,Zacapa,1901,Privado,Urbana,Hombre,5,Preprimaria,Ladino/Mestizo,Diario,Matutina,Promovido,No,No,19-01,2,1,1,1,5,1,1,1,2,2,19
2024,19-03-1189-45,Zacapa,1901,Cooperativa,Rural,Mujer,1,Básico,Ladino/Mestizo,Diario,Vespertina,Promovido,No,No,19-03,4,2,2,3,5,1,2,1,2,2,19
2024,19-01-1121-42,Zacapa,1901,Público,Rural,Hombre,3,Preprimaria,Ladino/Mestizo,Diario,Matutina,Promovido,No,No,19-01,1,2,1,1,5,1,1,1,2,2,19
2024,02-01-0002-42,El Progreso,201,Público,Urbana,Mujer,6,Preprimaria,Ladino/Mestizo,Diario,Matutina,Promovido,No,No,02-01,1,1,2,1,5,1,1,1,2,2,2
2024,19-01-0109-43,Zacapa,1901,Público,Rural,Hombre,5,Primaria,Ladino/Mestizo,Diario,Matutina,Promovido,No,No,19-01,1,2,1,2,5,1,1,1,2,2,19
2024,19-03-0116-43,Zacapa,1901,Público,Rural,Mujer,6,Primaria,Ladino/Mestizo,Diario,Matutina,Promovido,No,No,19-03,1,2,2,2,5,1,1,1,2,2,19
2024,19-09-0282-43,Zacapa,1901,Público,Rural,Mujer,6,Primaria,Ladino/Mestizo,Diario,Matutina,Promovido,No,No,19-09,1,2,2,2,5,1,1,1,2,2,19
2024,15-01-0124-45,Baja Verapaz,1501,Privado,Urbana,Mujer,1,Básico,Ladino/Mestizo,Diario,Matutina,Promovido,No,No,15-01,2,1,2,3,5,1,1,1,2,2,15
2024,19-06-0215-42,Zacapa,1901,Público,Urbana,Hombre,5,Preprimaria,Ladino/Mestizo,Diario,Matutina,Promovido,No,No,19-06,1,1,1,1,5,1,1,1,2,2,19
2024,19-05-0036-42,Zacapa,1901,Público,Rural,Hombre,5,Preprimaria,Ladino/Mestizo,Diario,Matutina,Promovido,No,No,19-05,1,2,1,1,5,1,1,1,2,2,19
2024,15-08-0274-44,Baja Verapaz,1501,Público,Urbana,Hombre,4,Primaria de adultos,Maya,Diario,Nocturna,Retirado,No,No,15-08,1,1,1,5,1,1,3,3,2,2,15
2024,19-09-0026-43,Zacapa,1901,Público,Rural,Hombre,4,Primaria,Ladino/Mestizo,Diario,Matutina,Promovido,Sí,No,19-09,1,2,1,2,5,1,1,1,1,2,19
2024,19-09-0023-45,Zacapa,1901,Público,Rural,Mujer,2,Básico,Ladino/Mestizo,Diario,Vespertina,Promovido,No,No,19-09,1,2,2,3,5,1,2,1,2,2,19
2024,15-04-0181-43,Baja Verapaz,1501,Público,Rural,Hombre,5,Primaria,Ladino/Mestizo,Diario,Matutina,Promovido,No,No,15-04,1,2,1,2,5,1,1,1,2,2,15
2024,19-01-0025-42,Zacapa,1901,Público,Rural,Hombre,5,Preprimaria,Ladino/Mestizo,Diario,Matutina,Retirado,No,No,19-01,1,2,1,1,5,1,1,3,2,2,19
2024,15-01-0017-43,Baja Verapaz,1501,Público,Urbana,Mujer,6,Primaria,Ladino/Mestizo,Diario,Matutina,Promovido,No,No,15-01,1,1,2,2,5,1,1,1,2,2,15
2024,02-03-0133-46,El Progreso,201,Privado,Urbana,Mujer,6,Diversificado,Ladino/Mestizo,Diario,Vespertina,Promovido,No,Sí,02-03,2,1,2,4,5,1,2,1,2,1,2
2024,19-05-0793-42,Zacapa,1901,Público,Rural,Hombre,4,Preprimaria,Ladino/Mestizo,Diario,Matutina,Promovido,No,No,19-05,1,2,1,1,5,1,1,1,2,2,19
2024,15-08-0107-45,Baja Verapaz,1501,Público,Rural,Hombre,1,Básico,Maya,Diario,Vespertina,No promovido,No,No,15-08,1,2,1,3,1,1,2,5,2,2,15
2024,15-08-0092-43,Baja Verapaz,1501,Público,Rural,Hombre,6,Primaria,Maya,Diario,Matutina,Promovido,No,No,15-08,1,2,1,2,1,1,1,1,2,2,15
2024,15-04-1219-43,Baja Verapaz,1501,Público,Rural,Hombre,4,Primaria,Maya,Diario,Matutina,Promovido,No,No,15-04,1,2,1,2,1,1,1,1,2,2,15
2024,02-03-0027-45,El Progreso,201,Público,Rural,Hombre,3,Básico,Ladino/Mestizo,Diario,Vespertina,Promovido,No,No,02-03,1,2,1,3,5,1,2,1,2,2,2
2024,02-07-0539-45,El Progreso,201,Privado,Rural,Mujer,2,Básico,Ladino/Mestizo,Diario,Doble,Promovido,No,No,02-07,2,2,2,3,5,1,4,1,2,2,2
2024,02-01-0015-43,El Progreso,201,Público,Rural,Mujer,1,Primaria,Ladino/Mestizo,Diario,Matutina,Promovido,No,No,02-01,1,2,2,2,5,1,1,1,2,2,2
2024,19-05-0201-43,Zacapa,1901,Público,Urbana,Hombre,6,Primaria,Ladino/Mestizo,Diario,Matutina,Promovido,No,No,19-05,1,1,1,2,5,1,1,1,2,2,19
2024,19-04-0150-43,Zacapa,1901,Público,Rural,Hombre,4,Primaria,Ladino/Mestizo,Diario,Matutina,Retirado,No,No,19-04,1,2,1,2,5,1,1,3,2,2,19
2024,15-02-0093-45,Baja Verapaz,1501,Cooperativa,Urbana,Mujer,3,Básico,Maya,Diario,Vespertina,Promovido,No,No,15-02,4,1,2,3,1,1,2,1,2,2,15
2024,15-03-0128-43,Baja Verapaz,1501,Público,Rural,Hombre,6,Primaria,Maya,Diario,Matutina,Promovido,No,No,15-03,1,2,1,2,1,1,1,1,2,2,15
2024,15-04-0149-43,Baja Verapaz,1501,Público,Rural,Mujer,4,Primaria,Maya,Diario,Matutina,Promovido,No,No,15-04,1,2,2,2,1,1,1,1,2,2,15
2024,15-01-0069-43,Baja Verapaz,1501,Público,Rural,Mujer,3,Primaria,Ladino/Mestizo,Diario,Matutina,No promovido,No,No,15-01,1,2,2,2,5,1,1,5,2,2,15
2024,15-01-0166-42,Baja Verapaz,1501,Privado,Urbana,Mujer,5,Preprimaria,Ladino/Mestizo,Diario,Matutina,Promovido,No,No,15-01,2,1,2,1,5,1,1,1,2,2,15
2024,02-01-0018-43,El Progreso,201,Público,Rural,Mujer,3,Primaria,Ladino/Mestizo,Diario,Matutina,Promovido,No,No,02-01,1,2,2,2,5,1,1,1,2,2,2
2024,19-01-0010-43,Zacapa,1901,Público,Urbana,Hombre,2,Primaria,Ladino/Mestizo,Diario,Matutina,Promovido,No,No,19-01,1,1,1,2,5,1,1,1,2,2,19
2024,15-02-0073-43,Baja Verapaz,1501,Público,Rural,Hombre,1,Primaria,Maya,Diario,Matutina,Promovido,No,No,15-02,1,2,1,2,1,1,1,1,2,2,15
2024,19-09-0269-43,Zacapa,1901,Público,Rural,Hombre,2,Primaria,Ladino/Mestizo,Diario,Matutina,No promovido,No,No,19-09,1,2,1,2,5,1,1,5,2,2,19
2024,19-01-0017-43,Zacapa,1901,Privado,Urbana,Mujer,6,Primaria,Ladino/Mestizo,Diario,Matutina,Promovido,No,No,19-01,2,1,2,2,5,1,1,1,2,2,19
2024,19-01-0927-43,Zacapa,1901,Público,Rural,Hombre,1,Primaria,Ladino/Mestizo,Diario,Matutina,Promovido,Sí,No,19-01,1,2,1,2,5,1,1,1,1,2,19
2024,15-01-1353-42,Baja Verapaz,1501,Público,Rural,Hombre,6,Preprimaria,Ladino/Mestizo,Diario,Matutina,Promovido,No,No,15-01,1,2,1,1,5,1,1,1,2,2,15
2024,02-03-0142-46,El Progreso,201,Privado,Urbana,Mujer,4,Diversificado,Ladino/Mestizo,Diario,Vespertina,Promovido,No,No,02-03,2,1,2,4,5,1,2,1,2,2,2
2024,19-07-0795-42,Zacapa,1901,Público,Rural,Hombre,4,Preprimaria,Ladino/Mestizo,Diario,Matutina,Promovido,No,No,19-07,1,2,1,1,5,1,1,1,2,2,19
2024,15-02-1764-42,Baja Verapaz,1501,Público,Urbana,Hombre,4,Preprimaria,Maya,Diario,Matutina,Promovido,No,No,15-02,1,1,1,1,1,1,1,1,2,2,15
2024,02-03-0100-45,El Progreso,201,Cooperativa,Urbana,Hombre,2,Básico,Ladino/Mestizo,Diario,Vespertina,No promovido,No,No,02-03,4,1,1,3,5,1,2,5,2,2,2
2024,19-04-0595-43,Zacapa,1901,Público,Urbana,Hombre,3,Primaria,Ladino/Mestizo,Diario,Matutina,Promovido,No,No,19-04,1,1,1,2,5,1,1,1,2,2,19
2024,02-07-0180-43,El Progreso,201,Público,Rural,Mujer,6,Primaria,Ladino/Mestizo,Diario,Matutina,Promovido,No,No,02-07,1,2,2,2,5,1,1,1,2,2,2
2024,19-10-0005-43,Zacapa,1901,Público,Rural,Hombre,5,Primaria,Ladino/Mestizo,Diario,Matutina,Promovido,No,No,19-10,1,2,1,2,5,1,1,1,2,2,19
2024,02-06-0771-42,El Progreso,201,Público,Rural,Hombre,6,Preprimaria,Ladino/Mestizo,Diario,Matutina,Promovido,No,No,02-06,1,2,1,1,5,1,1,1,2,2,2
2024,02-04-0107-43,El Progreso,201,Público,Rural,Hombre,3,Primaria,Ladino/Mestizo,Diario,Matutina,Promovido,Sí,No,02-04,1,2,1,2,5,1,1,1,1,2,2
2024,15-01-0012-43,Baja Verapaz,1501,Público,Rural,Hombre,6,Primaria,Ladino/Mestizo,Diario,Matutina,Promovido,No,No,15-01,1,2,1,2,5,1,1,1,2,2,15
2024,15-08-0046-43,Baja Verapaz,1501,Público,Rural,Mujer,2,Primaria,Maya,Diario,Matutina,Promovido,Sí,No,15-08,1,2,2,2,1,1,1,1,1,2,15
2024,15-07-0010-43,Baja Verapaz,1501,Público,Rural,Hombre,2,Primaria,Maya,Diario,Matutina,Promovido,No,No,15-07,1,2,1,2,1,1,1,1,2,2,15
2024,15-08-0026-41,Baja Verapaz,1501,Público,Rural,Hombre,6,Preprimaria,Maya,Diario,Matutina,Promovido,No,No,15-08,1,2,1,1,1,1,1,1,2,2,15
2024,15-07-0017-45,Baja Verapaz,1501,Público,Rural,Mujer,1,Básico,Ladino/Mestizo,Diario,Vespertina,Promovido,No,Ignorado,15-07,1,2,2,3,5,1,2,1,2,9,15
2024,15-08-0276-43,Baja Verapaz,1501,Público,Urbana,Mujer,6,Primaria,Ladino/Mestizo,Diario,Matutina,Promovido,No,No,15-08,1,1,2,2,5,1,1,1,2,2,15
2024,15-04-2205-42,Baja Verapaz,1501,Público,Rural,Hombre,6,Preprimaria,Maya,Diario,Matutina,Promovido,No,No,15-04,1,2,1,1,1,1,1,1,2,2,15
2024,02-08-0535-46,El Progreso,201,Cooperativa,Urbana,Mujer,4,Diversificado,Ladino/Mestizo,Diario,Vespertina,Promovido,No,No,02-08,4,1,2,4,5,1,2,1,2,2,2
2024,15-08-0357-43,Baja Verapaz,1501,Público,Rural,Mujer,3,Primaria,Maya,Diario,Matutina,Promovido,No,No,15-08,1,2,2,2,1,1,1,1,2,2,15
2024,02-03-0647-43,El Progreso,201,Público,Rural,Mujer,4,Primaria,Ladino/Mestizo,Diario,Matutina,Promovido,No,No,02-03,1,2,2,2,5,1,1,1,2,2,2
2024,15-08-1527-43,Baja Verapaz,1501,Público,Urbana,Hombre,1,Primaria,Ladino/Mestizo,Diario,Vespertina,No promovido,No,No,15-08,1,1,1,2,5,1,2,5,2,2,15
2024,15-01-1964-43,Baja Verapaz,1501,Público,Rural,Mujer,1,Primaria,Ladino/Mestizo,Diario,Vespertina,No promovido,No,No,15-01,1,2,2,2,5,1,2,5,2,2,15
2024,15-04-0209-43,Baja Verapaz,1501,Público,Rural,Hombre,4,Primaria,Ladino/Mestizo,Diario,Matutina,Promovido,No,No,15-04,1,2,1,2,5,1,1,1,2,2,15
2024,02-03-0024-45,El Progreso,201,Público,Rural,Hombre,3,Básico,Ladino/Mestizo,Diario,Matutina,Promovido,No,No,02-03,1,2,1,3,5,1,1,1,2,2,2
2024,19-09-0027-43,Zacapa,1901,Público,Rural,Hombre,3,Primaria,Ladino/Mestizo,Diario,Matutina,No promovido,No,No,19-09,1,2,1,2,5,1,1,5,2,2,19
2024,15-04-0136-43,Baja Verapaz,1501,Público,Urbana,Mujer,1,Primaria,Maya,Diario,Matutina,Promovido,No,No,15-04,1,1,2,2,1,1,1,1,2,2,15
2024,15-07-0766-42,Baja Verapaz,1501,Público,Rural,Hombre,5,Preprimaria,Ladino/Mestizo,Diario,Matutina,Promovido,No,No,15-07,1,2,1,1,5,1,1,1,2,2,15
2024,02-03-0250-45,El Progreso,201,Privado,Rural,Mujer,3,Básico,Ladino/Mestizo,Diario,Vespertina,Promovido,No,No,02-03,2,2,2,3,5,1,2,1,2,2,2
2024,02-03-0767-42,El Progreso,201,Público,Rural,Mujer,6,Preprimaria,Ladino/Mestizo,Diario,Matutina,Promovido,No,No,02-03,1,2,2,1,5,1,1,1,2,2,2
2024,02-01-0022-43,El Progreso,201,Público,Rural,Hombre,3,Primaria,Ladino/Mestizo,Diario,Matutina,Promovido,No,No,02-01,1,2,1,2,5,1,1,1,2,2,2
2024,02-03-0825-43,El Progreso,201,Público,Rural,Hombre,5,Primaria,Ladino/Mestizo,Diario,Matutina,Promovido,No,No,02-03,1,2,1,2,5,1,1,1,2,2,2
2024,15-04-0181-43,Baja Verapaz,1501,Público,Rural,Mujer,5,Primaria,Ladino/Mestizo,Diario,Matutina,Promovido,No,No,15-04,1,2,2,2,5,1,1,1,2,2,15
2024,19-10-0294-43,Zacapa,1901,Público,Urbana,Mujer,2,Primaria,Ladino/Mestizo,Diario,Matutina,Promovido,No,No,19-10,1,1,2,2,5,1,1,1,2,2,19
2024,15-02-0070-43,Baja Verapaz,1501,Público,Urbana,Mujer,5,Primaria,Maya,Diario,Matutina,Promovido,No,No,15-02,1,1,2,2,1,1,1,1,2,2,15
2024,15-04-0099-45,Baja Verapaz,1501,Público,Urbana,Hombre,1,Básico,Maya,Diario,Matutina,Retirado,No,No,15-04,1,1,1,3,1,1,1,3,2,2,15
2024,02-01-0562-46,El Progreso,201,Privado,Urbana,Hombre,4,Diversificado,Ladino/Mestizo,Diario,Matutina,Promovido,No,No,02-01,2,1,1,4,5,1,1,1,2,2,2
2024,15-08-1251-43,Baja Verapaz,1501,Público,Rural,Hombre,6,Primaria,Maya,Diario,Matutina,Promovido,No,No,15-08,1,2,1,2,1,1,1,1,2,2,15
2024,19-04-1097-42,Zacapa,1901,Público,Rural,Hombre,5,Preprimaria,Ladino/Mestizo,Diario,Matutina,Promovido,No,No,19-04,1,2,1,1,5,1,1,1,2,2,19
2024,19-04-0024-43,Zacapa,1901,Público,Rural,Mujer,4,Primaria,Ladino/Mestizo,Diario,Matutina,Promovido,Sí,No,19-04,1,2,2,2,5,1,1,1,1,2,19
2024,15-07-0017-45,Baja Verapaz,1501,Público,Rural,Hombre,2,Básico,Ladino/Mestizo,Diario,Vespertina,No promovido,Sí,No,15-07,1,2,1,3,5,1,2,5,1,2,15
2024,02-03-0670-42,El Progreso,201,Público,Rural,Hombre,6,Preprimaria,Ladino/Mestizo,Diario,Matutina,Promovido,No,No,02-03,1,2,1,1,5,1,1,1,2,2,2
2024,15-02-0039-42,Baja Verapaz,1501,Público,Rural,Mujer,3,Preprimaria,Maya,Diario,Matutina,Promovido,No,No,15-02,1,2,2,1,1,1,1,1,2,2,15
2024,15-02-0119-46,Baja Verapaz,1501,Privado,Rural,Mujer,4,Diversificado,Maya,Fin de semana,Doble,Promovido,No,No,15-02,2,2,2,4,1,2,4,1,2,2,15
2024,15-01-1274-46,Baja Verapaz,1501,Público,Urbana,Mujer,4,Diversificado,Ladino/Mestizo,Diario,Vespertina,Promovido,No,No,15-01,1,1,2,4,5,1,2,1,2,2,15
2024,02-07-0638-45,El Progreso,201,Privado,Urbana,Hombre,3,Básico,Ladino/Mestizo,Diario,Matutina,Promovido,No,No,02-07,2,1,1,3,5,1,1,1,2,2,2
2024,15-03-1466-45,Baja Verapaz,1501,Público,Rural,Hombre,1,Básico,Maya,Diario,Matutina,Promovido,No,No,15-03,1,2,1,3,1,1,1,1,2,2,15
2024,19-08-0246-43,Zacapa,1901,Público,Urbana,Mujer,2,Primaria,Ladino/Mestizo,Diario,Matutina,Promovido,No,No,19-08,1,1,2,2,5,1,1,1,2,2,19
2024,15-03-0073-42,Baja Verapaz,1501,Público,Urbana,Hombre,5,Preprimaria,Maya,Diario,Matutina,Promovido,No,No,15-03,1,1,1,1,1,1,1,1,2,2,15
2024,19-02-0095-45,Zacapa,1901,Público,Urbana,Mujer,1,Básico,Ladino/Mestizo,Diario,Matutina,Retirado,No,No,19-02,1,1,2,3,5,1,1,3,2,2,19
2024,15-04-0061-43,Baja Verapaz,1501,Público,Rural,Mujer,1,Primaria,Maya,Diario,Matutina,Promovido,No,No,15-04,1,2,2,2,1,1,1,1,2,2,15
2024,15-01-0050-45,Baja Verapaz,1501,Público,Urbana,Mujer,1,Básico,Maya,Diario,Matutina,Promovido,No,No,15-01,1,1,2,3,1,1,1,1,2,2,15
2024,15-04-0099-45,Baja Verapaz,1501,Público,Urbana,Hombre,1,Básico,Maya,Diario,Matutina,No promovido,Sí,No,15-04,1,1,1,3,1,1,1,5,1,2,15
2024,19-04-0028-45,Zacapa,1901,Público,Rural,Hombre,2,Básico,Ladino/Mestizo,Diario,Vespertina,Promovido,Sí,Ignorado,19-04,1,2,1,3,5,1,2,1,1,9,19
2024,02-01-0005-43,El Progreso,201,Público,Urbana,Mujer,2,Primaria,Ladino/Mestizo,Diario,Matutina,Retirado,No,No,02-01,1,1,2,2,5,1,1,3,2,2,2
2024,15-04-0165-43,Baja Verapaz,1501,Público,Rural,Mujer,2,Primaria,Ladino/Mestizo,Diario,Matutina,No promovido,No,No,15-04,1,2,2,2,5,1,1,5,2,2,15
2024,15-01-0055-42,Baja Verapaz,1501,Público,Rural,Mujer,5,Preprimaria,Ladino/Mestizo,Diario,Matutina,Promovido,No,No,15-01,1,2,2,1,5,1,1,1,2,2,15
2024,15-04-1216-43,Baja Verapaz,1501,Público,Rural,Hombre,1,Primaria,Maya,Diario,Matutina,Promovido,No,No,15-04,1,2,1,2,1,1,1,1,2,2,15
2024,02-01-0052-43,El Progreso,201,Privado,Urbana,Mujer,1,Primaria,Ladino/Mestizo,Diario,Matutina,Promovido,No,No,02-01,2,1,2,2,5,1,1,1,2,2,2
2024,02-01-0574-42,El Progreso,201,Público,Rural,Hombre,4,Preprimaria,Ladino/Mestizo,Diario,Matutina,Promovido,No,No,02-01,1,2,1,1,5,1,1,1,2,2,2
2024,15-07-0239-43,Baja Verapaz,1501,Público,Rural,Mujer,1,Primaria,Ladino/Mestizo,Diario,Matutina,No promovido,No,No,15-07,1,2,2,2,5,1,1,5,2,2,15
2024,02-07-0172-43,El Progreso,201,Público,Rural,Mujer,5,Primaria,Ladino/Mestizo,Diario,Matutina,Promovido,No,No,02-07,1,2,2,2,5,1,1,1,2,2,2
2024,15-02-0070-43,Baja Verapaz,1501,Público,Urbana,Hombre,1,Primaria,Maya,Diario,Matutina,Promovido,Sí,No,15-02,1,1,1,2,1,1,1,1,1,2,15
2024,19-04-0055-45,Zacapa,1901,Privado,Urbana,Mujer,1,Básico,Ladino/Mestizo,Diario,Matutina,Promovido,No,No,19-04,2,1,2,3,5,1,1,1,2,2,19
2024,19-04-0052-46,Zacapa,1901,Privado,Urbana,Mujer,5,Diversificado,Ladino/Mestizo,Diario,Matutina,Promovido,No,Sí,19-04,2,1,2,4,5,1,1,1,2,1,19
2024,19-05-0199-42,Zacapa,1901,Público,Urbana,Mujer,5,Preprimaria,Ladino/Mestizo,Diario,Matutina,Promovido,No,No,19-05,1,1,2,1,5,1,1,1,2,2,19
2024,02-07-0721-45,El Progreso,201,Cooperativa,Urbana,Mujer,1,Básico,Ladino/Mestizo,Diario,Vespertina,Promovido,No,No,02-07,4,1,2,3,5,1,2,1,2,2,2
2024,02-02-0668-45,El Progreso,201,Público,Rural,Mujer,1,Básico,Ladino/Mestizo,Diario,Vespertina,Retirado,No,No,02-02,1,2,2,3,5,1,2,3,2,2,2
2024,02-01-0562-46,El Progreso,201,Privado,Urbana,Hombre,5,Diversificado,Ladino/Mestizo,Diario,Matutina,Promovido,No,Sí,02-01,2,1,1,4,5,1,1,1,2,1,2
2024,19-01-0332-46,Zacapa,1901,Privado,Urbana,Hombre,6,Diversificado,Ladino/Mestizo,Diario,Doble,Promovido,Sí,Sí,19-01,2,1,1,4,5,1,4,1,1,1,19
2024,15-07-0250-43,Baja Verapaz,1501,Público,Rural,Mujer,3,Primaria,Ladino/Mestizo,Diario,Matutina,Promovido,No,No,15-07,1,2,2,2,5,1,1,1,2,2,15
2024,19-09-0290-43,Zacapa,1901,Público,Rural,Hombre,1,Primaria,Ladino/Mestizo,Diario,Matutina,Promovido,Sí,No,19-09,1,2,1,2,5,1,1,1,1,2,19
2024,15-02-0058-46,Baja Verapaz,1501,Público,Urbana,Hombre,5,Diversificado,Maya,Diario,Matutina,Promovido,No,Sí,15-02,1,1,1,4,1,1,1,1,2,1,15
2024,02-01-0007-43,El Progreso,201,Público,Rural,Hombre,3,Primaria,Maya,Diario,Matutina,Promovido,No,No,02-01,1,2,1,2,1,1,1,1,2,2,2
2024,02-03-0458-43,El Progreso,201,Público,Rural,Hombre,1,Primaria,Ladino/Mestizo,Diario,Matutina,Promovido,No,No,02-03,1,2,1,2,5,1,1,1,2,2,2
2024,15-02-0005-42,Baja Verapaz,1501,Público,Rural,Mujer,4,Preprimaria,Maya,Diario,Matutina,Promovido,No,No,15-02,1,2,2,1,1,1,1,1,2,2,15
2024,15-02-0073-43,Baja Verapaz,1501,Público,Rural,Hombre,6,Primaria,Maya,Diario,Matutina,Promovido,No,No,15-02,1,2,1,2,1,1,1,1,2,2,15
2024,19-05-0891-42,Zacapa,1901,Público,Rural,Mujer,1,Preprimaria,Ladino/Mestizo,Diario,Matutina,Promovido,No,No,19-05,1,2,2,1,5,1,1,1,2,2,19
2024,15-08-0334-41,Baja Verapaz,1501,Público,Rural,Hombre,4,Preprimaria,Maya,Diario,Matutina,Promovido,No,No,15-08,1,2,1,1,1,1,1,1,2,2,15
2024,15-02-0009-43,Baja Verapaz,1501,Público,Rural,Mujer,3,Primaria,Maya,Diario,Matutina,Promovido,No,No,15-02,1,2,2,2,1,1,1,1,2,2,15
2024,19-01-0630-43,Zacapa,1901,Privado,Urbana,Mujer,2,Primaria,Ladino/Mestizo,Diario,Matutina,Promovido,No,No,19-01,2,1,2,2,5,1,1,1,2,2,19
2024,15-01-0311-43,Baja Verapaz,1501,Público,Rural,Hombre,5,Primaria,Ladino/Mestizo,Diario,Matutina,Promovido,No,No,15-01,1,2,1,2,5,1,1,1,2,2,15
2024,15-01-0111-46,Baja Verapaz,1501,Privado,Urbana,Hombre,4,Diversificado,Ladino/Mestizo,Diario,Doble,Promovido,No,No,15-01,2,1,1,4,5,1,4,1,2,2,15
2024,15-07-1671-43,Baja Verapaz,1501,Público,Urbana,Mujer,2,Primaria,Ladino/Mestizo,Diario,Vespertina,Promovido,No,No,15-07,1,1,2,2,5,1,2,1,2,2,15
2024,15-06-0691-43,Baja Verapaz,1501,Público,Rural,Mujer,6,Primaria,Ladino/Mestizo,Diario,Matutina,Promovido,No,No,15-06,1,2,2,2,5,1,1,1,2,2,15
2024,19-01-1148-45,Zacapa,1901,Público,Rural,Hombre,3,Básico,Ladino/Mestizo,Diario,Matutina,Promovido,No,No,19-01,1,2,1,3,5,1,1,1,2,2,19
2024,19-04-0196-45,Zacapa,1901,Público,Urbana,Hombre,2,Básico,Ladino/Mestizo,Diario,Matutina,Promovido,Sí,No,19-04,1,1,1,3,5,1,1,1,1,2,19
2024,15-08-0292-43,Baja Verapaz,1501,Público,Rural,Hombre,1,Primaria,Maya,Diario,Matutina,Promovido,Sí,No,15-08,1,2,1,2,1,1,1,1,1,2,15
2024,02-07-0633-42,El Progreso,201,Público,Urbana,Hombre,6,Preprimaria,Ladino/Mestizo,Diario,Vespertina,Promovido,No,No,02-07,1,1,1,1,5,1,2,1,2,2,2
2024,19-10-0011-45,Zacapa,1901,Público,Rural,Hombre,2,Básico,Ladino/Mestizo,Diario,Vespertina,Promovido,No,No,19-10,1,2,1,3,5,1,2,1,2,2,19
2024,15-04-0670-46,Baja Verapaz,1501,Privado,Urbana,Mujer,4,Diversificado,Maya,Diario,Vespertina,Promovido,No,No,15-04,2,1,2,4,1,1,2,1,2,2,15
2024,19-01-0004-42,Zacapa,1901,Privado,Urbana,Mujer,6,Preprimaria,Ladino/Mestizo,Diario,Matutina,Promovido,No,No,19-01,2,1,2,1,5,1,1,1,2,2,19
2024,19-01-0160-46,Zacapa,1901,Privado,Urbana,Hombre,5,Diversificado,Ladino/Mestizo,Diario,Matutina,Promovido,No,Sí,19-01,2,1,1,4,5,1,1,1,2,1,19
2024,19-03-1058-45,Zacapa,1901,Público,Urbana,Hombre,3,Básico,Ladino/Mestizo,Diario,Matutina,Promovido,No,No,19-03,1,1,1,3,5,1,1,1,2,2,19
2024,15-07-0244-43,Baja Verapaz,1501,Público,Rural,Mujer,6,Primaria,Ladino/Mestizo,Diario,Matutina,Promovido,No,No,15-07,1,2,2,2,5,1,1,1,2,2,15
2024,19-01-0958-43,Zacapa,1901,Público,Rural,Hombre,2,Primaria,Ladino/Mestizo,Diario,Matutina,Promovido,Sí,No,19-01,1,2,1,2,5,1,1,1,1,2,19
2024,02-07-0172-43,El Progreso,201,Público,Rural,Mujer,6,Primaria,Ladino/Mestizo,Diario,Matutina,Promovido,No,No,02-07,1,2,2,2,5,1,1,1,2,2,2
2024,15-07-0243-43,Baja Verapaz,1501,Público,Rural,Hombre,5,Primaria,Ladino/Mestizo,Diario,Matutina,No promovido,No,No,15-07,1,2,1,2,5,1,1,5,2,2,15
2024,15-08-0168-43,Baja Verapaz,1501,Privado,Urbana,Mujer,1,Primaria,Ladino/Mestizo,Diario,Matutina,Promovido,No,No,15-08,2,1,2,2,5,1,1,1,2,2,15
2024,15-03-1664-41,Baja Verapaz,1501,Público,Rural,Hombre,5,Preprimaria,Maya,Diario,Matutina,Retirado,No,No,15-03,1,2,1,1,1,1,1,3,2,2,15
2024,19-09-1217-45,Zacapa,1901,Público,Rural,Hombre,2,Básico,Ladino/Mestizo,Diario,Matutina,Promovido,No,No,19-09,1,2,1,3,5,1,1,1,2,2,19
2024,15-07-1348-42,Baja Verapaz,1501,Público,Urbana,Hombre,5,Preprimaria,Ladino/Mestizo,Diario,Matutina,Promovido,No,No,15-07,1,1,1,1,5,1,1,1,2,2,15
2024,15-03-1466-45,Baja Verapaz,1501,Público,Rural,Hombre,1,Básico,Maya,Diario,Matutina,Promovido,No,No,15-03,1,2,1,3,1,1,1,1,2,2,15
2024,15-01-0037-43,Baja Verapaz,1501,Público,Rural,Hombre,4,Primaria,Maya,Diario,Matutina,Promovido,No,No,15-01,1,2,1,2,1,1,1,1,2,2,15
2024,15-04-1215-43,Baja Verapaz,1501,Público,Rural,Mujer,2,Primaria,Ladino/Mestizo,Diario,Matutina,Promovido,No,No,15-04,1,2,2,2,5,1,1,1,2,2,15
2024,15-07-0252-43,Baja Verapaz,1501,Público,Rural,Hombre,6,Primaria,Ladino/Mestizo,Diario,Matutina,Promovido,No,No,15-07,1,2,1,2,5,1,1,1,2,2,15
2024,19-01-0353-42,Zacapa,1901,Público,Urbana,Hombre,6,Preprimaria,Ladino/Mestizo,Diario,Vespertina,Retirado,No,No,19-01,1,1,1,1,5,1,2,3,2,2,19
2024,02-03-0719-46,El Progreso,201,Privado,Rural,Hombre,5,Diversificado,Ladino/Mestizo,Fin de semana,Doble,Promovido,No,No,02-03,2,2,1,4,5,2,4,1,2,2,2
2024,02-07-0161-43,El Progreso,201,Público,Urbana,Mujer,3,Primaria,Ladino/Mestizo,Diario,Matutina,Promovido,No,No,02-07,1,1,2,2,5,1,1,1,2,2,2
2024,15-04-0164-43,Baja Verapaz,1501,Público,Rural,Hombre,1,Primaria,Ladino/Mestizo,Diario,Matutina,Promovido,No,No,15-04,1,2,1,2,5,1,1,1,2,2,15
2024,15-08-0286-43,Baja Verapaz,1501,Público,Rural,Hombre,6,Primaria,Maya,Diario,Matutina,Promovido,No,No,15-08,1,2,1,2,1,1,1,1,2,2,15
2024,19-11-0010-43,Zacapa,1901,Público,Urbana,Hombre,6,Primaria,Ladino/Mestizo,Diario,Matutina,Promovido,No,No,19-11,1,1,1,2,5,1,1,1,2,2,19
2024,15-04-0092-45,Baja Verapaz,1501,Público,Rural,Hombre,3,Básico,Maya,Diario,Vespertina,Promovido,No,No,15-04,1,2,1,3,1,1,2,1,2,2,15
2024,15-05-1464-45,Baja Verapaz,1501,Público,Rural,Hombre,3,Básico,Ladino/Mestizo,Diario,Vespertina,Promovido,No,No,15-05,1,2,1,3,5,1,2,1,2,2,15
2024,02-02-0030-43,El Progreso,201,Público,Urbana,Mujer,5,Primaria,Ladino/Mestizo,Diario,Matutina,Retirado,Sí,No,02-02,1,1,2,2,5,1,1,3,1,2,2
2024,02-07-0513-43,El Progreso,201,Público,Rural,Mujer,1,Primaria,Ladino/Mestizo,Diario,Vespertina,No promovido,Sí,No,02-07,1,2,2,2,5,1,2,5,1,2,2
2024,15-08-0096-43,Baja Verapaz,1501,Público,Rural,Hombre,2,Primaria,Maya,Diario,Matutina,Promovido,No,No,15-08,1,2,1,2,1,1,1,1,2,2,15
2024,02-01-0052-43,El Progreso,201,Privado,Urbana,Mujer,1,Primaria,Ladino/Mestizo,Diario,Matutina,Promovido,No,No,02-01,2,1,2,2,5,1,1,1,2,2,2
2024,15-01-0005-42,Baja Verapaz,1501,Público,Urbana,Hombre,5,Preprimaria,Ladino/Mestizo,Diario,Matutina,Promovido,No,No,15-01,1,1,1,1,5,1,1,1,2,2,15
2024,15-08-0103-45,Baja Verapaz,1501,Público,Rural,Hombre,2,Básico,Maya,Diario,Vespertina,Promovido,No,No,15-08,1,2,1,3,1,1,2,1,2,2,15
2024,02-03-0050-46,El Progreso,201,Privado,Urbana,Mujer,4,Diversificado,Ladino/Mestizo,Fin de semana,Doble,Promovido,No,No,02-03,2,1,2,4,5,2,4,1,2,2,2
2024,19-05-0205-43,Zacapa,1901,Público,Rural,Hombre,1,Primaria,Ladino/Mestizo,Diario,Matutina,No promovido,No,No,19-05,1,2,1,2,5,1,1,5,2,2,19
2024,19-03-0013-42,Zacapa,1901,Público,Rural,Hombre,2,Preprimaria,Ladino/Mestizo,Diario,Doble,Retirado,No,No,19-03,1,2,1,1,5,1,4,3,2,2,19
2024,02-07-0626-43,El Progreso,201,Privado,Urbana,Hombre,1,Primaria,Ladino/Mestizo,Diario,Matutina,Promovido,No,No,02-07,2,1,1,2,5,1,1,1,2,2,2
2024,02-01-0020-43,El Progreso,201,Público,Rural,Hombre,2,Primaria,Ladino/Mestizo,Diario,Matutina,No promovido,Sí,No,02-01,1,2,1,2,5,1,1,5,1,2,2
2024,02-05-0013-46,El Progreso,201,Municipal,Rural,Mujer,4,Diversificado,Ladino/Mestizo,Diario,Vespertina,Promovido,No,No,02-05,3,2,2,4,5,1,2,1,2,2,2
2024,15-04-0061-43,Baja Verapaz,1501,Público,Rural,Mujer,3,Primaria,Maya,Diario,Matutina,Promovido,No,No,15-04,1,2,2,2,1,1,1,1,2,2,15
2024,19-02-0089-43,Zacapa,1901,Público,Urbana,Hombre,6,Primaria,Ladino/Mestizo,Diario,Matutina,Promovido,No,No,19-02,1,1,1,2,5,1,1,1,2,2,19
2024,15-01-0085-45,Baja Verapaz,1501,Público,Rural,Hombre,2,Básico,Maya,Diario,Vespertina,Retirado,No,No,15-01,1,2,1,3,1,1,2,3,2,2,15
2024,15-03-0345-43,Baja Verapaz,1501,Público,Rural,Mujer,6,Primaria,Maya,Diario,Matutina,Promovido,No,No,15-03,1,2,2,2,1,1,1,1,2,2,15
2024,02-06-0007-45,El Progreso,201,Público,Rural,Mujer,2,Básico,Ladino/Mestizo,Diario,Matutina,Promovido,No,No,02-06,1,2,2,3,5,1,1,1,2,2,2
2024,15-01-0055-42,Baja Verapaz,1501,Público,Rural,Hombre,6,Preprimaria,Ladino/Mestizo,Diario,Matutina,Promovido,No,No,15-01,1,2,1,1,5,1,1,1,2,2,15
2024,02-07-0199-46,El Progreso,201,Privado,Urbana,Hombre,4,Diversificado,Ladino/Mestizo,Diario,Vespertina,No promovido,No,No,02-07,2,1,1,4,5,1,2,5,2,2,2
2024,15-03-0094-42,Baja Verapaz,1501,Público,Urbana,Hombre,6,Preprimaria,Maya,Diario,Matutina,Promovido,No,No,15-03,1,1,1,1,1,1,1,1,2,2,15
2024,02-03-0777-43,El Progreso,201,Público,Rural,Hombre,3,Primaria,Ladino/Mestizo,Diario,Matutina,Promovido,No,No,02-03,1,2,1,2,5,1,1,1,2,2,2
2024,15-02-0032-42,Baja Verapaz,1501,Público,Rural,Hombre,0,Preprimaria,Maya,Diario,Matutina,Promovido,No,No,15-02,1,2,1,1,1,1,1,1,2,2,15
2024,02-07-0199-46,El Progreso,201,Privado,Urbana,Mujer,4,Diversificado,Ladino/Mestizo,Diario,Vespertina,No promovido,No,No,02-07,2,1,2,4,5,1,2,5,2,2,2
2024,02-03-0770-42,El Progreso,201,Público,Rural,Mujer,4,Preprimaria,Ladino/Mestizo,Diario,Matutina,Promovido,No,No,02-03,1,2,2,1,5,1,1,1,2,2,2
2024,15-03-0063-45,Baja Verapaz,1501,Público,Rural,Mujer,3,Básico,Maya,Diario,Matutina,Promovido,No,No,15-03,1,2,2,3,1,1,1,1,2,2,15
2024,02-06-0225-43,El Progreso,201,Público,Rural,Mujer,2,Primaria,Ladino/Mestizo,Diario,Matutina,Promovido,No,No,02-06,1,2,2,2,5,1,1,1,2,2,2
2024,15-07-0025-42,Baja Verapaz,1501,Público,Rural,Hombre,6,Preprimaria,Ladino/Mestizo,Diario,Matutina,Promovido,No,No,15-07,1,2,1,1,5,1,1,1,2,2,15
2024,15-08-0102-45,Baja Verapaz,1501,Público,Rural,Hombre,3,Básico,Maya,Diario,Vespertina,Promovido,No,No,15-08,1,2,1,3,1,1,2,1,2,2,15
2024,15-08-0256-41,Baja Verapaz,1501,Público,Rural,Hombre,6,Preprimaria,Maya,Diario,Matutina,Promovido,No,No,15-08,1,2,1,1,1,1,1,1,2,2,15
2024,19-09-0286-43,Zacapa,1901,Público,Rural,Mujer,5,Primaria,Ladino/Mestizo,Diario,Matutina,Promovido,No,No,19-09,1,2,2,2,5,1,1,1,2,2,19
2024,15-01-0019-43,Baja Verapaz,1501,Público,Urbana,Hombre,2,Primaria,Ladino/Mestizo,Diario,Vespertina,Promovido,No,No,15-01,1,1,1,2,5,1,2,1,2,2,15
2024,15-08-0208-45,Baja Verapaz,1501,Público,Urbana,Mujer,1,Básico,Ladino/Mestizo,Diario,Matutina,Promovido,No,No,15-08,1,1,2,3,5,1,1,1,2,2,15
2024,02-01-0006-43,El Progreso,201,Público,Rural,Mujer,6,Primaria,Ladino/Mestizo,Diario,Matutina,Promovido,No,No,02-01,1,2,2,2,5,1,1,1,2,2,2
2024,02-01-0005-43,El Progreso,201,Público,Urbana,Mujer,1,Primaria,Ladino/Mestizo,Diario,Matutina,Promovido,No,No,02-01,1,1,2,2,5,1,1,1,2,2,2
2024,15-01-0012-43,Baja Verapaz,1501,Público,Rural,Mujer,1,Primaria,Ladino/Mestizo,Diario,Matutina,Promovido,No,No,15-01,1,2,2,2,5,1,1,1,2,2,15
2024,15-04-0216-45,Baja Verapaz,1501,Público,Rural,Hombre,1,Básico,Maya,Diario,Matutina,Promovido,No,No,15-04,1,2,1,3,1,1,1,1,2,2,15
2024,19-03-0599-42,Zacapa,1901,Público,Rural,Mujer,6,Preprimaria,Ladino/Mestizo,Diario,Matutina,Promovido,No,No,19-03,1,2,2,1,5,1,1,1,2,2,19
2024,15-08-0001-43,Baja Verapaz,1501,Público,Rural,Hombre,1,Primaria,Maya,Diario,Matutina,Promovido,No,No,15-08,1,2,1,2,1,1,1,1,2,2,15
2024,19-11-0018-46,Zacapa,1901,Cooperativa,Urbana,Hombre,4,Diversificado,Ladino/Mestizo,Diario,Matutina,Promovido,No,No,19-11,4,1,1,4,5,1,1,1,2,2,19
2024,02-04-0104-42,El Progreso,201,Público,Rural,Hombre,5,Preprimaria,Ladino/Mestizo,Diario,Matutina,Promovido,No,No,02-04,1,2,1,1,5,1,1,1,2,2,2
2024,15-07-0027-45,Baja Verapaz,1501,Público,Rural,Mujer,2,Básico,Ladino/Mestizo,Diario,Vespertina,Promovido,No,No,15-07,1,2,2,3,5,1,2,1,2,2,15
2024,19-09-0279-43,Zacapa,1901,Público,Rural,Mujer,3,Primaria,Ladino/Mestizo,Diario,Matutina,No promovido,No,No,19-09,1,2,2,2,5,1,1,5,2,2,19
2024,15-08-0098-43,Baja Verapaz,1501,Público,Rural,Mujer,1,Primaria,Maya,Diario,Matutina,Promovido,Sí,No,15-08,1,2,2,2,1,1,1,1,1,2,15
2024,19-07-0235-43,Zacapa,1901,Público,Rural,Mujer,1,Primaria,Ladino/Mestizo,Diario,Matutina,No promovido,Sí,No,19-07,1,2,2,2,5,1,1,5,1,2,19
2024,02-01-0026-45,El Progreso,201,Público,Urbana,Mujer,2,Básico,Ladino/Mestizo,Diario,Matutina,Promovido,No,No,02-01,1,1,2,3,5,1,1,1,2,2,2
2024,02-02-0029-42,El Progreso,201,Público,Urbana,Hombre,6,Preprimaria,Ladino/Mestizo,Diario,Matutina,Promovido,No,No,02-02,1,1,1,1,5,1,1,1,2,2,2
2024,19-01-0199-44,Zacapa,1901,Privado,Urbana,Hombre,3,Primaria de adultos,Ladino/Mestizo,Fin de semana,Doble,Promovido,No,No,19-01,2,1,1,5,5,2,4,1,2,2,19
2024,15-03-0073-42,Baja Verapaz,1501,Público,Urbana,Mujer,4,Preprimaria,Maya,Diario,Matutina,Promovido,No,No,15-03,1,1,2,1,1,1,1,1,2,2,15
2024,15-04-1810-45,Baja Verapaz,1501,Privado,Urbana,Mujer,1,Básico,Ladino/Mestizo,Diario,Vespertina,Promovido,No,No,15-04,2,1,2,3,5,1,2,1,2,2,15
2024,19-01-0931-46,Zacapa,1901,Privado,Urbana,Mujer,4,Diversificado,Ladino/Mestizo,Diario,Vespertina,Promovido,No,No,19-01,2,1,2,4,5,1,2,1,2,2,19
2024,19-01-0703-43,Zacapa,1901,Privado,Urbana,Hombre,5,Primaria,Ladino/Mestizo,Diario,Matutina,Promovido,No,No,19-01,2,1,1,2,5,1,1,1,2,2,19
2024,19-01-0930-43,Zacapa,1901,Público,Rural,Mujer,1,Primaria,Ladino/Mestizo,Diario,Matutina,No promovido,No,No,19-01,1,2,2,2,5,1,1,5,2,2,19
2024,19-01-0072-45,Zacapa,1901,Público,Urbana,Hombre,2,Básico,Ladino/Mestizo,Diario,Matutina,Promovido,No,Ignorado,19-01,1,1,1,3,5,1,1,1,2,9,19
2024,02-03-0458-43,El Progreso,201,Público,Rural,Hombre,1,Primaria,Ladino/Mestizo,Diario,Matutina,Promovido,Sí,No,02-03,1,2,1,2,5,1,1,1,1,2,2
2024,15-04-1618-45,Baja Verapaz,1501,Público,Rural,Hombre,3,Básico,Ladino/Mestizo,Diario,Vespertina,Promovido,No,No,15-04,1,2,1,3,5,1,2,1,2,2,15
2024,15-03-0346-43,Baja Verapaz,1501,Público,Rural,Hombre,5,Primaria,Maya,Diario,Matutina,No promovido,No,No,15-03,1,2,1,2,1,1,1,5,2,2,15
2024,15-08-0083-43,Baja Verapaz,1501,Público,Rural,Mujer,2,Primaria,Maya,Diario,Matutina,No promovido,Sí,No,15-08,1,2,2,2,1,1,1,5,1,2,15
2024,15-01-0005-42,Baja Verapaz,1501,Público,Urbana,Hombre,6,Preprimaria,Ladino/Mestizo,Diario,Matutina,Promovido,No,No,15-01,1,1,1,1,5,1,1,1,2,2,15
2024,19-04-0315-42,Zacapa,1901,Privado,Urbana,Mujer,6,Preprimaria,Ladino/Mestizo,Diario,Vespertina,Promovido,No,No,19-04,2,1,2,1,5,1,2,1,2,2,19
2024,02-08-0010-43,El Progreso,201,Público,Rural,Hombre,4,Primaria,Ladino/Mestizo,Diario,Matutina,Promovido,No,No,02-08,1,2,1,2,5,1,1,1,2,2,2
2024,15-04-2123-42,Baja Verapaz,1501,Público,Rural,Hombre,5,Preprimaria,Ladino/Mestizo,Diario,Matutina,Promovido,No,No,15-04,1,2,1,1,5,1,1,1,2,2,15
2024,02-03-0015-43,El Progreso,201,Público,Rural,Hombre,2,Primaria,Ladino/Mestizo,Diario,Matutina,No promovido,No,No,02-03,1,2,1,2,5,1,1,5,2,2,2
2024,19-05-0206-43,Zacapa,1901,Público,Rural,Mujer,4,Primaria,Ladino/Mestizo,Diario,Matutina,Promovido,No,No,19-05,1,2,2,2,5,1,1,1,2,2,19
2024,15-07-0246-43,Baja Verapaz,1501,Público,Rural,Mujer,4,Primaria,Ladino/Mestizo,Diario,Matutina,Promovido,No,No,15-07,1,2,2,2,5,1,1,1,2,2,15
2024,15-01-0086-45,Baja Verapaz,1501,Público,Urbana,Hombre,1,Básico,Maya,Diario,Vespertina,Retirado,No,No,15-01,1,1,1,3,1,1,2,3,2,2,15
2024,02-05-0130-45,El Progreso,201,Público,Urbana,Hombre,2,Básico,Ladino/Mestizo,Diario,Matutina,Promovido,No,No,02-05,1,1,1,3,5,1,1,1,2,2,2
2024,19-01-0160-46,Zacapa,1901,Privado,Urbana,Hombre,5,Diversificado,Ladino/Mestizo,Diario,Matutina,Promovido,No,No,19-01,2,1,1,4,5,1,1,1,2,2,19
2024,02-06-0140-43,El Progreso,201,Público,Rural,Mujer,1,Primaria,Ladino/Mestizo,Diario,Matutina,Promovido,No,No,02-06,1,2,2,2,5,1,1,1,2,2,2
2024,15-01-0048-45,Baja Verapaz,1501,Público,Urbana,Hombre,3,Básico,Maya,Diario,Matutina,Promovido,No,No,15-01,1,1,1,3,1,1,1,1,2,2,15
2024,19-04-0323-43,Zacapa,1901,Privado,Urbana,Hombre,5,Primaria,Ladino/Mestizo,Diario,Vespertina,Promovido,No,No,19-04,2,1,1,2,5,1,2,1,2,2,19
2024,15-01-0050-45,Baja Verapaz,1501,Público,Urbana,Hombre,1,Básico,Ladino/Mestizo,Diario,Matutina,No promovido,No,No,15-01,1,1,1,3,5,1,1,5,2,2,15
2024,19-01-0739-43,Zacapa,1901,Público,Rural,Mujer,2,Primaria,Ladino/Mestizo,Diario,Matutina,Promovido,No,No,19-01,1,2,2,2,5,1,1,1,2,2,19
2024,15-08-0014-42,Baja Verapaz,1501,Público,Rural,Mujer,6,Preprimaria,Maya,Diario,Matutina,Promovido,No,No,15-08,1,2,2,1,1,1,1,1,2,2,15
2024,19-11-0018-46,Zacapa,1901,Cooperativa,Urbana,Mujer,5,Diversificado,Ladino/Mestizo,Diario,Matutina,Promovido,No,No,19-11,4,1,2,4,5,1,1,1,2,2,19
2024,15-01-0103-45,Baja Verapaz,1501,Público,Rural,Hombre,1,Básico,Ladino/Mestizo,Diario,Vespertina,Promovido,No,No,15-01,1,2,1,3,5,1,2,1,2,2,15
2024,15-01-0019-43,Baja Verapaz,1501,Público,Urbana,Hombre,3,Primaria,Maya,Diario,Vespertina,Promovido,No,No,15-01,1,1,1,2,1,1,2,1,2,2,15
2024,15-04-0043-43,Baja Verapaz,1501,Público,Rural,Hombre,1,Primaria,Maya,Diario,Matutina,No promovido,No,No,15-04,1,2,1,2,1,1,1,5,2,2,15
2024,02-07-0633-42,El Progreso,201,Público,Urbana,Hombre,4,Preprimaria,Ladino/Mestizo,Diario,Vespertina,Promovido,No,No,02-07,1,1,1,1,5,1,2,1,2,2,2
2024,19-09-0285-43,Zacapa,1901,Público,Rural,Mujer,1,Primaria,Ladino/Mestizo,Diario,Matutina,No promovido,No,No,19-09,1,2,2,2,5,1,1,5,2,2,19
2024,15-01-0021-43,Baja Verapaz,1501,Público,Rural,Mujer,1,Primaria,Ladino/Mestizo,Diario,Matutina,No promovido,No,No,15-01,1,2,2,2,5,1,1,5,2,2,15
2024,15-01-0059-42,Baja Verapaz,1501,Público,Rural,Hombre,6,Preprimaria,Ladino/Mestizo,Diario,Matutina,Promovido,No,No,15-01,1,2,1,1,5,1,1,1,2,2,15
2024,15-07-0017-45,Baja Verapaz,1501,Público,Rural,Mujer,1,Básico,Ladino/Mestizo,Diario,Vespertina,Retirado,No,No,15-07,1,2,2,3,5,1,2,3,2,2,15
2024,19-10-0602-42,Zacapa,1901,Público,Rural,Mujer,5,Preprimaria,Ladino/Mestizo,Diario,Matutina,Promovido,No,No,19-10,1,2,2,1,5,1,1,1,2,2,19
2024,02-03-0654-43,El Progreso,201,Público,Rural,Mujer,6,Primaria,Ladino/Mestizo,Diario,Matutina,Promovido,No,No,02-03,1,2,2,2,5,1,1,1,2,2,2
2024,19-01-0113-43,Zacapa,1901,Público,Rural,Mujer,1,Primaria,Ladino/Mestizo,Diario,Matutina,Retirado,No,No,19-01,1,2,2,2,5,1,1,3,2,2,19
2024,15-02-0070-43,Baja Verapaz,1501,Público,Urbana,Mujer,2,Primaria,Maya,Diario,Matutina,Promovido,No,No,15-02,1,1,2,2,1,1,1,1,2,2,15
2024,19-04-0593-43,Zacapa,1901,Público,Urbana,Mujer,5,Primaria,Ladino/Mestizo,Diario,Matutina,Promovido,No,No,19-04,1,1,2,2,5,1,1,1,2,2,19
2024,02-01-0028-46,El Progreso,201,Privado,Urbana,Hombre,4,Diversificado,Ladino/Mestizo,Diario,Matutina,Promovido,No,No,02-01,2,1,1,4,5,1,1,1,2,2,2
2024,19-10-0302-43,Zacapa,1901,Público,Rural,Hombre,5,Primaria,Ladino/Mestizo,Diario,Matutina,Promovido,No,No,19-10,1,2,1,2,5,1,1,1,2,2,19
2024,02-01-0704-46,El Progreso,201,Público,Urbana,Mujer,4,Diversificado,Ladino/Mestizo,Diario,Doble,Promovido,No,No,02-01,1,1,2,4,5,1,4,1,2,2,2
2024,15-04-0048-43,Baja Verapaz,1501,Público,Rural,Hombre,3,Primaria,Maya,Diario,Matutina,Promovido,No,No,15-04,1,2,1,2,1,1,1,1,2,2,15
2024,02-04-0107-43,El Progreso,201,Público,Rural,Hombre,6,Primaria,Ladino/Mestizo,Diario,Matutina,Promovido,No,No,02-04,1,2,1,2,5,1,1,1,2,2,2
2024,19-05-0891-42,Zacapa,1901,Público,Rural,Hombre,4,Preprimaria,Ladino/Mestizo,Diario,Matutina,Promovido,No,No,19-05,1,2,1,1,5,1,1,1,2,2,19
2024,02-08-0205-43,El Progreso,201,Público,Urbana,Hombre,3,Primaria,Ladino/Mestizo,Diario,Matutina,Promovido,No,No,02-08,1,1,1,2,5,1,1,1,2,2,2
2024,19-02-1084-43,Zacapa,1901,Privado,Urbana,Hombre,1,Primaria,Ladino/Mestizo,Diario,Matutina,Promovido,No,No,19-02,2,1,1,2,5,1,1,1,2,2,19
2024,19-09-0270-43,Zacapa,1901,Público,Rural,Hombre,2,Primaria,Ladino/Mestizo,Diario,Matutina,Promovido,No,No,19-09,1,2,1,2,5,1,1,1,2,2,19
2024,15-03-0068-45,Baja Verapaz,1501,Público,Rural,Mujer,1,Básico,Maya,Diario,Matutina,Promovido,No,No,15-03,1,2,2,3,1,1,1,1,2,2,15
2024,15-07-2155-45,Baja Verapaz,1501,Público,Rural,Hombre,1,Básico,Ladino/Mestizo,Diario,Vespertina,Promovido,No,No,15-07,1,2,1,3,5,1,2,1,2,2,15
2024,02-05-0687-46,El Progreso,201,Privado,Urbana,Hombre,5,Diversificado,Ladino/Mestizo,Diario,Vespertina,Promovido,No,No,02-05,2,1,1,4,5,1,2,1,2,2,2
2024,02-03-0646-45,El Progreso,201,Público,Rural,Hombre,1,Básico,Ladino/Mestizo,Diario,Doble,Promovido,No,No,02-03,1,2,1,3,5,1,4,1,2,2,2
2024,15-04-0162-43,Baja Verapaz,1501,Público,Rural,Mujer,1,Primaria,Ladino/Mestizo,Diario,Matutina,Promovido,Sí,No,15-04,1,2,2,2,5,1,1,1,1,2,15
2024,15-08-0287-43,Baja Verapaz,1501,Público,Rural,Mujer,2,Primaria,Maya,Diario,Matutina,Promovido,No,No,15-08,1,2,2,2,1,1,1,1,2,2,15
2024,15-02-0069-42,Baja Verapaz,1501,Público,Rural,Hombre,6,Preprimaria,Maya,Diario,Matutina,Promovido,No,No,15-02,1,2,1,1,1,1,1,1,2,2,15
2024,15-08-0200-46,Baja Verapaz,1501,Público,Urbana,Hombre,4,Diversificado,Maya,Diario,Matutina,Promovido,No,No,15-08,1,1,1,4,1,1,1,1,2,2,15
2024,15-08-0049-43,Baja Verapaz,1501,Público,Rural,Hombre,6,Primaria,Maya,Diario,Matutina,Promovido,No,No,15-08,1,2,1,2,1,1,1,1,2,2,15
2024,15-02-0010-43,Baja Verapaz,1501,Público,Rural,Mujer,3,Primaria,Maya,Diario,Matutina,Promovido,No,No,15-02,1,2,2,2,1,1,1,1,2,2,15
2024,19-04-0595-43,Zacapa,1901,Público,Urbana,Hombre,2,Primaria,Ladino/Mestizo,Diario,Matutina,Promovido,No,No,19-04,1,1,1,2,5,1,1,1,2,2,19
2024,15-08-0233-42,Baja Verapaz,1501,Público,Rural,Mujer,5,Preprimaria,Maya,Diario,Matutina,Promovido,No,No,15-08,1,2,2,1,1,1,1,1,2,2,15
2024,19-01-0928-43,Zacapa,1901,Público,Rural,Mujer,3,Primaria,Ladino/Mestizo,Diario,Matutina,No promovido,Sí,No,19-01,1,2,2,2,5,1,1,5,1,2,19
2024,15-08-0067-43,Baja Verapaz,1501,Público,Rural,Hombre,4,Primaria,Maya,Diario,Matutina,No promovido,No,No,15-08,1,2,1,2,1,1,1,5,2,2,15
2024,15-03-1664-41,Baja Verapaz,1501,Público,Rural,Mujer,5,Preprimaria,Maya,Diario,Matutina,Promovido,No,No,15-03,1,2,2,1,1,1,1,1,2,2,15
2024,19-09-1226-42,Zacapa,1901,Público,Rural,Hombre,6,Preprimaria,Ladino/Mestizo,Diario,Matutina,Promovido,No,No,19-09,1,2,1,1,5,1,1,1,2,2,19
2024,19-09-1128-42,Zacapa,1901,Público,Rural,Mujer,6,Preprimaria,Ladino/Mestizo,Diario,Matutina,Promovido,No,No,19-09,1,2,2,1,5,1,1,1,2,2,19
2024,19-01-0703-43,Zacapa,1901,Privado,Urbana,Hombre,2,Primaria,Ladino/Mestizo,Diario,Matutina,Promovido,No,No,19-01,2,1,1,2,5,1,1,1,2,2,19
2024,02-07-0155-42,El Progreso,201,Público,Urbana,Hombre,6,Preprimaria,Ladino/Mestizo,Diario,Matutina,Promovido,No,No,02-07,1,1,1,1,5,1,1,1,2,2,2
2024,19-05-0203-43,Zacapa,1901,Público,Rural,Mujer,3,Primaria,Ladino/Mestizo,Diario,Matutina,Promovido,Sí,No,19-05,1,2,2,2,5,1,1,1,1,2,19
2024,02-07-0198-45,El Progreso,201,Público,Urbana,Hombre,1,Básico,Ladino/Mestizo,Diario,Matutina,Promovido,No,No,02-07,1,1,1,3,5,1,1,1,2,2,2
2024,19-01-0160-46,Zacapa,1901,Privado,Urbana,Hombre,5,Diversificado,Ladino/Mestizo,Diario,Matutina,Promovido,No,Sí,19-01,2,1,1,4,5,1,1,1,2,1,19
2024,19-10-0299-43,Zacapa,1901,Público,Rural,Mujer,2,Primaria,Ladino/Mestizo,Diario,Matutina,No promovido,Sí,No,19-10,1,2,2,2,5,1,1,5,1,2,19
2024,15-02-0087-43,Baja Verapaz,1501,Público,Rural,Mujer,2,Primaria,Maya,Diario,Matutina,Promovido,No,No,15-02,1,2,2,2,1,1,1,1,2,2,15
2024,15-01-0117-43,Baja Verapaz,1501,Público,Rural,Hombre,2,Primaria,Ladino/Mestizo,Diario,Matutina,Promovido,No,No,15-01,1,2,1,2,5,1,1,1,2,2,15
2024,19-04-0072-43,Zacapa,1901,Público,Rural,Hombre,1,Primaria,Ladino/Mestizo,Diario,Matutina,Promovido,Sí,No,19-04,1,2,1,2,5,1,1,1,1,2,19
2024,02-03-0071-43,El Progreso,201,Público,Rural,Hombre,5,Primaria,Ladino/Mestizo,Diario,Matutina,Promovido,No,No,02-03,1,2,1,2,5,1,1,1,2,2,2
2024,19-07-0004-46,Zacapa,1901,Público,Urbana,Hombre,4,Diversificado,Ladino/Mestizo,Diario,Vespertina,Promovido,No,No,19-07,1,1,1,4,5,1,2,1,2,2,19
2024,15-08-0012-42,Baja Verapaz,1501,Público,Rural,Mujer,5,Preprimaria,Maya,Diario,Matutina,Promovido,No,No,15-08,1,2,2,1,1,1,1,1,2,2,15
2024,02-03-0785-43,El Progreso,201,Público,Rural,Mujer,4,Primaria,Ladino/Mestizo,Diario,Matutina,Promovido,No,No,02-03,1,2,2,2,5,1,1,1,2,2,2
2024,19-09-0008-46,Zacapa,1901,Público,Urbana,Hombre,5,Diversificado,Ladino/Mestizo,Diario,Vespertina,Promovido,No,Sí,19-09,1,1,1,4,5,1,2,1,2,1,19
2024,15-01-0310-43,Baja Verapaz,1501,Público,Rural,Hombre,2,Primaria,Ladino/Mestizo,Diario,Matutina,Promovido,No,No,15-01,1,2,1,2,5,1,1,1,2,2,15
2024,02-07-0188-42,El Progreso,201,Público,Rural,Hombre,6,Preprimaria,Ladino/Mestizo,Diario,Matutina,Promovido,No,No,02-07,1,2,1,1,5,1,1,1,2,2,2
2024,15-08-0145-45,Baja Verapaz,1501,Público,Rural,Hombre,2,Básico,Maya,Diario,Vespertina,Promovido,No,No,15-08,1,2,1,3,1,1,2,1,2,2,15
2024,19-11-0018-46,Zacapa,1901,Cooperativa,Urbana,Hombre,5,Diversificado,Ladino/Mestizo,Diario,Matutina,Promovido,No,No,19-11,4,1,1,4,5,1,1,1,2,2,19
2024,19-05-0202-43,Zacapa,1901,Público,Rural,Mujer,5,Primaria,Ladino/Mestizo,Diario,Matutina,Promovido,No,No,19-05,1,2,2,2,5,1,1,1,2,2,19
2024,02-05-0020-45,El Progreso,201,Privado,Urbana,Mujer,1,Básico,Ladino/Mestizo,Semipresencial,Ignorado,No promovido,No,No,02-05,2,1,2,3,5,4,9,5,2,2,2
2024,15-03-2075-42,Baja Verapaz,1501,Público,Urbana,Mujer,3,Preprimaria,Ladino/Mestizo,Diario,Matutina,Promovido,No,No,15-03,1,1,2,1,5,1,1,1,2,2,15
2024,15-03-0067-42,Baja Verapaz,1501,Público,Rural,Hombre,0,Preprimaria,Ladino/Mestizo,Diario,Matutina,Promovido,No,No,15-03,1,2,1,1,5,1,1,1,2,2,15
2024,15-04-0169-43,Baja Verapaz,1501,Público,Rural,Mujer,1,Primaria,Maya,Diario,Matutina,Promovido,No,No,15-04,1,2,2,2,1,1,1,1,2,2,15
2024,02-07-0755-46,El Progreso,201,Privado,Urbana,Mujer,4,Diversificado,Ladino/Mestizo,Diario,Matutina,Promovido,No,No,02-07,2,1,2,4,5,1,1,1,2,2,2
2024,15-03-0113-43,Baja Verapaz,1501,Público,Rural,Mujer,5,Primaria,Maya,Diario,Matutina,Promovido,No,No,15-03,1,2,2,2,1,1,1,1,2,2,15
2024,02-03-0114-45,El Progreso,201,Público,Rural,Mujer,2,Básico,Ladino/Mestizo,Diario,Matutina,Retirado,No,No,02-03,1,2,2,3,5,1,1,3,2,2,2
2024,15-02-0068-42,Baja Verapaz,1501,Público,Urbana,Mujer,6,Preprimaria,Maya,Diario,Matutina,Promovido,No,No,15-02,1,1,2,1,1,1,1,1,2,2,15
2024,15-04-0146-43,Baja Verapaz,1501,Público,Rural,Hombre,5,Primaria,Maya,Diario,Matutina,Promovido,No,No,15-04,1,2,1,2,1,1,1,1,2,2,15
2024,02-05-0687-46,El Progreso,201,Privado,Urbana,Hombre,5,Diversificado,Ladino/Mestizo,Diario,Vespertina,Promovido,No,No,02-05,2,1,1,4,5,1,2,1,2,2,2
2024,19-03-0004-46,Zacapa,1901,Cooperativa,Urbana,Mujer,6,Diversificado,Ladino/Mestizo,Diario,Vespertina,Promovido,No,Sí,19-03,4,1,2,4,5,1,2,1,2,1,19
2024,02-07-0678-46,El Progreso,201,Privado,Urbana,Mujer,4,Diversificado,Ladino/Mestizo,Diario,Vespertina,Promovido,No,No,02-07,2,1,2,4,5,1,2,1,2,2,2
2024,19-10-0013-46,Zacapa,1901,Público,Urbana,Hombre,4,Diversificado,Ladino/Mestizo,Diario,Nocturna,Retirado,No,No,19-10,1,1,1,4,5,1,3,3,2,2,19
2024,19-09-0275-43,Zacapa,1901,Público,Rural,Hombre,1,Primaria,Ladino/Mestizo,Diario,Matutina,No promovido,Sí,No,19-09,1,2,1,2,5,1,1,5,1,2,19
2024,19-04-0044-45,Zacapa,1901,Público,Rural,Hombre,1,Básico,Ladino/Mestizo,Diario,Vespertina,Promovido,No,No,19-04,1,2,1,3,5,1,2,1,2,2,19
2024,19-06-0220-43,Zacapa,1901,Público,Rural,Hombre,6,Primaria,Ladino/Mestizo,Diario,Matutina,Retirado,No,No,19-06,1,2,1,2,5,1,1,3,2,2,19
2024,19-05-0203-43,Zacapa,1901,Público,Rural,Hombre,2,Primaria,Ladino/Mestizo,Diario,Matutina,Promovido,Sí,No,19-05,1,2,1,2,5,1,1,1,1,2,19
2024,02-04-0675-43,El Progreso,201,Público,Rural,Mujer,3,Primaria,Ladino/Mestizo,Diario,Matutina,Promovido,No,No,02-04,1,2,2,2,5,1,1,1,2,2,2
2024,02-01-0412-42,El Progreso,201,Público,Rural,Hombre,1,Preprimaria,Ladino/Mestizo,Diario,Matutina,Promovido,No,No,02-01,1,2,1,1,5,1,1,1,2,2,2
2024,02-07-0007-45,El Progreso,201,Público,Rural,Hombre,2,Básico,Ladino/Mestizo,Diario,Matutina,Promovido,No,No,02-07,1,2,1,3,5,1,1,1,2,2,2
2024,15-01-0018-43,Baja Verapaz,1501,Público,Urbana,Hombre,2,Primaria,Ladino/Mestizo,Diario,Matutina,Promovido,No,No,15-01,1,1,1,2,5,1,1,1,2,2,15
2024,19-05-0206-43,Zacapa,1901,Público,Rural,Hombre,6,Primaria,Ladino/Mestizo,Diario,Matutina,Promovido,No,No,19-05,1,2,1,2,5,1,1,1,2,2,19
2024,19-07-0244-45,Zacapa,1901,Público,Urbana,Mujer,2,Básico,Ladino/Mestizo,Diario,Matutina,Promovido,No,No,19-07,1,1,2,3,5,1,1,1,2,2,19
2024,15-04-0325-43,Baja Verapaz,1501,Público,Rural,Hombre,1,Primaria,Maya,Diario,Matutina,Retirado,No,No,15-04,1,2,1,2,1,1,1,3,2,2,15
2024,02-03-0153-42,El Progreso,201,Público,Rural,Hombre,6,Preprimaria,Ladino/Mestizo,Diario,Matutina,Promovido,No,No,02-03,1,2,1,1,5,1,1,1,2,2,2
2024,19-09-0262-43,Zacapa,1901,Público,Urbana,Hombre,6,Primaria,Ladino/Mestizo,Diario,Matutina,Promovido,No,No,19-09,1,1,1,2,5,1,1,1,2,2,19
2024,15-07-1807-42,Baja Verapaz,1501,Público,Rural,Mujer,4,Preprimaria,Ladino/Mestizo,Diario,Matutina,Promovido,No,No,15-07,1,2,2,1,5,1,1,1,2,2,15
2024,15-01-0009-43,Baja Verapaz,1501,Privado,Urbana,Mujer,6,Primaria,Ladino/Mestizo,Diario,Matutina,Promovido,No,No,15-01,2,1,2,2,5,1,1,1,2,2,15
2024,19-01-0729-45,Zacapa,1901,Público,Rural,Hombre,3,Básico,Ladino/Mestizo,Diario,Vespertina,Promovido,No,No,19-01,1,2,1,3,5,1,2,1,2,2,19
2024,19-05-0022-42,Zacapa,1901,Privado,Urbana,Hombre,6,Preprimaria,Ladino/Mestizo,Diario,Matutina,Promovido,No,No,19-05,2,1,1,1,5,1,1,1,2,2,19
2024,15-04-0166-43,Baja Verapaz,1501,Público,Rural,Hombre,3,Primaria,Maya,Diario,Matutina,Promovido,Sí,No,15-04,1,2,1,2,1,1,1,1,1,2,15
2024,15-01-2030-43,Baja Verapaz,1501,Público,Rural,Hombre,2,Primaria,Ladino/Mestizo,Diario,Matutina,Promovido,No,No,15-01,1,2,1,2,5,1,1,1,2,2,15
2024,19-01-0073-45,Zacapa,1901,Público,Urbana,Mujer,1,Básico,Ladino/Mestizo,Diario,Nocturna,Promovido,No,No,19-01,1,1,2,3,5,1,3,1,2,2,19
2024,15-08-0018-42,Baja Verapaz,1501,Público,Rural,Hombre,5,Preprimaria,Maya,Diario,Matutina,Promovido,No,No,15-08,1,2,1,1,1,1,1,1,2,2,15
2024,15-02-0145-45,Baja Verapaz,1501,Público,Rural,Mujer,1,Básico,Maya,Diario,Matutina,Vigente,No,No,15-02,1,2,2,3,1,1,1,2,2,2,15
2024,19-03-0597-43,Zacapa,1901,Público,Rural,Hombre,1,Primaria,Ladino/Mestizo,Diario,Matutina,Promovido,No,No,19-03,1,2,1,2,5,1,1,1,2,2,19
2024,15-04-0164-43,Baja Verapaz,1501,Público,Rural,Hombre,5,Primaria,Ladino/Mestizo,Diario,Matutina,Promovido,No,No,15-04,1,2,1,2,5,1,1,1,2,2,15
2024,15-01-1193-42,Baja Verapaz,1501,Público,Rural,Hombre,6,Preprimaria,Ladino/Mestizo,Diario,Matutina,Promovido,No,No,15-01,1,2,1,1,5,1,1,1,2,2,15
2024,15-02-0143-45,Baja Verapaz,1501,Público,Rural,Mujer,1,Básico,Maya,Diario,Matutina,Vigente,No,No,15-02,1,2,2,3,1,1,1,2,2,2,15
2024,19-05-1108-42,Zacapa,1901,Público,Urbana,Mujer,5,Preprimaria,Ladino/Mestizo,Diario,Doble,Retirado,No,No,19-05,1,1,2,1,5,1,4,3,2,2,19
2024,15-08-0048-43,Baja Verapaz,1501,Público,Rural,Mujer,3,Primaria,Maya,Diario,Matutina,Promovido,No,No,15-08,1,2,2,2,1,1,1,1,2,2,15
2024,19-05-0213-45,Zacapa,1901,Público,Urbana,Mujer,1,Básico,Ladino/Mestizo,Diario,Matutina,Promovido,No,Ignorado,19-05,1,1,2,3,5,1,1,1,2,9,19
2024,15-08-0076-43,Baja Verapaz,1501,Público,Rural,Hombre,3,Primaria,Ladino/Mestizo,Diario,Matutina,Retirado,No,No,15-08,1,2,1,2,5,1,1,3,2,2,15
2024,15-08-0066-43,Baja Verapaz,1501,Público,Rural,Hombre,1,Primaria,Maya,Diario,Matutina,Promovido,No,No,15-08,1,2,1,2,1,1,1,1,2,2,15
2024,02-08-0205-43,El Progreso,201,Público,Urbana,Hombre,3,Primaria,Ladino/Mestizo,Diario,Matutina,Promovido,No,No,02-08,1,1,1,2,5,1,1,1,2,2,2
2024,15-07-1476-43,Baja Verapaz,1501,Público,Urbana,Mujer,5,Primaria,Ladino/Mestizo,Diario,Matutina,Promovido,No,No,15-07,1,1,2,2,5,1,1,1,2,2,15
2024,19-01-0332-46,Zacapa,1901,Privado,Urbana,Hombre,5,Diversificado,Ladino/Mestizo,Diario,Doble,Promovido,No,No,19-01,2,1,1,4,5,1,4,1,2,2,19
2024,15-01-0048-45,Baja Verapaz,1501,Público,Urbana,Hombre,2,Básico,Maya,Diario,Matutina,Promovido,No,No,15-01,1,1,1,3,1,1,1,1,2,2,15
2024,19-10-0303-45,Zacapa,1901,Público,Urbana,Mujer,3,Básico,Ladino/Mestizo,Diario,Matutina,Promovido,No,No,19-10,1,1,2,3,5,1,1,1,2,2,19
2024,02-05-0006-42,El Progreso,201,Público,Rural,Hombre,5,Preprimaria,Ladino/Mestizo,Diario,Matutina,Promovido,No,No,02-05,1,2,1,1,5,1,1,1,2,2,2
2024,15-04-0083-42,Baja Verapaz,1501,Público,Rural,Mujer,5,Preprimaria,Ladino/Mestizo,Diario,Matutina,Promovido,No,No,15-04,1,2,2,1,5,1,1,1,2,2,15
2024,15-03-0116-43,Baja Verapaz,1501,Público,Rural,Mujer,2,Primaria,Ladino/Mestizo,Diario,Matutina,Promovido,No,No,15-03,1,2,2,2,5,1,1,1,2,2,15
2024,15-03-1853-45,Baja Verapaz,1501,Público,Rural,Mujer,2,Básico,Maya,Diario,Vespertina,Promovido,No,No,15-03,1,2,2,3,1,1,2,1,2,2,15
2024,15-04-0177-43,Baja Verapaz,1501,Público,Rural,Hombre,1,Primaria,Maya,Diario,Matutina,Promovido,No,No,15-04,1,2,1,2,1,1,1,1,2,2,15
2024,15-02-0094-46,Baja Verapaz,1501,Público,Rural,Hombre,5,Diversificado,Maya,Diario,Matutina,Promovido,No,Sí,15-02,1,2,1,4,1,1,1,1,2,1,15
2024,19-07-0232-43,Zacapa,1901,Público,Rural,Hombre,5,Primaria,Ladino/Mestizo,Diario,Matutina,Promovido,No,No,19-07,1,2,1,2,5,1,1,1,2,2,19
2024,02-07-0536-46,El Progreso,201,Cooperativa,Urbana,Mujer,5,Diversificado,Ladino/Mestizo,Diario,Vespertina,Promovido,No,Ignorado,02-07,4,1,2,4,5,1,2,1,2,9,2
2024,15-08-0226-45,Baja Verapaz,1501,Público,Rural,Mujer,2,Básico,Maya,Diario,Vespertina,Promovido,No,No,15-08,1,2,2,3,1,1,2,1,2,2,15
2024,15-04-0030-42,Baja Verapaz,1501,Público,Rural,Mujer,6,Preprimaria,Ladino/Mestizo,Diario,Matutina,Promovido,No,No,15-04,1,2,2,1,5,1,1,1,2,2,15
2024,15-03-1267-41,Baja Verapaz,1501,Privado,Rural,Mujer,4,Preprimaria,Ladino/Mestizo,Diario,Matutina,Promovido,No,No,15-03,2,2,2,1,5,1,1,1,2,2,15
2024,15-04-0162-43,Baja Verapaz,1501,Público,Rural,Mujer,5,Primaria,Maya,Diario,Matutina,Promovido,No,No,15-04,1,2,2,2,1,1,1,1,2,2,15
2024,19-10-0004-42,Zacapa,1901,Público,Rural,Mujer,6,Preprimaria,Ladino/Mestizo,Diario,Matutina,Promovido,No,No,19-10,1,2,2,1,5,1,1,1,2,2,19
2024,19-11-0010-43,Zacapa,1901,Público,Urbana,Mujer,5,Primaria,Ladino/Mestizo,Diario,Matutina,Promovido,No,No,19-11,1,1,2,2,5,1,1,1,2,2,19
2024,02-06-0147-43,El Progreso,201,Público,Rural,Hombre,5,Primaria,Ladino/Mestizo,Diario,Matutina,Promovido,No,No,02-06,1,2,1,2,5,1,1,1,2,2,2
2024,19-03-0838-42,Zacapa,1901,Público,Rural,Hombre,6,Preprimaria,Ladino/Mestizo,Diario,Matutina,Promovido,No,No,19-03,1,2,1,1,5,1,1,1,2,2,19
2024,02-07-0459-42,El Progreso,201,Público,Rural,Mujer,5,Preprimaria,Ladino/Mestizo,Diario,Matutina,Promovido,No,No,02-07,1,2,2,1,5,1,1,1,2,2,2
2024,02-01-0066-46,El Progreso,201,Privado,Urbana,Mujer,5,Diversificado,Ladino/Mestizo,Diario,Matutina,Promovido,No,No,02-01,2,1,2,4,5,1,1,1,2,2,2
2024,15-04-0143-43,Baja Verapaz,1501,Público,Rural,Mujer,3,Primaria,Maya,Diario,Matutina,Promovido,No,No,15-04,1,2,2,2,1,1,1,1,2,2,15
2024,15-08-0039-43,Baja Verapaz,1501,Público,Rural,Hombre,5,Primaria,Maya,Diario,Matutina,Promovido,No,No,15-08,1,2,1,2,1,1,1,1,2,2,15
2024,19-01-0117-45,Zacapa,1901,Público,Urbana,Mujer,2,Básico,Ladino/Mestizo,Diario,Matutina,Promovido,No,No,19-01,1,1,2,3,5,1,1,1,2,2,19
2024,02-05-0128-43,El Progreso,201,Público,Rural,Mujer,3,Primaria,Ladino/Mestizo,Diario,Matutina,Promovido,No,No,02-05,1,2,2,2,5,1,1,1,2,2,2
2024,19-09-1221-43,Zacapa,1901,Público,Rural,Hombre,1,Primaria,Ladino/Mestizo,Diario,Matutina,No promovido,Sí,No,19-09,1,2,1,2,5,1,1,5,1,2,19
2024,15-04-0182-43,Baja Verapaz,1501,Público,Rural,Mujer,1,Primaria,Maya,Diario,Matutina,Promovido,No,No,15-04,1,2,2,2,1,1,1,1,2,2,15
2024,15-01-1274-46,Baja Verapaz,1501,Público,Urbana,Hombre,5,Diversificado,Ladino/Mestizo,Diario,Vespertina,Promovido,No,No,15-01,1,1,1,4,5,1,2,1,2,2,15
2024,15-02-0029-42,Baja Verapaz,1501,Público,Rural,Mujer,2,Preprimaria,Maya,Diario,Matutina,Promovido,No,No,15-02,1,2,2,1,1,1,1,1,2,2,15
2024,15-04-0187-45,Baja Verapaz,1501,Cooperativa,Urbana,Mujer,1,Básico,Ladino/Mestizo,Diario,Vespertina,Promovido,No,No,15-04,4,1,2,3,5,1,2,1,2,2,15
2024,15-01-1274-46,Baja Verapaz,1501,Público,Urbana,Mujer,4,Diversificado,Ladino/Mestizo,Diario,Vespertina,Promovido,No,No,15-01,1,1,2,4,5,1,2,1,2,2,15
2024,15-08-0191-42,Baja Verapaz,1501,Privado,Rural,Mujer,6,Preprimaria,Maya,Diario,Matutina,Promovido,No,No,15-08,2,2,2,1,1,1,1,1,2,2,15
2024,02-05-0119-43,El Progreso,201,Público,Rural,Hombre,6,Primaria,Ladino/Mestizo,Diario,Matutina,Promovido,No,No,02-05,1,2,1,2,5,1,1,1,2,2,2
2024,19-05-0211-43,Zacapa,1901,Privado,Urbana,Mujer,3,Primaria,Ladino/Mestizo,Diario,Matutina,Promovido,No,No,19-05,2,1,2,2,5,1,1,1,2,2,19
2024,15-08-0357-43,Baja Verapaz,1501,Público,Rural,Hombre,3,Primaria,Ladino/Mestizo,Diario,Matutina,Promovido,No,No,15-08,1,2,1,2,5,1,1,1,2,2,15
2024,19-07-0228-43,Zacapa,1901,Público,Urbana,Hombre,3,Primaria,Ladino/Mestizo,Diario,Matutina,Promovido,No,No,19-07,1,1,1,2,5,1,1,1,2,2,19
2024,02-06-0147-43,El Progreso,201,Público,Rural,Mujer,1,Primaria,Ladino/Mestizo,Diario,Matutina,Promovido,Sí,No,02-06,1,2,2,2,5,1,1,1,1,2,2
2024,19-03-0116-43,Zacapa,1901,Público,Rural,Hombre,3,Primaria,Ladino/Mestizo,Diario,Matutina,Promovido,No,No,19-03,1,2,1,2,5,1,1,1,2,2,19
2024,19-04-0052-46,Zacapa,1901,Privado,Urbana,Hombre,4,Diversificado,Ladino/Mestizo,Diario,Matutina,Promovido,No,No,19-04,2,1,1,4,5,1,1,1,2,2,19
2024,02-01-0015-43,El Progreso,201,Público,Rural,Mujer,4,Primaria,Ladino/Mestizo,Diario,Matutina,Promovido,No,No,02-01,1,2,2,2,5,1,1,1,2,2,2
2024,15-08-1251-43,Baja Verapaz,1501,Público,Rural,Hombre,1,Primaria,Maya,Diario,Matutina,Promovido,No,No,15-08,1,2,1,2,1,1,1,1,2,2,15
2024,19-07-0680-42,Zacapa,1901,Público,Rural,Hombre,5,Preprimaria,Ladino/Mestizo,Diario,Matutina,Promovido,No,No,19-07,1,2,1,1,5,1,1,1,2,2,19
2024,15-04-0184-43,Baja Verapaz,1501,Público,Rural,Hombre,2,Primaria,Maya,Diario,Matutina,Promovido,No,No,15-04,1,2,1,2,1,1,1,1,2,2,15
2024,19-02-0092-43,Zacapa,1901,Público,Rural,Mujer,2,Primaria,Ladino/Mestizo,Diario,Matutina,Promovido,No,No,19-02,1,2,2,2,5,1,1,1,2,2,19
2024,19-05-0013-43,Zacapa,1901,Público,Rural,Hombre,1,Primaria,Maya,Diario,Matutina,Retirado,No,No,19-05,1,2,1,2,1,1,1,3,2,2,19
2024,19-05-0681-42,Zacapa,1901,Público,Rural,Mujer,6,Preprimaria,Ladino/Mestizo,Diario,Matutina,Retirado,No,No,19-05,1,2,2,1,5,1,1,3,2,2,19
2024,19-04-0024-43,Zacapa,1901,Público,Rural,Hombre,1,Primaria,Ladino/Mestizo,Diario,Matutina,Promovido,No,No,19-04,1,2,1,2,5,1,1,1,2,2,19
2024,15-07-0014-43,Baja Verapaz,1501,Público,Rural,Mujer,2,Primaria,Ladino/Mestizo,Diario,Matutina,Promovido,No,No,15-07,1,2,2,2,5,1,1,1,2,2,15
2024,19-03-1086-42,Zacapa,1901,Público,Rural,Hombre,4,Preprimaria,Ladino/Mestizo,Diario,Matutina,Promovido,No,No,19-03,1,2,1,1,5,1,1,1,2,2,19
2024,19-02-0095-45,Zacapa,1901,Público,Urbana,Mujer,2,Básico,Ladino/Mestizo,Diario,Matutina,Promovido,No,No,19-02,1,1,2,3,5,1,1,1,2,2,19
2024,19-03-0097-43,Zacapa,1901,Público,Urbana,Hombre,2,Primaria,Ladino/Mestizo,Diario,Matutina,Promovido,No,No,19-03,1,1,1,2,5,1,1,1,2,2,19
2024,15-01-0310-43,Baja Verapaz,1501,Público,Rural,Mujer,1,Primaria,Ladino/Mestizo,Diario,Matutina,No promovido,No,No,15-01,1,2,2,2,5,1,1,5,2,2,15
2024,19-10-0302-43,Zacapa,1901,Público,Rural,Hombre,4,Primaria,Ladino/Mestizo,Diario,Matutina,Promovido,No,No,19-10,1,2,1,2,5,1,1,1,2,2,19
2024,19-04-1047-43,Zacapa,1901,Público,Rural,Mujer,3,Primaria,Ladino/Mestizo,Diario,Matutina,Promovido,Sí,No,19-04,1,2,2,2,5,1,1,1,1,2,19
2024,15-08-0204-45,Baja Verapaz,1501,Público,Rural,Mujer,3,Básico,Maya,Diario,Vespertina,Promovido,No,No,15-08,1,2,2,3,1,1,2,1,2,2,15
2024,19-09-1199-42,Zacapa,1901,Público,Rural,Hombre,6,Preprimaria,Ladino/Mestizo,Diario,Matutina,Promovido,No,No,19-09,1,2,1,1,5,1,1,1,2,2,19
2024,02-03-0054-46,El Progreso,201,Privado,Urbana,Mujer,4,Diversificado,Ladino/Mestizo,Fin de semana,Doble,No promovido,No,No,02-03,2,1,2,4,5,2,4,5,2,2,2
2024,15-08-0357-43,Baja Verapaz,1501,Público,Rural,Hombre,5,Primaria,Maya,Diario,Matutina,No promovido,No,No,15-08,1,2,1,2,1,1,1,5,2,2,15
2024,02-03-0786-43,El Progreso,201,Público,Rural,Mujer,2,Primaria,Ladino/Mestizo,Diario,Matutina,Promovido,No,No,02-03,1,2,2,2,5,1,1,1,2,2,2
2024,15-08-0066-43,Baja Verapaz,1501,Público,Rural,Hombre,6,Primaria,Maya,Diario,Matutina,Promovido,No,No,15-08,1,2,1,2,1,1,1,1,2,2,15
2024,19-07-0229-43,Zacapa,1901,Público,Rural,Mujer,3,Primaria,Ladino/Mestizo,Diario,Matutina,Promovido,No,No,19-07,1,2,2,2,5,1,1,1,2,2,19
2024,02-07-0163-43,El Progreso,201,Público,Rural,Mujer,1,Primaria,Ladino/Mestizo,Diario,Matutina,Promovido,No,No,02-07,1,2,2,2,5,1,1,1,2,2,2
2024,15-01-0050-45,Baja Verapaz,1501,Público,Urbana,Mujer,1,Básico,Ladino/Mestizo,Diario,Matutina,No promovido,No,Ignorado,15-01,1,1,2,3,5,1,1,5,2,9,15
2024,02-01-0015-43,El Progreso,201,Público,Rural,Hombre,4,Primaria,Ladino/Mestizo,Diario,Matutina,Promovido,No,No,02-01,1,2,1,2,5,1,1,1,2,2,2
2024,15-04-0055-43,Baja Verapaz,1501,Público,Rural,Mujer,4,Primaria,Maya,Diario,Matutina,Promovido,No,No,15-04,1,2,2,2,1,1,1,1,2,2,15
2024,02-07-0177-43,El Progreso,201,Público,Rural,Hombre,1,Primaria,Ladino/Mestizo,Diario,Matutina,Promovido,No,No,02-07,1,2,1,2,5,1,1,1,2,2,2
2024,15-01-0101-45,Baja Verapaz,1501,Privado,Urbana,Mujer,3,Básico,Maya,Diario,Matutina,Promovido,No,No,15-01,2,1,2,3,1,1,1,1,2,2,15
2024,15-01-0310-43,Baja Verapaz,1501,Público,Rural,Mujer,4,Primaria,Ladino/Mestizo,Diario,Matutina,Promovido,No,No,15-01,1,2,2,2,5,1,1,1,2,2,15
2024,02-02-0041-43,El Progreso,201,Público,Rural,Hombre,1,Primaria,Ladino/Mestizo,Diario,Matutina,Promovido,No,No,02-02,1,2,1,2,5,1,1,1,2,2,2
2024,02-03-0106-43,El Progreso,201,Privado,Rural,Hombre,1,Primaria,Ladino/Mestizo,Diario,Matutina,Retirado,No,No,02-03,2,2,1,2,5,1,1,3,2,2,2
2024,02-03-0821-45,El Progreso,201,Público,Rural,Mujer,1,Básico,Ladino/Mestizo,Diario,Matutina,Promovido,No,No,02-03,1,2,2,3,5,1,1,1,2,2,2
2024,02-01-0009-42,El Progreso,201,Público,Rural,Hombre,6,Preprimaria,Ladino/Mestizo,Diario,Matutina,Promovido,No,No,02-01,1,2,1,1,5,1,1,1,2,2,2
2024,19-01-0072-45,Zacapa,1901,Público,Urbana,Mujer,3,Básico,Ladino/Mestizo,Diario,Matutina,Promovido,No,No,19-01,1,1,2,3,5,1,1,1,2,2,19
2024,19-01-0333-42,Zacapa,1901,Público,Rural,Hombre,6,Preprimaria,Ladino/Mestizo,Diario,Matutina,Promovido,No,No,19-01,1,2,1,1,5,1,1,1,2,2,19
2024,02-07-0172-43,El Progreso,201,Público,Rural,Hombre,1,Primaria,Ladino/Mestizo,Diario,Matutina,Promovido,No,No,02-07,1,2,1,2,5,1,1,1,2,2,2
2024,15-08-0023-42,Baja Verapaz,1501,Público,Rural,Hombre,6,Preprimaria,Maya,Diario,Matutina,Promovido,No,No,15-08,1,2,1,1,1,1,1,1,2,2,15
2024,15-07-1702-42,Baja Verapaz,1501,Público,Rural,Mujer,5,Preprimaria,Ladino/Mestizo,Diario,Matutina,Retirado,No,No,15-07,1,2,2,1,5,1,1,3,2,2,15
2024,15-07-0240-43,Baja Verapaz,1501,Público,Rural,Mujer,1,Primaria,Ladino/Mestizo,Diario,Matutina,Promovido,No,No,15-07,1,2,2,2,5,1,1,1,2,2,15
2024,19-09-0264-43,Zacapa,1901,Público,Rural,Hombre,5,Primaria,Ladino/Mestizo,Diario,Matutina,Promovido,No,No,19-09,1,2,1,2,5,1,1,1,2,2,19
2024,02-04-0107-43,El Progreso,201,Público,Rural,Hombre,6,Primaria,Ladino/Mestizo,Diario,Matutina,Promovido,No,No,02-04,1,2,1,2,5,1,1,1,2,2,2
2024,15-01-0069-43,Baja Verapaz,1501,Público,Rural,Mujer,6,Primaria,Maya,Diario,Matutina,Promovido,No,No,15-01,1,2,2,2,1,1,1,1,2,2,15
2024,02-02-0030-43,El Progreso,201,Público,Urbana,Mujer,2,Primaria,Ladino/Mestizo,Diario,Matutina,Promovido,No,No,02-02,1,1,2,2,5,1,1,1,2,2,2
2024,15-08-0212-43,Baja Verapaz,1501,Público,Rural,Hombre,1,Primaria,Maya,Diario,Matutina,Promovido,No,No,15-08,1,2,1,2,1,1,1,1,2,2,15
2024,19-10-0004-42,Zacapa,1901,Público,Rural,Hombre,6,Preprimaria,Ladino/Mestizo,Diario,Matutina,Promovido,No,No,19-10,1,2,1,1,5,1,1,1,2,2,19
2024,15-08-0041-43,Baja Verapaz,1501,Público,Rural,Hombre,6,Primaria,Maya,Diario,Matutina,Promovido,No,No,15-08,1,2,1,2,1,1,1,1,2,2,15
2024,15-04-0046-43,Baja Verapaz,1501,Público,Rural,Hombre,4,Primaria,Maya,Diario,Matutina,Promovido,Sí,No,15-04,1,2,1,2,1,1,1,1,1,2,15
2024,02-07-0160-43,El Progreso,201,Público,Urbana,Mujer,5,Primaria,Ladino/Mestizo,Diario,Matutina,Promovido,No,No,02-07,1,1,2,2,5,1,1,1,2,2,2
2024,15-01-0073-43,Baja Verapaz,1501,Público,Rural,Hombre,1,Primaria,Ladino/Mestizo,Diario,Matutina,No promovido,No,No,15-01,1,2,1,2,5,1,1,5,2,2,15
2024,15-01-0060-43,Baja Verapaz,1501,Público,Rural,Hombre,4,Primaria,Ladino/Mestizo,Diario,Matutina,Promovido,No,No,15-01,1,2,1,2,5,1,1,1,2,2,15
2024,15-01-0012-43,Baja Verapaz,1501,Público,Rural,Hombre,3,Primaria,Ladino/Mestizo,Diario,Matutina,Promovido,No,No,15-01,1,2,1,2,5,1,1,1,2,2,15
2024,19-11-0003-42,Zacapa,1901,Público,Urbana,Mujer,5,Preprimaria,Ladino/Mestizo,Diario,Matutina,Promovido,No,No,19-11,1,1,2,1,5,1,1,1,2,2,19
2024,19-04-0063-45,Zacapa,1901,Privado,Urbana,Mujer,1,Básico,Ladino/Mestizo,Diario,Vespertina,Promovido,No,No,19-04,2,1,2,3,5,1,2,1,2,2,19
2024,02-03-0578-42,El Progreso,201,Público,Rural,Mujer,5,Preprimaria,Ladino/Mestizo,Diario,Matutina,Promovido,No,No,02-03,1,2,2,1,5,1,1,1,2,2,2
2024,15-04-1214-43,Baja Verapaz,1501,Público,Rural,Hombre,4,Primaria,Maya,Diario,Matutina,Promovido,Sí,No,15-04,1,2,1,2,1,1,1,1,1,2,15
2024,19-04-0175-43,Zacapa,1901,Público,Rural,Hombre,5,Primaria,Ladino/Mestizo,Diario,Matutina,No promovido,No,No,19-04,1,2,1,2,5,1,1,5,2,2,19
2024,02-01-0610-42,El Progreso,201,Público,Rural,Mujer,4,Preprimaria,Ladino/Mestizo,Diario,Matutina,Promovido,No,No,02-01,1,2,2,1,5,1,1,1,2,2,2
2024,19-03-0100-43,Zacapa,1901,Público,Rural,Hombre,5,Primaria,Ladino/Mestizo,Diario,Matutina,No promovido,No,No,19-03,1,2,1,2,5,1,1,5,2,2,19
2024,02-03-0669-42,El Progreso,201,Público,Rural,Mujer,2,Preprimaria,Ladino/Mestizo,Diario,Matutina,Promovido,No,No,02-03,1,2,2,1,5,1,1,1,2,2,2
2024,19-01-0043-43,Zacapa,1901,Público,Rural,Mujer,4,Primaria,Ladino/Mestizo,Diario,Matutina,Promovido,Sí,No,19-01,1,2,2,2,5,1,1,1,1,2,19
2024,19-01-1148-45,Zacapa,1901,Público,Rural,Hombre,2,Básico,Ladino/Mestizo,Diario,Matutina,Promovido,No,No,19-01,1,2,1,3,5,1,1,1,2,2,19
2024,02-07-0513-43,El Progreso,201,Público,Rural,Hombre,5,Primaria,Ladino/Mestizo,Diario,Vespertina,Promovido,No,No,02-07,1,2,1,2,5,1,2,1,2,2,2
2024,19-03-0947-42,Zacapa,1901,Público,Rural,Hombre,4,Preprimaria,Ladino/Mestizo,Diario,Matutina,Promovido,No,No,19-03,1,2,1,1,5,1,1,1,2,2,19
2024,15-04-0181-43,Baja Verapaz,1501,Público,Rural,Mujer,6,Primaria,Ladino/Mestizo,Diario,Matutina,Promovido,No,No,15-04,1,2,2,2,5,1,1,1,2,2,15
2024,02-02-0029-42,El Progreso,201,Público,Urbana,Mujer,6,Preprimaria,Ladino/Mestizo,Diario,Matutina,Promovido,No,No,02-02,1,1,2,1,5,1,1,1,2,2,2
2024,02-03-0579-42,El Progreso,201,Público,Rural,Mujer,5,Preprimaria,Ladino/Mestizo,Diario,Matutina,Promovido,No,No,02-03,1,2,2,1,5,1,1,1,2,2,2
2024,15-08-1599-43,Baja Verapaz,1501,Público,Rural,Mujer,4,Primaria,Ladino/Mestizo,Diario,Matutina,Promovido,No,No,15-08,1,2,2,2,5,1,1,1,2,2,15
2024,19-04-0153-43,Zacapa,1901,Público,Rural,Hombre,1,Primaria,Ladino/Mestizo,Diario,Matutina,Retirado,No,No,19-04,1,2,1,2,5,1,1,3,2,2,19
2024,15-04-0131-42,Baja Verapaz,1501,Público,Rural,Mujer,6,Preprimaria,Maya,Diario,Matutina,Promovido,No,No,15-04,1,2,2,1,1,1,1,1,2,2,15
2024,02-06-0146-43,El Progreso,201,Público,Rural,Mujer,5,Primaria,Ladino/Mestizo,Diario,Matutina,Retirado,No,No,02-06,1,2,2,2,5,1,1,3,2,2,2
2024,02-08-0397-42,El Progreso,201,Público,Rural,Mujer,6,Preprimaria,Ladino/Mestizo,Diario,Matutina,Promovido,No,No,02-08,1,2,2,1,5,1,1,1,2,2,2
2024,19-09-0292-45,Zacapa,1901,Público,Urbana,Hombre,1,Básico,Ladino/Mestizo,Diario,Matutina,Retirado,No,No,19-09,1,1,1,3,5,1,1,3,2,2,19
2024,02-04-0454-42,El Progreso,201,Público,Rural,Hombre,6,Preprimaria,Ladino/Mestizo,Diario,Matutina,Promovido,No,No,02-04,1,2,1,1,5,1,1,1,2,2,2
2024,15-03-0050-42,Baja Verapaz,1501,Público,Rural,Mujer,3,Preprimaria,Maya,Diario,Matutina,Promovido,No,No,15-03,1,2,2,1,1,1,1,1,2,2,15
2024,15-01-0318-43,Baja Verapaz,1501,Público,Rural,Hombre,4,Primaria,Ladino/Mestizo,Diario,Matutina,Promovido,No,No,15-01,1,2,1,2,5,1,1,1,2,2,15
2024,15-08-0060-43,Baja Verapaz,1501,Público,Rural,Mujer,3,Primaria,Maya,Diario,Matutina,Promovido,No,No,15-08,1,2,2,2,1,1,1,1,2,2,15
2024,02-07-0160-43,El Progreso,201,Público,Urbana,Hombre,3,Primaria,Ladino/Mestizo,Diario,Matutina,Promovido,No,No,02-07,1,1,1,2,5,1,1,1,2,2,2
2024,19-01-0187-43,Zacapa,1901,Privado,Urbana,Mujer,2,Primaria,Ladino/Mestizo,Diario,Matutina,Promovido,No,No,19-01,2,1,2,2,5,1,1,1,2,2,19
2024,19-01-0629-42,Zacapa,1901,Privado,Urbana,Hombre,5,Preprimaria,Ladino/Mestizo,Diario,Matutina,Promovido,No,No,19-01,2,1,1,1,5,1,1,1,2,2,19
2024,19-06-0001-42,Zacapa,1901,Público,Rural,Mujer,4,Preprimaria,Ladino/Mestizo,Diario,Doble,Promovido,No,No,19-06,1,2,2,1,5,1,4,1,2,2,19
2024,02-04-0107-43,El Progreso,201,Público,Rural,Mujer,4,Primaria,Ladino/Mestizo,Diario,Matutina,Promovido,No,No,02-04,1,2,2,2,5,1,1,1,2,2,2
2024,15-07-0048-46,Baja Verapaz,1501,Privado,Urbana,Mujer,4,Diversificado,Ladino/Mestizo,Semipresencial,Ignorado,Promovido,No,Sí,15-07,2,1,2,4,5,4,9,1,2,1,15
2024,19-05-0199-42,Zacapa,1901,Público,Urbana,Hombre,6,Preprimaria,Ladino/Mestizo,Diario,Matutina,Promovido,No,No,19-05,1,1,1,1,5,1,1,1,2,2,19
2024,15-03-0046-46,Baja Verapaz,1501,Público,Urbana,Mujer,5,Diversificado,Maya,Diario,Vespertina,No promovido,No,Sí,15-03,1,1,2,4,1,1,2,5,2,1,15
2024,15-08-0046-43,Baja Verapaz,1501,Público,Rural,Mujer,1,Primaria,Maya,Diario,Matutina,Promovido,Sí,No,15-08,1,2,2,2,1,1,1,1,1,2,15
2024,15-04-0094-45,Baja Verapaz,1501,Público,Rural,Mujer,1,Básico,Maya,Diario,Vespertina,Promovido,No,No,15-04,1,2,2,3,1,1,2,1,2,2,15
2024,15-08-0107-45,Baja Verapaz,1501,Público,Rural,Mujer,1,Básico,Maya,Diario,Vespertina,Promovido,No,No,15-08,1,2,2,3,1,1,2,1,2,2,15
2024,19-01-0208-45,Zacapa,1901,Privado,Urbana,Hombre,2,Básico,Ladino/Mestizo,Semipresencial,Ignorado,Promovido,No,No,19-01,2,1,1,3,5,4,9,1,2,2,19
2024,15-04-1619-45,Baja Verapaz,1501,Público,Rural,Hombre,2,Básico,Ladino/Mestizo,Diario,Vespertina,Promovido,No,No,15-04,1,2,1,3,5,1,2,1,2,2,15
2024,02-03-0104-45,El Progreso,201,Privado,Rural,Hombre,3,Básico,Ladino/Mestizo,Diario,Matutina,Promovido,No,No,02-03,2,2,1,3,5,1,1,1,2,2,2
2024,19-04-0789-42,Zacapa,1901,Público,Rural,Hombre,5,Preprimaria,Ladino/Mestizo,Diario,Matutina,Promovido,No,No,19-04,1,2,1,1,5,1,1,1,2,2,19
2024,15-07-0252-43,Baja Verapaz,1501,Público,Rural,Mujer,5,Primaria,Ladino/Mestizo,Diario,Matutina,Promovido,No,No,15-07,1,2,2,2,5,1,1,1,2,2,15
2024,02-03-0058-42,El Progreso,201,Privado,Rural,Hombre,5,Preprimaria,Ladino/Mestizo,Diario,Matutina,Promovido,No,No,02-03,2,2,1,1,5,1,1,1,2,2,2
2024,19-02-0090-43,Zacapa,1901,Público,Rural,Mujer,5,Primaria,Ladino/Mestizo,Diario,Matutina,Promovido,No,No,19-02,1,2,2,2,5,1,1,1,2,2,19
2024,19-10-1009-46,Zacapa,1901,Cooperativa,Urbana,Mujer,5,Diversificado,Ladino/Mestizo,Diario,Vespertina,Promovido,No,Sí,19-10,4,1,2,4,5,1,2,1,2,1,19
2024,02-07-0049-40,El Progreso,201,Público,Rural,Hombre,3,Preprimaria,Ladino/Mestizo,Diario,Ignorado,Promovido,No,No,02-07,1,2,1,1,5,1,9,1,2,2,2
2024,15-08-0211-43,Baja Verapaz,1501,Público,Rural,Hombre,2,Primaria,Maya,Diario,Matutina,No promovido,Sí,No,15-08,1,2,1,2,1,1,1,5,1,2,15
2024,19-01-1033-42,Zacapa,1901,Público,Rural,Mujer,1,Preprimaria,Ladino/Mestizo,Diario,Matutina,Promovido,No,No,19-01,1,2,2,1,5,1,1,1,2,2,19
2024,15-04-0060-43,Baja Verapaz,1501,Público,Rural,Hombre,5,Primaria,Ladino/Mestizo,Diario,Matutina,Promovido,No,No,15-04,1,2,1,2,5,1,1,1,2,2,15
2024,19-04-0056-43,Zacapa,1901,Público,Rural,Mujer,2,Primaria,Ladino/Mestizo,Diario,Matutina,Promovido,No,No,19-04,1,2,2,2,5,1,1,1,2,2,19
2024,15-07-0241-43,Baja Verapaz,1501,Público,Rural,Hombre,4,Primaria,Ladino/Mestizo,Diario,Matutina,Promovido,No,No,15-07,1,2,1,2,5,1,1,1,2,2,15
2024,15-03-0124-43,Baja Verapaz,1501,Público,Rural,Hombre,3,Primaria,Maya,Diario,Matutina,Promovido,No,No,15-03,1,2,1,2,1,1,1,1,2,2,15
2024,19-09-0269-43,Zacapa,1901,Público,Rural,Mujer,6,Primaria,Ladino/Mestizo,Diario,Matutina,Promovido,No,No,19-09,1,2,2,2,5,1,1,1,2,2,19
2024,02-05-0282-42,El Progreso,201,Público,Rural,Hombre,6,Preprimaria,Ladino/Mestizo,Diario,Matutina,Promovido,No,No,02-05,1,2,1,1,5,1,1,1,2,2,2
2024,19-04-0035-42,Zacapa,1901,Público,Rural,Hombre,6,Preprimaria,Ladino/Mestizo,Diario,Matutina,Promovido,No,No,19-04,1,2,1,1,5,1,1,1,2,2,19
2024,15-01-0311-43,Baja Verapaz,1501,Público,Rural,Mujer,6,Primaria,Ladino/Mestizo,Diario,Matutina,Promovido,No,No,15-01,1,2,2,2,5,1,1,1,2,2,15
2024,19-02-0087-42,Zacapa,1901,Público,Urbana,Mujer,5,Preprimaria,Ladino/Mestizo,Diario,Matutina,Promovido,No,No,19-02,1,1,2,1,5,1,1,1,2,2,19
2024,02-04-0018-45,El Progreso,201,Público,Rural,Mujer,1,Básico,Ladino/Mestizo,Diario,Vespertina,Promovido,No,No,02-04,1,2,2,3,5,1,2,1,2,2,2
2024,15-08-2059-43,Baja Verapaz,1501,Privado,Urbana,Mujer,6,Primaria,Maya,Diario,Matutina,Promovido,No,No,15-08,2,1,2,2,1,1,1,1,2,2,15
2024,19-01-1158-42,Zacapa,1901,Público,Rural,Mujer,2,Preprimaria,Ladino/Mestizo,Diario,Matutina,Promovido,No,No,19-01,1,2,2,1,5,1,1,1,2,2,19
2024,15-03-1952-42,Baja Verapaz,1501,Público,Urbana,Mujer,4,Preprimaria,Maya,Diario,Matutina,Retirado,No,No,15-03,1,1,2,1,1,1,1,3,2,2,15
2024,19-09-0262-43,Zacapa,1901,Público,Urbana,Hombre,1,Primaria,Ladino/Mestizo,Diario,Matutina,Promovido,No,No,19-09,1,1,1,2,5,1,1,1,2,2,19
2024,19-04-0056-43,Zacapa,1901,Público,Rural,Mujer,4,Primaria,Ladino/Mestizo,Diario,Matutina,No promovido,No,No,19-04,1,2,2,2,5,1,1,5,2,2,19
2024,19-02-0090-43,Zacapa,1901,Público,Rural,Hombre,4,Primaria,Ladino/Mestizo,Diario,Matutina,Promovido,No,No,19-02,1,2,1,2,5,1,1,1,2,2,19
2024,15-07-0241-43,Baja Verapaz,1501,Público,Rural,Mujer,5,Primaria,Ladino/Mestizo,Diario,Matutina,Promovido,No,No,15-07,1,2,2,2,5,1,1,1,2,2,15
2024,19-04-0164-43,Zacapa,1901,Público,Rural,Mujer,1,Primaria,Ladino/Mestizo,Diario,Matutina,No promovido,No,No,19-04,1,2,2,2,5,1,1,5,2,2,19
2024,15-01-1964-43,Baja Verapaz,1501,Público,Rural,Mujer,1,Primaria,Ladino/Mestizo,Diario,Vespertina,Promovido,No,No,15-01,1,2,2,2,5,1,2,1,2,2,15
2024,19-09-0283-43,Zacapa,1901,Público,Rural,Mujer,1,Primaria,Ladino/Mestizo,Diario,Matutina,Promovido,No,No,19-09,1,2,2,2,5,1,1,1,2,2,19
2024,02-02-0048-43,El Progreso,201,Público,Rural,Mujer,3,Primaria,Ladino/Mestizo,Diario,Matutina,Promovido,No,No,02-02,1,2,2,2,5,1,1,1,2,2,2
2024,19-01-0016-43,Zacapa,1901,Privado,Urbana,Mujer,2,Primaria,Ladino/Mestizo,Diario,Matutina,Promovido,No,No,19-01,2,1,2,2,5,1,1,1,2,2,19
2024,15-08-0051-43,Baja Verapaz,1501,Público,Rural,Mujer,5,Primaria,Maya,Diario,Matutina,Retirado,No,No,15-08,1,2,2,2,1,1,1,3,2,2,15
2024,15-03-0099-43,Baja Verapaz,1501,Público,Urbana,Mujer,6,Primaria,Maya,Diario,Matutina,Promovido,No,No,15-03,1,1,2,2,1,1,1,1,2,2,15
2024,15-08-0065-43,Baja Verapaz,1501,Público,Rural,Mujer,3,Primaria,Maya,Diario,Matutina,Promovido,No,No,15-08,1,2,2,2,1,1,1,1,2,2,15
2024,02-08-0219-43,El Progreso,201,Público,Rural,Hombre,2,Primaria,Ladino/Mestizo,Diario,Matutina,Promovido,No,No,02-08,1,2,1,2,5,1,1,1,2,2,2
2024,15-02-0082-43,Baja Verapaz,1501,Público,Rural,Mujer,1,Primaria,Maya,Diario,Matutina,Promovido,No,No,15-02,1,2,2,2,1,1,1,1,2,2,15
2024,15-08-0280-43,Baja Verapaz,1501,Público,Rural,Mujer,4,Primaria,Maya,Diario,Matutina,Promovido,Sí,No,15-08,1,2,2,2,1,1,1,1,1,2,15
2024,15-04-0061-43,Baja Verapaz,1501,Público,Rural,Mujer,2,Primaria,Ladino/Mestizo,Diario,Matutina,Promovido,No,No,15-04,1,2,2,2,5,1,1,1,2,2,15
2024,19-06-0223-43,Zacapa,1901,Público,Rural,Hombre,5,Primaria,Ladino/Mestizo,Diario,Matutina,No promovido,No,No,19-06,1,2,1,2,5,1,1,5,2,2,19
2024,02-03-0018-43,El Progreso,201,Público,Rural,Hombre,5,Primaria,Ladino/Mestizo,Diario,Matutina,Promovido,No,No,02-03,1,2,1,2,5,1,1,1,2,2,2
2024,15-01-0083-45,Baja Verapaz,1501,Público,Rural,Hombre,1,Básico,Ladino/Mestizo,Diario,Vespertina,Promovido,No,No,15-01,1,2,1,3,5,1,2,1,2,2,15
2024,19-01-0008-43,Zacapa,1901,Público,Urbana,Mujer,1,Primaria,Ladino/Mestizo,Diario,Matutina,Retirado,No,No,19-01,1,1,2,2,5,1,1,3,2,2,19
2024,15-02-0361-45,Baja Verapaz,1501,Cooperativa,Rural,Mujer,3,Básico,Maya,Diario,Vespertina,Promovido,No,No,15-02,4,2,2,3,1,1,2,1,2,2,15
2024,19-01-0023-43,Zacapa,1901,Público,Rural,Hombre,1,Primaria,Ladino/Mestizo,Diario,Matutina,Promovido,No,No,19-01,1,2,1,2,5,1,1,1,2,2,19
2024,02-08-0215-43,El Progreso,201,Público,Rural,Hombre,3,Primaria,Ladino/Mestizo,Diario,Matutina,Promovido,No,No,02-08,1,2,1,2,5,1,1,1,2,2,2
2024,19-07-0228-43,Zacapa,1901,Público,Urbana,Mujer,3,Primaria,Ladino/Mestizo,Diario,Matutina,No promovido,Sí,No,19-07,1,1,2,2,5,1,1,5,1,2,19
2024,19-01-1158-42,Zacapa,1901,Público,Rural,Hombre,2,Preprimaria,Ladino/Mestizo,Diario,Matutina,Promovido,No,No,19-01,1,2,1,1,5,1,1,1,2,2,19
2024,15-08-2184-42,Baja Verapaz,1501,Privado,Rural,Mujer,6,Preprimaria,Maya,Diario,Matutina,Promovido,No,No,15-08,2,2,2,1,1,1,1,1,2,2,15
2024,02-05-0126-43,El Progreso,201,Público,Rural,Mujer,4,Primaria,Ladino/Mestizo,Diario,Matutina,Promovido,No,No,02-05,1,2,2,2,5,1,1,1,2,2,2
2024,02-03-0049-45,El Progreso,201,Público,Rural,Mujer,2,Básico,Ladino/Mestizo,Diario,Vespertina,Promovido,No,No,02-03,1,2,2,3,5,1,2,1,2,2,2
2024,19-01-0078-46,Zacapa,1901,Público,Urbana,Hombre,4,Diversificado,Ladino/Mestizo,Diario,Vespertina,Promovido,No,No,19-01,1,1,1,4,5,1,2,1,2,2,19
2024,19-04-0009-43,Zacapa,1901,Público,Rural,Mujer,4,Primaria,Ladino/Mestizo,Diario,Matutina,Promovido,No,No,19-04,1,2,2,2,5,1,1,1,2,2,19
2024,15-03-0030-43,Baja Verapaz,1501,Público,Rural,Mujer,4,Primaria,Maya,Diario,Matutina,Promovido,No,No,15-03,1,2,2,2,1,1,1,1,2,2,15
2024,19-05-0892-42,Zacapa,1901,Público,Rural,Hombre,6,Preprimaria,Ladino/Mestizo,Diario,Matutina,Retirado,No,No,19-05,1,2,1,1,5,1,1,3,2,2,19
2024,15-08-2185-43,Baja Verapaz,1501,Privado,Rural,Hombre,2,Primaria,Maya,Diario,Matutina,Promovido,No,No,15-08,2,2,1,2,1,1,1,1,2,2,15
2024,15-03-2064-41,Baja Verapaz,1501,Público,Rural,Hombre,6,Preprimaria,Maya,Diario,Matutina,Promovido,No,No,15-03,1,2,1,1,1,1,1,1,2,2,15
2024,19-05-0213-45,Zacapa,1901,Público,Urbana,Mujer,1,Básico,Ladino/Mestizo,Diario,Matutina,Promovido,No,No,19-05,1,1,2,3,5,1,1,1,2,2,19
2024,19-04-0130-42,Zacapa,1901,Público,Rural,Hombre,5,Preprimaria,Ladino/Mestizo,Diario,Matutina,Promovido,No,No,19-04,1,2,1,1,5,1,1,1,2,2,19
2024,15-08-0092-43,Baja Verapaz,1501,Público,Rural,Hombre,3,Primaria,Maya,Diario,Matutina,Promovido,No,No,15-08,1,2,1,2,1,1,1,1,2,2,15
2024,02-02-0240-43,El Progreso,201,Público,Rural,Hombre,3,Primaria,Ladino/Mestizo,Diario,Matutina,Promovido,No,No,02-02,1,2,1,2,5,1,1,1,2,2,2
2024,15-01-0052-46,Baja Verapaz,1501,Privado,Urbana,Mujer,5,Diversificado,Ladino/Mestizo,Diario,Vespertina,Promovido,No,Sí,15-01,2,1,2,4,5,1,2,1,2,1,15
2024,15-08-0066-43,Baja Verapaz,1501,Público,Rural,Hombre,3,Primaria,Maya,Diario,Matutina,Retirado,No,No,15-08,1,2,1,2,1,1,1,3,2,2,15
2024,19-09-0264-43,Zacapa,1901,Público,Rural,Hombre,2,Primaria,Ladino/Mestizo,Diario,Matutina,No promovido,Sí,No,19-09,1,2,1,2,5,1,1,5,1,2,19
2024,19-01-0355-45,Zacapa,1901,Público,Urbana,Mujer,3,Básico,Maya,Diario,Vespertina,Retirado,No,No,19-01,1,1,2,3,1,1,2,3,2,2,19
2024,19-10-1009-46,Zacapa,1901,Cooperativa,Urbana,Mujer,6,Diversificado,Ladino/Mestizo,Diario,Vespertina,Promovido,No,Sí,19-10,4,1,2,4,5,1,2,1,2,1,19
2024,02-07-0513-43,El Progreso,201,Público,Rural,Mujer,6,Primaria,Ladino/Mestizo,Diario,Vespertina,Promovido,No,No,02-07,1,2,2,2,5,1,2,1,2,2,2
2024,15-06-0005-45,Baja Verapaz,1501,Público,Urbana,Mujer,3,Básico,Ladino/Mestizo,Diario,Matutina,Promovido,No,No,15-06,1,1,2,3,5,1,1,1,2,2,15
2024,02-07-0169-43,El Progreso,201,Público,Rural,Hombre,5,Primaria,Ladino/Mestizo,Diario,Matutina,Retirado,No,No,02-07,1,2,1,2,5,1,1,3,2,2,2
2024,19-04-0595-43,Zacapa,1901,Público,Urbana,Hombre,2,Primaria,Ladino/Mestizo,Diario,Matutina,Promovido,No,No,19-04,1,1,1,2,5,1,1,1,2,2,19
2024,19-01-0344-43,Zacapa,1901,Público,Rural,Mujer,3,Primaria,Ladino/Mestizo,Diario,Matutina,Promovido,No,No,19-01,1,2,2,2,5,1,1,1,2,2,19
2024,19-01-0084-45,Zacapa,1901,Público,Urbana,Hombre,2,Básico,Ladino/Mestizo,Diario,Doble,Promovido,No,No,19-01,1,1,1,3,5,1,4,1,2,2,19
2024,15-07-0239-43,Baja Verapaz,1501,Público,Rural,Hombre,5,Primaria,Ladino/Mestizo,Diario,Matutina,Promovido,No,No,15-07,1,2,1,2,5,1,1,1,2,2,15
2024,15-01-1352-42,Baja Verapaz,1501,Público,Rural,Mujer,6,Preprimaria,Ladino/Mestizo,Diario,Matutina,Promovido,No,No,15-01,1,2,2,1,5,1,1,1,2,2,15
2024,02-01-0562-46,El Progreso,201,Privado,Urbana,Hombre,5,Diversificado,Ladino/Mestizo,Diario,Matutina,Promovido,No,Sí,02-01,2,1,1,4,5,1,1,1,2,1,2
2024,02-03-0065-43,El Progreso,201,Público,Rural,Mujer,6,Primaria,Ladino/Mestizo,Diario,Matutina,Promovido,No,No,02-03,1,2,2,2,5,1,1,1,2,2,2
2024,19-04-0147-43,Zacapa,1901,Público,Rural,Mujer,4,Primaria,Ladino/Mestizo,Diario,Matutina,Promovido,No,No,19-04,1,2,2,2,5,1,1,1,2,2,19
2024,15-01-0048-45,Baja Verapaz,1501,Público,Urbana,Hombre,1,Básico,Ladino/Mestizo,Diario,Matutina,Promovido,No,No,15-01,1,1,1,3,5,1,1,1,2,2,15
2024,02-01-0551-45,El Progreso,201,Público,Rural,Mujer,2,Básico,Ladino/Mestizo,Diario,Vespertina,Promovido,No,No,02-01,1,2,2,3,5,1,2,1,2,2,2
2024,02-03-0150-46,El Progreso,201,Privado,Rural,Mujer,4,Diversificado,Ladino/Mestizo,Semipresencial,Ignorado,Promovido,No,Sí,02-03,2,2,2,4,5,4,9,1,2,1,2
2024,19-05-0029-43,Zacapa,1901,Privado,Urbana,Mujer,3,Primaria,Ladino/Mestizo,Diario,Matutina,Promovido,No,No,19-05,2,1,2,2,5,1,1,1,2,2,19
2024,19-07-0244-45,Zacapa,1901,Público,Urbana,Mujer,2,Básico,Ladino/Mestizo,Diario,Matutina,Promovido,No,No,19-07,1,1,2,3,5,1,1,1,2,2,19
2024,15-02-0087-43,Baja Verapaz,1501,Público,Rural,Hombre,2,Primaria,Maya,Diario,Matutina,Promovido,No,No,15-02,1,2,1,2,1,1,1,1,2,2,15
2024,19-01-0012-43,Zacapa,1901,Público,Urbana,Mujer,1,Primaria,Ladino/Mestizo,Diario,Matutina,Promovido,No,No,19-01,1,1,2,2,5,1,1,1,2,2,19
2024,19-01-0139-45,Zacapa,1901,Privado,Urbana,Mujer,3,Básico,Ladino/Mestizo,Diario,Matutina,Promovido,No,No,19-01,2,1,2,3,5,1,1,1,2,2,19
2024,15-08-0067-43,Baja Verapaz,1501,Público,Rural,Mujer,3,Primaria,Maya,Diario,Matutina,Promovido,No,No,15-08,1,2,2,2,1,1,1,1,2,2,15
2024,15-02-0075-43,Baja Verapaz,1501,Público,Rural,Mujer,3,Primaria,Maya,Diario,Matutina,Promovido,Sí,No,15-02,1,2,2,2,1,1,1,1,1,2,15
2024,15-01-0086-45,Baja Verapaz,1501,Público,Urbana,Hombre,1,Básico,Maya,Diario,Vespertina,Promovido,No,No,15-01,1,1,1,3,1,1,2,1,2,2,15
2024,02-01-0229-42,El Progreso,201,Privado,Urbana,Mujer,6,Preprimaria,Ladino/Mestizo,Diario,Matutina,Promovido,No,No,02-01,2,1,2,1,5,1,1,1,2,2,2
2024,15-02-0114-45,Baja Verapaz,1501,Privado,Rural,Hombre,3,Básico,Maya,Diario,Vespertina,Promovido,No,No,15-02,2,2,1,3,1,1,2,1,2,2,15
2024,15-08-1599-43,Baja Verapaz,1501,Público,Rural,Mujer,3,Primaria,Maya,Diario,Matutina,Retirado,No,No,15-08,1,2,2,2,1,1,1,3,2,2,15
2024,15-01-0071-43,Baja Verapaz,1501,Público,Urbana,Mujer,6,Primaria,Ladino/Mestizo,Diario,Matutina,Retirado,No,No,15-01,1,1,2,2,5,1,1,3,2,2,15
2024,15-07-0024-42,Baja Verapaz,1501,Público,Rural,Hombre,5,Preprimaria,Ladino/Mestizo,Diario,Matutina,Promovido,No,No,15-07,1,2,1,1,5,1,1,1,2,2,15
2024,19-05-0201-43,Zacapa,1901,Público,Urbana,Hombre,2,Primaria,Ladino/Mestizo,Diario,Matutina,Promovido,No,No,19-05,1,1,1,2,5,1,1,1,2,2,19
2024,15-01-0071-43,Baja Verapaz,1501,Público,Urbana,Mujer,4,Primaria,Ladino/Mestizo,Diario,Matutina,Promovido,No,No,15-01,1,1,2,2,5,1,1,1,2,2,15
2024,02-06-0146-43,El Progreso,201,Público,Rural,Hombre,3,Primaria,Ladino/Mestizo,Diario,Matutina,Promovido,Sí,No,02-06,1,2,1,2,5,1,1,1,1,2,2
2024,15-08-1249-43,Baja Verapaz,1501,Público,Rural,Hombre,2,Primaria,Maya,Diario,Matutina,Promovido,No,No,15-08,1,2,1,2,1,1,1,1,2,2,15
2024,02-03-0007-42,El Progreso,201,Público,Rural,Mujer,5,Preprimaria,Ladino/Mestizo,Diario,Matutina,Promovido,No,No,02-03,1,2,2,1,5,1,1,1,2,2,2
2024,15-08-0025-42,Baja Verapaz,1501,Público,Rural,Hombre,6,Preprimaria,Maya,Diario,Matutina,Promovido,No,No,15-08,1,2,1,1,1,1,1,1,2,2,15
2024,19-01-0072-45,Zacapa,1901,Público,Urbana,Hombre,1,Básico,Ladino/Mestizo,Diario,Matutina,Promovido,No,No,19-01,1,1,1,3,5,1,1,1,2,2,19
2024,19-10-1009-46,Zacapa,1901,Cooperativa,Urbana,Hombre,6,Diversificado,Ladino/Mestizo,Diario,Vespertina,Promovido,Sí,Sí,19-10,4,1,1,4,5,1,2,1,1,1,19
2024,15-02-1750-42,Baja Verapaz,1501,Público,Rural,Hombre,5,Preprimaria,Maya,Diario,Matutina,Promovido,No,No,15-02,1,2,1,1,1,1,1,1,2,2,15
2024,02-04-0110-43,El Progreso,201,Público,Rural,Mujer,4,Primaria,Ladino/Mestizo,Diario,Matutina,Promovido,No,No,02-04,1,2,2,2,5,1,1,1,2,2,2
2024,15-01-1524-43,Baja Verapaz,1501,Público,Urbana,Hombre,6,Primaria,Ladino/Mestizo,Diario,Vespertina,Promovido,No,No,15-01,1,1,1,2,5,1,2,1,2,2,15
2024,15-01-0019-43,Baja Verapaz,1501,Público,Urbana,Hombre,1,Primaria,Ladino/Mestizo,Diario,Vespertina,Promovido,No,No,15-01,1,1,1,2,5,1,2,1,2,2,15
2024,15-04-0328-43,Baja Verapaz,1501,Público,Rural,Mujer,1,Primaria,Ladino/Mestizo,Diario,Matutina,No promovido,No,No,15-04,1,2,2,2,5,1,1,5,2,2,15
2024,15-02-0094-46,Baja Verapaz,1501,Público,Rural,Mujer,4,Diversificado,Maya,Diario,Matutina,Promovido,No,No,15-02,1,2,2,4,1,1,1,1,2,2,15
2024,15-05-0005-43,Baja Verapaz,1501,Público,Rural,Hombre,5,Primaria,Maya,Diario,Matutina,Promovido,No,No,15-05,1,2,1,2,1,1,1,1,2,2,15
2024,15-04-0226-43,Baja Verapaz,1501,Público,Rural,Mujer,1,Primaria,Ladino/Mestizo,Diario,Matutina,Promovido,No,No,15-04,1,2,2,2,5,1,1,1,2,2,15
2024,19-03-0920-43,Zacapa,1901,Privado,Rural,Mujer,4,Primaria,Ladino/Mestizo,Diario,Matutina,Promovido,No,No,19-03,2,2,2,2,5,1,1,1,2,2,19
2024,19-04-0166-43,Zacapa,1901,Público,Rural,Hombre,4,Primaria,Ladino/Mestizo,Diario,Matutina,Retirado,No,No,19-04,1,2,1,2,5,1,1,3,2,2,19
2024,19-04-0056-43,Zacapa,1901,Público,Rural,Mujer,2,Primaria,Ladino/Mestizo,Diario,Matutina,No promovido,No,No,19-04,1,2,2,2,5,1,1,5,2,2,19
2024,15-01-0048-45,Baja Verapaz,1501,Público,Urbana,Mujer,1,Básico,Ladino/Mestizo,Diario,Matutina,Promovido,No,No,15-01,1,1,2,3,5,1,1,1,2,2,15
2024,19-01-0130-42,Zacapa,1901,Público,Rural,Mujer,4,Preprimaria,Ladino/Mestizo,Diario,Matutina,Retirado,No,No,19-01,1,2,2,1,5,1,1,3,2,2,19
2024,19-10-1009-46,Zacapa,1901,Cooperativa,Urbana,Hombre,6,Diversificado,Ladino/Mestizo,Diario,Vespertina,Promovido,No,Sí,19-10,4,1,1,4,5,1,2,1,2,1,19
2024,15-03-0103-43,Baja Verapaz,1501,Público,Urbana,Mujer,2,Primaria,Maya,Diario,Matutina,Promovido,No,No,15-03,1,1,2,2,1,1,1,1,2,2,15
2024,15-01-0049-45,Baja Verapaz,1501,Cooperativa,Urbana,Mujer,3,Básico,Ladino/Mestizo,Diario,Nocturna,No promovido,No,No,15-01,4,1,2,3,5,1,3,5,2,2,15
2024,19-04-0184-43,Zacapa,1901,Público,Rural,Hombre,5,Primaria,Ladino/Mestizo,Diario,Matutina,Promovido,No,No,19-04,1,2,1,2,5,1,1,1,2,2,19
2024,15-08-0283-43,Baja Verapaz,1501,Público,Rural,Mujer,4,Primaria,Maya,Diario,Matutina,Promovido,No,No,15-08,1,2,2,2,1,1,1,1,2,2,15
2024,15-01-1255-43,Baja Verapaz,1501,Público,Rural,Mujer,2,Primaria,Maya,Diario,Matutina,Promovido,No,No,15-01,1,2,2,2,1,1,1,1,2,2,15
2024,15-08-1536-43,Baja Verapaz,1501,Público,Rural,Mujer,1,Primaria,Maya,Diario,Vespertina,No promovido,Sí,No,15-08,1,2,2,2,1,1,2,5,1,2,15
2024,02-03-0035-42,El Progreso,201,Público,Rural,Mujer,6,Preprimaria,Ladino/Mestizo,Diario,Matutina,Retirado,No,No,02-03,1,2,2,1,5,1,1,3,2,2,2
2024,19-07-0003-45,Zacapa,1901,Público,Urbana,Hombre,2,Básico,Ladino/Mestizo,Diario,Vespertina,Retirado,No,No,19-07,1,1,1,3,5,1,2,3,2,2,19
2024,15-04-0326-43,Baja Verapaz,1501,Público,Rural,Mujer,4,Primaria,Maya,Diario,Matutina,Promovido,No,No,15-04,1,2,2,2,1,1,1,1,2,2,15
2024,02-03-0065-43,El Progreso,201,Público,Rural,Hombre,5,Primaria,Ladino/Mestizo,Diario,Matutina,Promovido,No,No,02-03,1,2,1,2,5,1,1,1,2,2,2
2024,19-04-0315-42,Zacapa,1901,Privado,Urbana,Mujer,6,Preprimaria,Ladino/Mestizo,Diario,Vespertina,Promovido,No,No,19-04,2,1,2,1,5,1,2,1,2,2,19
2024,19-06-0222-43,Zacapa,1901,Público,Rural,Mujer,6,Primaria,Ladino/Mestizo,Diario,Matutina,Promovido,No,No,19-06,1,2,2,2,5,1,1,1,2,2,19
2024,19-08-0011-46,Zacapa,1901,Público,Urbana,Mujer,4,Diversificado,Ladino/Mestizo,Diario,Nocturna,No promovido,Sí,No,19-08,1,1,2,4,5,1,3,5,1,2,19
2024,02-07-0679-46,El Progreso,201,Privado,Urbana,Hombre,4,Diversificado,Ladino/Mestizo,Diario,Matutina,Promovido,No,Ignorado,02-07,2,1,1,4,5,1,1,1,2,9,2
2024,15-03-0110-43,Baja Verapaz,1501,Público,Rural,Hombre,2,Primaria,Ladino/Mestizo,Diario,Matutina,Promovido,No,No,15-03,1,2,1,2,5,1,1,1,2,2,15
2024,19-01-0117-45,Zacapa,1901,Público,Urbana,Mujer,1,Básico,Ladino/Mestizo,Diario,Matutina,Promovido,No,No,19-01,1,1,2,3,5,1,1,1,2,2,19
2024,15-03-0015-42,Baja Verapaz,1501,Público,Rural,Hombre,5,Preprimaria,Maya,Diario,Matutina,Promovido,No,No,15-03,1,2,1,1,1,1,1,1,2,2,15
2024,15-02-0069-42,Baja Verapaz,1501,Público,Rural,Hombre,0,Preprimaria,Maya,Diario,Matutina,Promovido,No,No,15-02,1,2,1,1,1,1,1,1,2,2,15
2024,19-09-0995-42,Zacapa,1901,Público,Rural,Hombre,6,Preprimaria,Ladino/Mestizo,Diario,Matutina,Promovido,No,No,19-09,1,2,1,1,5,1,1,1,2,2,19
2024,19-09-0269-43,Zacapa,1901,Público,Rural,Mujer,2,Primaria,Ladino/Mestizo,Diario,Matutina,Promovido,Sí,No,19-09,1,2,2,2,5,1,1,1,1,2,19
2024,19-01-0113-43,Zacapa,1901,Público,Rural,Hombre,2,Primaria,Ladino/Mestizo,Diario,Matutina,Promovido,No,No,19-01,1,2,1,2,5,1,1,1,2,2,19
2024,02-01-0006-43,El Progreso,201,Público,Rural,Hombre,2,Primaria,Ladino/Mestizo,Diario,Matutina,Promovido,No,No,02-01,1,2,1,2,5,1,1,1,2,2,2
2024,02-04-0016-42,El Progreso,201,Público,Rural,Mujer,4,Preprimaria,Ladino/Mestizo,Diario,Matutina,Promovido,No,No,02-04,1,2,2,1,5,1,1,1,2,2,2
2024,15-08-0102-45,Baja Verapaz,1501,Público,Rural,Hombre,2,Básico,Maya,Diario,Vespertina,No promovido,No,No,15-08,1,2,1,3,1,1,2,5,2,2,15
2024,15-06-0217-43,Baja Verapaz,1501,Público,Urbana,Hombre,2,Primaria,Ladino/Mestizo,Diario,Matutina,Promovido,No,No,15-06,1,1,1,2,5,1,1,1,2,2,15
2024,15-05-0214-45,Baja Verapaz,1501,Cooperativa,Rural,Mujer,3,Básico,Ladino/Mestizo,Diario,Vespertina,Promovido,No,No,15-05,4,2,2,3,5,1,2,1,2,2,15
2024,02-03-0821-45,El Progreso,201,Público,Rural,Hombre,1,Básico,Ladino/Mestizo,Diario,Matutina,Promovido,No,No,02-03,1,2,1,3,5,1,1,1,2,2,2
2024,15-03-0068-45,Baja Verapaz,1501,Público,Rural,Mujer,3,Básico,Maya,Diario,Matutina,Promovido,No,No,15-03,1,2,2,3,1,1,1,1,2,2,15
2024,02-03-0085-43,El Progreso,201,Público,Rural,Mujer,6,Primaria,Ladino/Mestizo,Diario,Matutina,Promovido,No,No,02-03,1,2,2,2,5,1,1,1,2,2,2
2024,02-03-0807-42,El Progreso,201,Público,Rural,Hombre,5,Preprimaria,Ladino/Mestizo,Diario,Matutina,Retirado,No,No,02-03,1,2,1,1,5,1,1,3,2,2,2
2024,02-07-0171-43,El Progreso,201,Público,Rural,Mujer,3,Primaria,Ladino/Mestizo,Diario,Matutina,Promovido,No,No,02-07,1,2,2,2,5,1,1,1,2,2,2
2024,15-08-2185-43,Baja Verapaz,1501,Privado,Rural,Hombre,5,Primaria,Maya,Diario,Matutina,Promovido,No,No,15-08,2,2,1,2,1,1,1,1,2,2,15
2024,19-01-0940-45,Zacapa,1901,Privado,Urbana,Hombre,2,Básico,Ladino/Mestizo,Fin de semana,Doble,Promovido,No,No,19-01,2,1,1,3,5,2,4,1,2,2,19
2024,19-09-1085-43,Zacapa,1901,Público,Rural,Hombre,1,Primaria,Ladino/Mestizo,Diario,Matutina,No promovido,Sí,No,19-09,1,2,1,2,5,1,1,5,1,2,19
2024,15-04-0148-43,Baja Verapaz,1501,Público,Rural,Mujer,2,Primaria,Maya,Diario,Matutina,Promovido,No,No,15-04,1,2,2,2,1,1,1,1,2,2,15
2024,15-02-0078-43,Baja Verapaz,1501,Público,Rural,Mujer,4,Primaria,Maya,Diario,Matutina,Promovido,No,No,15-02,1,2,2,2,1,1,1,1,2,2,15
2024,19-09-0328-43,Zacapa,1901,Público,Rural,Mujer,4,Primaria,Ladino/Mestizo,Diario,Matutina,Promovido,Sí,No,19-09,1,2,2,2,5,1,1,1,1,2,19
2024,19-09-0284-43,Zacapa,1901,Público,Rural,Mujer,1,Primaria,Ladino/Mestizo,Diario,Matutina,Retirado,No,No,19-09,1,2,2,2,5,1,1,3,2,2,19
2024,02-08-0205-43,El Progreso,201,Público,Urbana,Hombre,1,Primaria,Ladino/Mestizo,Diario,Matutina,Promovido,No,No,02-08,1,1,1,2,5,1,1,1,2,2,2
2024,15-01-0044-43,Baja Verapaz,1501,Público,Rural,Mujer,2,Primaria,Maya,Diario,Matutina,No promovido,No,No,15-01,1,2,2,2,1,1,1,5,2,2,15
2024,15-01-0032-43,Baja Verapaz,1501,Público,Rural,Mujer,2,Primaria,Ladino/Mestizo,Diario,Matutina,Promovido,No,No,15-01,1,2,2,2,5,1,1,1,2,2,15
2024,02-01-0022-43,El Progreso,201,Público,Rural,Mujer,6,Primaria,Ladino/Mestizo,Diario,Matutina,Retirado,No,No,02-01,1,2,2,2,5,1,1,3,2,2,2
2024,15-04-0328-43,Baja Verapaz,1501,Público,Rural,Mujer,1,Primaria,Maya,Diario,Matutina,No promovido,No,No,15-04,1,2,2,2,1,1,1,5,2,2,15
2024,15-04-0152-43,Baja Verapaz,1501,Público,Rural,Mujer,6,Primaria,Maya,Diario,Matutina,No promovido,No,No,15-04,1,2,2,2,1,1,1,5,2,2,15
2024,15-04-0074-43,Baja Verapaz,1501,Público,Rural,Mujer,1,Primaria,Maya,Diario,Matutina,No promovido,No,No,15-04,1,2,2,2,1,1,1,5,2,2,15
2024,19-05-0891-42,Zacapa,1901,Público,Rural,Mujer,3,Preprimaria,Ladino/Mestizo,Diario,Matutina,Promovido,No,No,19-05,1,2,2,1,5,1,1,1,2,2,19
2024,15-01-1305-42,Baja Verapaz,1501,Público,Rural,Hombre,6,Preprimaria,Ladino/Mestizo,Diario,Matutina,Promovido,No,No,15-01,1,2,1,1,5,1,1,1,2,2,15
2024,19-04-1149-46,Zacapa,1901,Municipal,Urbana,Mujer,4,Diversificado,Ladino/Mestizo,Diario,Vespertina,Promovido,No,No,19-04,3,1,2,4,5,1,2,1,2,2,19
2024,19-05-0774-43,Zacapa,1901,Público,Urbana,Hombre,4,Primaria,Ladino/Mestizo,Diario,Vespertina,Promovido,No,No,19-05,1,1,1,2,5,1,2,1,2,2,19
2024,15-08-0050-43,Baja Verapaz,1501,Público,Rural,Hombre,4,Primaria,Maya,Diario,Matutina,Promovido,No,No,15-08,1,2,1,2,1,1,1,1,2,2,15
2024,19-04-0133-43,Zacapa,1901,Público,Urbana,Mujer,5,Primaria,Ladino/Mestizo,Diario,Matutina,Promovido,No,No,19-04,1,1,2,2,5,1,1,1,2,2,19
2024,19-07-0002-43,Zacapa,1901,Público,Rural,Hombre,3,Primaria,Ladino/Mestizo,Diario,Matutina,Promovido,No,No,19-07,1,2,1,2,5,1,1,1,2,2,19
2024,15-01-0321-43,Baja Verapaz,1501,Público,Rural,Mujer,3,Primaria,Ladino/Mestizo,Diario,Matutina,Promovido,No,No,15-01,1,2,2,2,5,1,1,1,2,2,15
2024,15-08-0102-45,Baja Verapaz,1501,Público,Rural,Hombre,3,Básico,Maya,Diario,Vespertina,Promovido,No,No,15-08,1,2,1,3,1,1,2,1,2,2,15
2024,19-02-0087-42,Zacapa,1901,Público,Urbana,Hombre,6,Preprimaria,Ladino/Mestizo,Diario,Matutina,Promovido,No,No,19-02,1,1,1,1,5,1,1,1,2,2,19
2024,02-03-0140-43,El Progreso,201,Privado,Urbana,Hombre,1,Primaria,Ladino/Mestizo,Diario,Matutina,Promovido,No,No,02-03,2,1,1,2,5,1,1,1,2,2,2
2024,02-08-0013-45,El Progreso,201,Público,Urbana,Hombre,2,Básico,Ladino/Mestizo,Diario,Matutina,Promovido,No,No,02-08,1,1,1,3,5,1,1,1,2,2,2
2024,19-05-0213-45,Zacapa,1901,Público,Urbana,Hombre,2,Básico,Ladino/Mestizo,Diario,Matutina,Promovido,Sí,Ignorado,19-05,1,1,1,3,5,1,1,1,1,9,19
2024,15-08-0191-42,Baja Verapaz,1501,Privado,Rural,Hombre,6,Preprimaria,Ladino/Mestizo,Diario,Matutina,Promovido,No,No,15-08,2,2,1,1,5,1,1,1,2,2,15
2024,02-08-0209-43,El Progreso,201,Público,Rural,Mujer,2,Primaria,Ladino/Mestizo,Diario,Matutina,Promovido,No,No,02-08,1,2,2,2,5,1,1,1,2,2,2
2024,19-06-1018-42,Zacapa,1901,Público,Rural,Hombre,4,Preprimaria,Ladino/Mestizo,Diario,Doble,Promovido,No,No,19-06,1,2,1,1,5,1,4,1,2,2,19
2024,19-02-0614-42,Zacapa,1901,Público,Rural,Mujer,4,Preprimaria,Ladino/Mestizo,Diario,Matutina,Retirado,No,No,19-02,1,2,2,1,5,1,1,3,2,2,19
2024,15-04-0201-45,Baja Verapaz,1501,Público,Rural,Hombre,1,Básico,Ladino/Mestizo,Diario,Vespertina,Promovido,No,No,15-04,1,2,1,3,5,1,2,1,2,2,15
2024,15-03-0132-45,Baja Verapaz,1501,Público,Urbana,Hombre,1,Básico,Maya,Diario,Matutina,Promovido,No,No,15-03,1,1,1,3,1,1,1,1,2,2,15
2024,19-01-0026-42,Zacapa,1901,Público,Rural,Hombre,6,Preprimaria,Ladino/Mestizo,Diario,Matutina,Promovido,No,No,19-01,1,2,1,1,5,1,1,1,2,2,19
2024,02-08-0211-43,El Progreso,201,Público,Rural,Mujer,2,Primaria,Ladino/Mestizo,Diario,Matutina,Promovido,No,No,02-08,1,2,2,2,5,1,1,1,2,2,2
2024,15-07-2060-43,Baja Verapaz,1501,Público,Rural,Mujer,6,Primaria,Ladino/Mestizo,Diario,Matutina,Promovido,No,No,15-07,1,2,2,2,5,1,1,1,2,2,15
2024,02-03-0825-43,El Progreso,201,Público,Rural,Mujer,3,Primaria,Ladino/Mestizo,Diario,Matutina,Promovido,Sí,No,02-03,1,2,2,2,5,1,1,1,1,2,2
2024,19-09-0290-43,Zacapa,1901,Público,Rural,Mujer,2,Primaria,Ladino/Mestizo,Diario,Matutina,No promovido,No,No,19-09,1,2,2,2,5,1,1,5,2,2,19
2024,15-04-0137-43,Baja Verapaz,1501,Público,Rural,Mujer,5,Primaria,Maya,Diario,Matutina,Promovido,No,No,15-04,1,2,2,2,1,1,1,1,2,2,15
2024,15-03-2207-42,Baja Verapaz,1501,Público,Rural,Hombre,3,Preprimaria,Maya,Diario,Matutina,Retirado,No,No,15-03,1,2,1,1,1,1,1,3,2,2,15
2024,19-08-1204-43,Zacapa,1901,Público,Rural,Mujer,2,Primaria,Ladino/Mestizo,Diario,Matutina,Promovido,No,No,19-08,1,2,2,2,5,1,1,1,2,2,19
2024,15-08-0332-41,Baja Verapaz,1501,Público,Rural,Hombre,4,Preprimaria,Maya,Diario,Matutina,Promovido,No,No,15-08,1,2,1,1,1,1,1,1,2,2,15
2024,19-11-0011-43,Zacapa,1901,Público,Rural,Mujer,2,Primaria,Ladino/Mestizo,Diario,Matutina,Promovido,No,No,19-11,1,2,2,2,5,1,1,1,2,2,19
2024,15-08-0046-43,Baja Verapaz,1501,Público,Rural,Hombre,3,Primaria,Maya,Diario,Matutina,Promovido,Sí,No,15-08,1,2,1,2,1,1,1,1,1,2,15
2024,19-04-0365-42,Zacapa,1901,Público,Rural,Hombre,6,Preprimaria,Ladino/Mestizo,Diario,Matutina,Promovido,No,No,19-04,1,2,1,1,5,1,1,1,2,2,19
2024,19-11-0008-42,Zacapa,1901,Público,Rural,Hombre,6,Preprimaria,Ladino/Mestizo,Diario,Matutina,Promovido,No,No,19-11,1,2,1,1,5,1,1,1,2,2,19
2024,15-01-0024-43,Baja Verapaz,1501,Público,Rural,Mujer,6,Primaria,Ladino/Mestizo,Diario,Matutina,Retirado,No,No,15-01,1,2,2,2,5,1,1,3,2,2,15
2024,02-01-0483-42,El Progreso,201,Público,Rural,Mujer,2,Preprimaria,Ladino/Mestizo,Diario,Matutina,Promovido,No,No,02-01,1,2,2,1,5,1,1,1,2,2,2
2024,02-06-0152-43,El Progreso,201,Público,Rural,Hombre,4,Primaria,Ladino/Mestizo,Diario,Matutina,Promovido,No,No,02-06,1,2,1,2,5,1,1,1,2,2,2
2024,02-08-0210-43,El Progreso,201,Público,Rural,Mujer,1,Primaria,Ladino/Mestizo,Diario,Matutina,Promovido,No,No,02-08,1,2,2,2,5,1,1,1,2,2,2
2024,02-03-0109-46,El Progreso,201,Público,Rural,Mujer,4,Diversificado,Ladino/Mestizo,Diario,Vespertina,Retirado,No,No,02-03,1,2,2,4,5,1,2,3,2,2,2
2024,15-01-0167-43,Baja Verapaz,1501,Privado,Urbana,Mujer,1,Primaria,Ladino/Mestizo,Diario,Matutina,Promovido,No,No,15-01,2,1,2,2,5,1,1,1,2,2,15
2024,19-05-0557-43,Zacapa,1901,Privado,Urbana,Hombre,6,Primaria,Ladino/Mestizo,Diario,Matutina,No promovido,No,No,19-05,2,1,1,2,5,1,1,5,2,2,19
2024,19-02-1187-42,Zacapa,1901,Público,Urbana,Mujer,2,Preprimaria,Ladino/Mestizo,Diario,Matutina,Retirado,No,No,19-02,1,1,2,1,5,1,1,3,2,2,19
2024,02-03-0087-43,El Progreso,201,Privado,Rural,Mujer,5,Primaria,Ladino/Mestizo,Diario,Matutina,Promovido,No,No,02-03,2,2,2,2,5,1,1,1,2,2,2
2024,19-09-0275-43,Zacapa,1901,Público,Rural,Hombre,2,Primaria,Ladino/Mestizo,Diario,Matutina,Promovido,No,No,19-09,1,2,1,2,5,1,1,1,2,2,19
2024,19-07-0235-43,Zacapa,1901,Público,Rural,Mujer,1,Primaria,Ladino/Mestizo,Diario,Matutina,No promovido,No,No,19-07,1,2,2,2,5,1,1,5,2,2,19
2024,19-01-0061-43,Zacapa,1901,Público,Rural,Hombre,3,Primaria,Ladino/Mestizo,Diario,Matutina,Promovido,No,No,19-01,1,2,1,2,5,1,1,1,2,2,19
2024,02-01-0012-43,El Progreso,201,Público,Rural,Mujer,6,Primaria,Ladino/Mestizo,Diario,Matutina,Promovido,No,No,02-01,1,2,2,2,5,1,1,1,2,2,2
2024,02-06-0286-42,El Progreso,201,Público,Rural,Mujer,5,Preprimaria,Ladino/Mestizo,Diario,Matutina,Promovido,No,No,02-06,1,2,2,1,5,1,1,1,2,2,2
2024,19-01-0109-43,Zacapa,1901,Público,Rural,Mujer,1,Primaria,Ladino/Mestizo,Diario,Matutina,No promovido,No,No,19-01,1,2,2,2,5,1,1,5,2,2,19
2024,15-03-0041-45,Baja Verapaz,1501,Público,Rural,Hombre,1,Básico,Maya,Diario,Vespertina,Promovido,No,No,15-03,1,2,1,3,1,1,2,1,2,2,15
2024,19-08-0249-43,Zacapa,1901,Público,Rural,Hombre,2,Primaria,Ladino/Mestizo,Diario,Matutina,Promovido,No,No,19-08,1,2,1,2,5,1,1,1,2,2,19
2024,15-05-0189-43,Baja Verapaz,1501,Público,Urbana,Mujer,2,Primaria,Ladino/Mestizo,Diario,Matutina,Promovido,No,No,15-05,1,1,2,2,5,1,1,1,2,2,15
2024,19-09-0014-42,Zacapa,1901,Público,Rural,Hombre,6,Preprimaria,Ladino/Mestizo,Diario,Matutina,Promovido,No,No,19-09,1,2,1,1,5,1,1,1,2,2,19
2024,19-05-1108-42,Zacapa,1901,Público,Urbana,Mujer,0,Preprimaria,Ladino/Mestizo,Diario,Doble,Retirado,No,No,19-05,1,1,2,1,5,1,4,3,2,2,19
2024,15-04-0054-43,Baja Verapaz,1501,Público,Rural,Hombre,3,Primaria,Maya,Diario,Matutina,Promovido,No,No,15-04,1,2,1,2,1,1,1,1,2,2,15
2024,02-07-0510-43,El Progreso,201,Público,Urbana,Mujer,5,Primaria,Ladino/Mestizo,Diario,Vespertina,Promovido,No,No,02-07,1,1,2,2,5,1,2,1,2,2,2
2024,15-04-0015-42,Baja Verapaz,1501,Público,Rural,Mujer,6,Preprimaria,Maya,Diario,Matutina,Promovido,No,No,15-04,1,2,2,1,1,1,1,1,2,2,15
2024,15-08-0295-43,Baja Verapaz,1501,Público,Rural,Hombre,2,Primaria,Maya,Diario,Matutina,Promovido,No,No,15-08,1,2,1,2,1,1,1,1,2,2,15
2024,02-03-0085-43,El Progreso,201,Público,Rural,Hombre,5,Primaria,Ladino/Mestizo,Diario,Matutina,Retirado,No,No,02-03,1,2,1,2,5,1,1,3,2,2,2
2024,19-01-0940-45,Zacapa,1901,Privado,Urbana,Hombre,2,Básico,Ladino/Mestizo,Fin de semana,Doble,Promovido,Sí,No,19-01,2,1,1,3,5,2,4,1,1,2,19
2024,02-02-0613-46,El Progreso,201,Cooperativa,Urbana,Mujer,4,Diversificado,Ladino/Mestizo,Diario,Vespertina,Promovido,No,No,02-02,4,1,2,4,5,1,2,1,2,2,2
2024,02-07-0267-42,El Progreso,201,Público,Rural,Hombre,5,Preprimaria,Ladino/Mestizo,Diario,Matutina,Promovido,No,No,02-07,1,2,1,1,5,1,1,1,2,2,2
2024,15-02-0090-43,Baja Verapaz,1501,Público,Rural,Mujer,5,Primaria,Maya,Diario,Matutina,Promovido,No,No,15-02,1,2,2,2,1,1,1,1,2,2,15
2024,02-01-0641-43,El Progreso,201,Público,Urbana,Hombre,5,Primaria,Ladino/Mestizo,Diario,Vespertina,Retirado,No,No,02-01,1,1,1,2,5,1,2,3,2,2,2
2024,19-09-0004-43,Zacapa,1901,Público,Rural,Hombre,1,Primaria,Ladino/Mestizo,Diario,Matutina,Retirado,No,No,19-09,1,2,1,2,5,1,1,3,2,2,19
2024,15-04-0181-43,Baja Verapaz,1501,Público,Rural,Hombre,2,Primaria,Ladino/Mestizo,Diario,Matutina,Promovido,No,No,15-04,1,2,1,2,5,1,1,1,2,2,15
2024,02-07-0193-43,El Progreso,201,Público,Rural,Hombre,1,Primaria,Ladino/Mestizo,Diario,Matutina,Promovido,No,No,02-07,1,2,1,2,5,1,1,1,2,2,2
2024,15-06-2175-42,Baja Verapaz,1501,Público,Rural,Hombre,5,Preprimaria,Ladino/Mestizo,Diario,Matutina,Promovido,No,No,15-06,1,2,1,1,5,1,1,1,2,2,15
2024,15-05-0004-43,Baja Verapaz,1501,Público,Rural,Hombre,2,Primaria,Ladino/Mestizo,Diario,Matutina,Promovido,No,No,15-05,1,2,1,2,5,1,1,1,2,2,15
2024,19-04-0158-43,Zacapa,1901,Público,Rural,Mujer,4,Primaria,Ladino/Mestizo,Diario,Matutina,Promovido,No,No,19-04,1,2,2,2,5,1,1,1,2,2,19
2024,15-01-0016-43,Baja Verapaz,1501,Público,Rural,Mujer,4,Primaria,Maya,Diario,Matutina,Promovido,Sí,No,15-01,1,2,2,2,1,1,1,1,1,2,15
2024,15-04-0177-43,Baja Verapaz,1501,Público,Rural,Mujer,3,Primaria,Maya,Diario,Matutina,Promovido,No,No,15-04,1,2,2,2,1,1,1,1,2,2,15
2024,02-03-0117-46,El Progreso,201,Privado,Urbana,Mujer,5,Diversificado,Ladino/Mestizo,Diario,Vespertina,Promovido,No,No,02-03,2,1,2,4,5,1,2,1,2,2,2
2024,19-04-0187-43,Zacapa,1901,Privado,Rural,Hombre,5,Primaria,Ladino/Mestizo,Diario,Matutina,Promovido,No,No,19-04,2,2,1,2,5,1,1,1,2,2,19
2024,15-08-0279-43,Baja Verapaz,1501,Público,Rural,Mujer,2,Primaria,Maya,Diario,Matutina,No promovido,No,No,15-08,1,2,2,2,1,1,1,5,2,2,15
2024,02-01-0702-43,El Progreso,201,Público,Rural,Hombre,4,Primaria,Ladino/Mestizo,Diario,Matutina,Promovido,No,No,02-01,1,2,1,2,5,1,1,1,2,2,2
2024,19-01-0139-45,Zacapa,1901,Privado,Urbana,Mujer,1,Básico,Ladino/Mestizo,Diario,Matutina,Promovido,No,No,19-01,2,1,2,3,5,1,1,1,2,2,19
2024,19-07-0008-42,Zacapa,1901,Público,Urbana,Mujer,5,Preprimaria,Ladino/Mestizo,Diario,Matutina,Promovido,No,No,19-07,1,1,2,1,5,1,1,1,2,2,19
2024,15-08-0094-43,Baja Verapaz,1501,Público,Rural,Mujer,6,Primaria,Maya,Diario,Matutina,Promovido,No,No,15-08,1,2,2,2,1,1,1,1,2,2,15
2024,19-03-0005-46,Zacapa,1901,Público,Rural,Mujer,5,Diversificado,Ladino/Mestizo,Diario,Matutina,Promovido,No,Sí,19-03,1,2,2,4,5,1,1,1,2,1,19
2024,02-06-0137-43,El Progreso,201,Público,Rural,Hombre,3,Primaria,Ladino/Mestizo,Diario,Matutina,Promovido,No,No,02-06,1,2,1,2,5,1,1,1,2,2,2
2024,15-01-0306-43,Baja Verapaz,1501,Público,Rural,Mujer,3,Primaria,Ladino/Mestizo,Diario,Matutina,Promovido,No,No,15-01,1,2,2,2,5,1,1,1,2,2,15
2024,19-05-0019-45,Zacapa,1901,Público,Rural,Mujer,3,Básico,Ladino/Mestizo,Diario,Matutina,Retirado,No,No,19-05,1,2,2,3,5,1,1,3,2,2,19
2024,02-06-0134-43,El Progreso,201,Público,Urbana,Hombre,3,Primaria,Ladino/Mestizo,Diario,Matutina,No promovido,No,No,02-06,1,1,1,2,5,1,1,5,2,2,2
2024,19-07-0672-45,Zacapa,1901,Cooperativa,Rural,Mujer,1,Básico,Ladino/Mestizo,Diario,Vespertina,No promovido,Sí,No,19-07,4,2,2,3,5,1,2,5,1,2,19
2024,15-06-0233-43,Baja Verapaz,1501,Público,Rural,Hombre,1,Primaria,Ladino/Mestizo,Diario,Matutina,Promovido,No,No,15-06,1,2,1,2,5,1,1,1,2,2,15
2024,02-03-0065-43,El Progreso,201,Público,Rural,Hombre,5,Primaria,Ladino/Mestizo,Diario,Matutina,Promovido,No,No,02-03,1,2,1,2,5,1,1,1,2,2,2
2024,02-04-0110-43,El Progreso,201,Público,Rural,Hombre,6,Primaria,Ladino/Mestizo,Diario,Matutina,Promovido,No,No,02-04,1,2,1,2,5,1,1,1,2,2,2
2024,15-01-0018-43,Baja Verapaz,1501,Público,Urbana,Mujer,1,Primaria,Ladino/Mestizo,Diario,Matutina,Promovido,Sí,No,15-01,1,1,2,2,5,1,1,1,1,2,15
2024,19-08-0890-46,Zacapa,1901,Cooperativa,Urbana,Hombre,4,Diversificado,Ladino/Mestizo,Diario,Vespertina,Promovido,No,No,19-08,4,1,1,4,5,1,2,1,2,2,19
2024,02-04-0103-42,El Progreso,201,Público,Urbana,Hombre,5,Preprimaria,Ladino/Mestizo,Diario,Matutina,Retirado,No,No,02-04,1,1,1,1,5,1,1,3,2,2,2
2024,19-03-0116-43,Zacapa,1901,Público,Rural,Mujer,1,Primaria,Ladino/Mestizo,Diario,Matutina,Promovido,No,No,19-03,1,2,2,2,5,1,1,1,2,2,19
2024,15-04-0074-43,Baja Verapaz,1501,Público,Rural,Hombre,6,Primaria,Maya,Diario,Matutina,Promovido,No,No,15-04,1,2,1,2,1,1,1,1,2,2,15
2024,15-08-0211-43,Baja Verapaz,1501,Público,Rural,Mujer,6,Primaria,Maya,Diario,Matutina,Promovido,No,No,15-08,1,2,2,2,1,1,1,1,2,2,15
2024,15-02-0092-43,Baja Verapaz,1501,Público,Rural,Mujer,4,Primaria,Maya,Diario,Matutina,Promovido,No,No,15-02,1,2,2,2,1,1,1,1,2,2,15
2024,15-08-0062-43,Baja Verapaz,1501,Público,Rural,Mujer,6,Primaria,Maya,Diario,Matutina,Promovido,Sí,No,15-08,1,2,2,2,1,1,1,1,1,2,15
2024,19-02-0089-43,Zacapa,1901,Público,Urbana,Hombre,4,Primaria,Ladino/Mestizo,Diario,Matutina,Promovido,No,No,19-02,1,1,1,2,5,1,1,1,2,2,19
2024,19-02-0614-42,Zacapa,1901,Público,Rural,Mujer,1,Preprimaria,Ladino/Mestizo,Diario,Matutina,Promovido,No,No,19-02,1,2,2,1,5,1,1,1,2,2,19
2024,15-03-1286-42,Baja Verapaz,1501,Público,Urbana,Hombre,4,Preprimaria,Maya,Diario,Matutina,Retirado,No,No,15-03,1,1,1,1,1,1,1,3,2,2,15
2024,02-07-0410-43,El Progreso,201,Público,Rural,Hombre,3,Primaria,Ladino/Mestizo,Diario,Matutina,Promovido,No,No,02-07,1,2,1,2,5,1,1,1,2,2,2
2024,15-04-1857-43,Baja Verapaz,1501,Público,Rural,Mujer,1,Primaria,Maya,Diario,Matutina,Promovido,No,No,15-04,1,2,2,2,1,1,1,1,2,2,15
2024,15-01-1949-42,Baja Verapaz,1501,Público,Urbana,Hombre,6,Preprimaria,Ladino/Mestizo,Diario,Matutina,Promovido,No,No,15-01,1,1,1,1,5,1,1,1,2,2,15
2024,15-03-0019-43,Baja Verapaz,1501,Público,Rural,Mujer,1,Primaria,Maya,Diario,Matutina,Promovido,No,No,15-03,1,2,2,2,1,1,1,1,2,2,15
2024,19-01-1158-42,Zacapa,1901,Público,Rural,Mujer,2,Preprimaria,Ladino/Mestizo,Diario,Matutina,Promovido,No,No,19-01,1,2,2,1,5,1,1,1,2,2,19
2024,02-01-0610-42,El Progreso,201,Público,Rural,Hombre,3,Preprimaria,Ladino/Mestizo,Diario,Matutina,Promovido,No,No,02-01,1,2,1,1,5,1,1,1,2,2,2
2024,19-10-0835-42,Zacapa,1901,Público,Rural,Mujer,6,Preprimaria,Ladino/Mestizo,Diario,Matutina,Promovido,No,No,19-10,1,2,2,1,5,1,1,1,2,2,19
2024,02-06-0753-42,El Progreso,201,Privado,Urbana,Mujer,5,Preprimaria,Ladino/Mestizo,Diario,Matutina,Promovido,No,No,02-06,2,1,2,1,5,1,1,1,2,2,2
2024,19-05-0201-43,Zacapa,1901,Público,Urbana,Mujer,4,Primaria,Ladino/Mestizo,Diario,Matutina,Promovido,No,No,19-05,1,1,2,2,5,1,1,1,2,2,19
2024,19-04-0028-45,Zacapa,1901,Público,Rural,Hombre,3,Básico,Ladino/Mestizo,Diario,Vespertina,Promovido,No,No,19-04,1,2,1,3,5,1,2,1,2,2,19
2024,02-03-0599-46,El Progreso,201,Cooperativa,Urbana,Mujer,4,Diversificado,Ladino/Mestizo,Diario,Vespertina,Promovido,No,No,02-03,4,1,2,4,5,1,2,1,2,2,2
2024,02-07-0691-46,El Progreso,201,Privado,Urbana,Mujer,5,Diversificado,Ladino/Mestizo,Fin de semana,Doble,Promovido,No,Sí,02-07,2,1,2,4,5,2,4,1,2,1,2
2024,19-04-0595-43,Zacapa,1901,Público,Urbana,Hombre,5,Primaria,Ladino/Mestizo,Diario,Matutina,Promovido,No,No,19-04,1,1,1,2,5,1,1,1,2,2,19
2024,15-02-0032-42,Baja Verapaz,1501,Público,Rural,Hombre,1,Preprimaria,Maya,Diario,Matutina,Promovido,No,No,15-02,1,2,1,1,1,1,1,1,2,2,15
2024,15-02-0032-42,Baja Verapaz,1501,Público,Rural,Mujer,4,Preprimaria,Maya,Diario,Matutina,Promovido,No,No,15-02,1,2,2,1,1,1,1,1,2,2,15
2024,15-02-0069-42,Baja Verapaz,1501,Público,Rural,Mujer,3,Preprimaria,Maya,Diario,Matutina,Promovido,No,No,15-02,1,2,2,1,1,1,1,1,2,2,15
2024,15-08-0090-43,Baja Verapaz,1501,Público,Rural,Mujer,1,Primaria,Maya,Diario,Matutina,No promovido,No,No,15-08,1,2,2,2,1,1,1,5,2,2,15
2024,15-08-0034-43,Baja Verapaz,1501,Público,Rural,Mujer,5,Primaria,Maya,Diario,Matutina,Promovido,No,No,15-08,1,2,2,2,1,1,1,1,2,2,15
2024,02-01-0227-42,El Progreso,201,Público,Rural,Hombre,4,Preprimaria,Ladino/Mestizo,Diario,Matutina,Promovido,No,No,02-01,1,2,1,1,5,1,1,1,2,2,2
2024,02-03-0049-45,El Progreso,201,Público,Rural,Mujer,1,Básico,Ladino/Mestizo,Diario,Vespertina,Promovido,No,No,02-03,1,2,2,3,5,1,2,1,2,2,2
2024,02-03-0744-43,El Progreso,201,Público,Rural,Mujer,1,Primaria,Ladino/Mestizo,Diario,Vespertina,Promovido,No,No,02-03,1,2,2,2,5,1,2,1,2,2,2
2024,15-01-1538-42,Baja Verapaz,1501,Público,Rural,Mujer,6,Preprimaria,Ladino/Mestizo,Diario,Matutina,Promovido,No,No,15-01,1,2,2,1,5,1,1,1,2,2,15
2024,02-03-0117-46,El Progreso,201,Privado,Urbana,Hombre,4,Diversificado,Ladino/Mestizo,Diario,Vespertina,Promovido,No,No,02-03,2,1,1,4,5,1,2,1,2,2,2
2024,19-01-0734-42,Zacapa,1901,Público,Rural,Hombre,1,Preprimaria,Ladino/Mestizo,Diario,Matutina,Promovido,No,No,19-01,1,2,1,1,5,1,1,1,2,2,19
2024,15-01-0321-43,Baja Verapaz,1501,Público,Rural,Hombre,5,Primaria,Ladino/Mestizo,Diario,Matutina,Promovido,No,No,15-01,1,2,1,2,5,1,1,1,2,2,15
2024,19-09-0285-43,Zacapa,1901,Público,Rural,Hombre,1,Primaria,Ladino/Mestizo,Diario,Matutina,Promovido,No,No,19-09,1,2,1,2,5,1,1,1,2,2,19
2024,15-04-0057-43,Baja Verapaz,1501,Público,Rural,Hombre,3,Primaria,Ladino/Mestizo,Diario,Matutina,Promovido,No,No,15-04,1,2,1,2,5,1,1,1,2,2,15
2024,15-04-1215-43,Baja Verapaz,1501,Público,Rural,Mujer,6,Primaria,Maya,Diario,Matutina,Promovido,No,No,15-04,1,2,2,2,1,1,1,1,2,2,15
2024,15-03-1963-46,Baja Verapaz,1501,Privado,Urbana,Mujer,4,Diversificado,Maya,Diario,Vespertina,Promovido,No,No,15-03,2,1,2,4,1,1,2,1,2,2,15
2024,19-10-0303-45,Zacapa,1901,Público,Urbana,Mujer,2,Básico,Ladino/Mestizo,Diario,Matutina,Promovido,No,No,19-10,1,1,2,3,5,1,1,1,2,2,19
2024,02-01-0022-43,El Progreso,201,Público,Rural,Mujer,2,Primaria,Ladino/Mestizo,Diario,Matutina,Promovido,Sí,No,02-01,1,2,2,2,5,1,1,1,1,2,2
2024,15-08-0333-41,Baja Verapaz,1501,Público,Rural,Mujer,4,Preprimaria,Maya,Diario,Matutina,Promovido,No,No,15-08,1,2,2,1,1,1,1,1,2,2,15
2024,15-08-0042-43,Baja Verapaz,1501,Público,Rural,Mujer,4,Primaria,Maya,Diario,Matutina,Promovido,No,No,15-08,1,2,2,2,1,1,1,1,2,2,15
2024,15-08-0159-42,Baja Verapaz,1501,Público,Rural,Mujer,6,Preprimaria,Maya,Diario,Matutina,Promovido,No,No,15-08,1,2,2,1,1,1,1,1,2,2,15
2024,19-06-0222-43,Zacapa,1901,Público,Rural,Mujer,1,Primaria,Ladino/Mestizo,Diario,Matutina,Promovido,Sí,No,19-06,1,2,2,2,5,1,1,1,1,2,19
2024,15-02-0143-45,Baja Verapaz,1501,Público,Rural,Hombre,2,Básico,Maya,Diario,Matutina,Vigente,No,No,15-02,1,2,1,3,1,1,1,2,2,2,15
2024,15-03-1286-42,Baja Verapaz,1501,Público,Urbana,Mujer,6,Preprimaria,Ladino/Mestizo,Diario,Matutina,Promovido,No,No,15-03,1,1,2,1,5,1,1,1,2,2,15
2024,15-01-0299-43,Baja Verapaz,1501,Público,Rural,Hombre,4,Primaria,Ladino/Mestizo,Diario,Matutina,Promovido,No,No,15-01,1,2,1,2,5,1,1,1,2,2,15
2024,15-02-0085-43,Baja Verapaz,1501,Público,Rural,Hombre,6,Primaria,Maya,Diario,Matutina,Promovido,No,No,15-02,1,2,1,2,1,1,1,1,2,2,15
2024,19-01-0050-43,Zacapa,1901,Público,Rural,Mujer,2,Primaria,Ladino/Mestizo,Diario,Matutina,Promovido,No,No,19-01,1,2,2,2,5,1,1,1,2,2,19
2024,19-02-0744-42,Zacapa,1901,Público,Urbana,Hombre,4,Preprimaria,Ladino/Mestizo,Diario,Matutina,Promovido,No,No,19-02,1,1,1,1,5,1,1,1,2,2,19
2024,19-01-1148-45,Zacapa,1901,Público,Rural,Hombre,3,Básico,Ladino/Mestizo,Diario,Matutina,Promovido,No,No,19-01,1,2,1,3,5,1,1,1,2,2,19
2024,15-01-0011-43,Baja Verapaz,1501,Público,Rural,Mujer,3,Primaria,Ladino/Mestizo,Diario,Matutina,Promovido,No,No,15-01,1,2,2,2,5,1,1,1,2,2,15
2024,02-07-0699-46,El Progreso,201,Privado,Urbana,Hombre,4,Diversificado,Ladino/Mestizo,Diario,Doble,Promovido,No,Ignorado,02-07,2,1,1,4,5,1,4,1,2,9,2
2024,02-06-0134-43,El Progreso,201,Público,Urbana,Hombre,1,Primaria,Ladino/Mestizo,Diario,Matutina,Promovido,Sí,No,02-06,1,1,1,2,5,1,1,1,1,2,2
2024,15-01-0086-45,Baja Verapaz,1501,Público,Urbana,Mujer,2,Básico,Ladino/Mestizo,Diario,Vespertina,Promovido,No,No,15-01,1,1,2,3,5,1,2,1,2,2,15
2024,02-01-0248-45,El Progreso,201,Público,Urbana,Mujer,2,Básico,Ladino/Mestizo,Diario,Vespertina,Promovido,No,Ignorado,02-01,1,1,2,3,5,1,2,1,2,9,2
2024,15-08-0201-45,Baja Verapaz,1501,Privado,Urbana,Mujer,3,Básico,Ladino/Mestizo,Diario,Matutina,Promovido,No,No,15-08,2,1,2,3,5,1,1,1,2,2,15
2024,15-08-0145-45,Baja Verapaz,1501,Público,Rural,Hombre,2,Básico,Maya,Diario,Vespertina,Promovido,No,No,15-08,1,2,1,3,1,1,2,1,2,2,15
2024,02-01-0052-43,El Progreso,201,Privado,Urbana,Hombre,1,Primaria,Ladino/Mestizo,Diario,Matutina,Promovido,No,No,02-01,2,1,1,2,5,1,1,1,2,2,2
2024,15-02-0069-42,Baja Verapaz,1501,Público,Rural,Mujer,6,Preprimaria,Maya,Diario,Matutina,Promovido,No,No,15-02,1,2,2,1,1,1,1,1,2,2,15
2024,15-08-0190-43,Baja Verapaz,1501,Privado,Rural,Mujer,1,Primaria,Maya,Diario,Matutina,No promovido,No,No,15-08,2,2,2,2,1,1,1,5,2,2,15
2024,19-08-0247-43,Zacapa,1901,Público,Rural,Mujer,3,Primaria,Ladino/Mestizo,Diario,Matutina,Promovido,No,No,19-08,1,2,2,2,5,1,1,1,2,2,19
2024,15-03-0076-46,Baja Verapaz,1501,Público,Rural,Mujer,4,Diversificado,Ladino/Mestizo,Diario,Matutina,Promovido,No,No,15-03,1,2,2,4,5,1,1,1,2,2,15
2024,19-04-0160-43,Zacapa,1901,Público,Rural,Mujer,4,Primaria,Ladino/Mestizo,Diario,Matutina,Promovido,No,No,19-04,1,2,2,2,5,1,1,1,2,2,19
2024,15-08-0141-45,Baja Verapaz,1501,Público,Rural,Mujer,2,Básico,Maya,Diario,Vespertina,Promovido,No,No,15-08,1,2,2,3,1,1,2,1,2,2,15
2024,02-01-0483-42,El Progreso,201,Público,Rural,Mujer,2,Preprimaria,Ladino/Mestizo,Diario,Matutina,Promovido,No,No,02-01,1,2,2,1,5,1,1,1,2,2,2
2024,02-03-0114-45,El Progreso,201,Público,Rural,Mujer,1,Básico,Ladino/Mestizo,Diario,Matutina,Promovido,No,No,02-03,1,2,2,3,5,1,1,1,2,2,2
2024,15-08-0139-43,Baja Verapaz,1501,Público,Rural,Hombre,2,Primaria,Maya,Diario,Matutina,No promovido,Sí,No,15-08,1,2,1,2,1,1,1,5,1,2,15
2024,15-01-0054-42,Baja Verapaz,1501,Público,Rural,Hombre,5,Preprimaria,Ladino/Mestizo,Diario,Matutina,Promovido,No,No,15-01,1,2,1,1,5,1,1,1,2,2,15
2024,19-01-0168-43,Zacapa,1901,Privado,Urbana,Mujer,2,Primaria,Ladino/Mestizo,Diario,Matutina,Promovido,No,No,19-01,2,1,2,2,5,1,1,1,2,2,19
2024,15-01-0009-43,Baja Verapaz,1501,Privado,Urbana,Mujer,2,Primaria,Ladino/Mestizo,Diario,Matutina,Promovido,No,No,15-01,2,1,2,2,5,1,1,1,2,2,15
2024,19-04-0070-45,Zacapa,1901,Privado,Urbana,Mujer,1,Básico,Ladino/Mestizo,Semipresencial,Ignorado,Promovido,No,No,19-04,2,1,2,3,5,4,9,1,2,2,19
2024,19-08-0260-45,Zacapa,1901,Público,Urbana,Hombre,2,Básico,Ladino/Mestizo,Diario,Matutina,Promovido,No,No,19-08,1,1,1,3,5,1,1,1,2,2,19
2024,15-02-0076-43,Baja Verapaz,1501,Público,Rural,Mujer,2,Primaria,Maya,Diario,Matutina,Promovido,No,No,15-02,1,2,2,2,1,1,1,1,2,2,15
2024,15-05-0002-43,Baja Verapaz,1501,Público,Rural,Hombre,1,Primaria,Ladino/Mestizo,Diario,Matutina,Promovido,No,No,15-05,1,2,1,2,5,1,1,1,2,2,15
2024,15-04-0066-43,Baja Verapaz,1501,Público,Rural,Hombre,6,Primaria,Maya,Diario,Matutina,Promovido,No,No,15-04,1,2,1,2,1,1,1,1,2,2,15
2024,15-07-0010-43,Baja Verapaz,1501,Público,Rural,Hombre,4,Primaria,Ladino/Mestizo,Diario,Matutina,Promovido,No,No,15-07,1,2,1,2,5,1,1,1,2,2,15
2024,15-01-0050-45,Baja Verapaz,1501,Público,Urbana,Hombre,1,Básico,Ladino/Mestizo,Diario,Matutina,No promovido,No,No,15-01,1,1,1,3,5,1,1,5,2,2,15
2024,15-04-0670-45,Baja Verapaz,1501,Privado,Urbana,Mujer,2,Básico,Maya,Diario,Matutina,Promovido,Sí,No,15-04,2,1,2,3,1,1,1,1,1,2,15
2024,19-09-0281-43,Zacapa,1901,Público,Rural,Mujer,1,Primaria,Ladino/Mestizo,Diario,Matutina,Promovido,No,No,19-09,1,2,2,2,5,1,1,1,2,2,19
2024,19-02-0091-43,Zacapa,1901,Público,Rural,Mujer,4,Primaria,Ladino/Mestizo,Diario,Matutina,Promovido,No,No,19-02,1,2,2,2,5,1,1,1,2,2,19
2024,19-03-0118-43,Zacapa,1901,Público,Rural,Mujer,4,Primaria,Ladino/Mestizo,Diario,Matutina,Retirado,No,No,19-03,1,2,2,2,5,1,1,3,2,2,19
2024,02-03-0821-45,El Progreso,201,Público,Rural,Hombre,1,Básico,Ladino/Mestizo,Diario,Matutina,Promovido,No,No,02-03,1,2,1,3,5,1,1,1,2,2,2
2024,19-03-1058-45,Zacapa,1901,Público,Urbana,Mujer,2,Básico,Ladino/Mestizo,Diario,Matutina,Promovido,No,No,19-03,1,1,2,3,5,1,1,1,2,2,19
2024,19-07-0235-43,Zacapa,1901,Público,Rural,Hombre,3,Primaria,Ladino/Mestizo,Diario,Matutina,No promovido,No,No,19-07,1,2,1,2,5,1,1,5,2,2,19
2024,15-04-1224-43,Baja Verapaz,1501,Público,Rural,Hombre,1,Primaria,Maya,Diario,Matutina,Promovido,No,No,15-04,1,2,1,2,1,1,1,1,2,2,15
2024,02-03-0255-45,El Progreso,201,Público,Rural,Mujer,1,Básico,Ladino/Mestizo,Diario,Doble,No promovido,No,No,02-03,1,2,2,3,5,1,4,5,2,2,2
2024,15-08-0041-43,Baja Verapaz,1501,Público,Rural,Mujer,6,Primaria,Maya,Diario,Matutina,Promovido,No,No,15-08,1,2,2,2,1,1,1,1,2,2,15
2024,02-03-0117-46,El Progreso,201,Privado,Urbana,Hombre,5,Diversificado,Ladino/Mestizo,Diario,Vespertina,Promovido,No,No,02-03,2,1,1,4,5,1,2,1,2,2,2
2024,15-07-0664-42,Baja Verapaz,1501,Público,Rural,Mujer,3,Preprimaria,Ladino/Mestizo,Diario,Matutina,Promovido,No,No,15-07,1,2,2,1,5,1,1,1,2,2,15
2024,19-07-0235-43,Zacapa,1901,Público,Rural,Hombre,1,Primaria,Ladino/Mestizo,Diario,Matutina,No promovido,No,No,19-07,1,2,1,2,5,1,1,5,2,2,19
2024,19-08-0246-43,Zacapa,1901,Público,Urbana,Hombre,6,Primaria,Ladino/Mestizo,Diario,Matutina,Promovido,No,No,19-08,1,1,1,2,5,1,1,1,2,2,19
2024,19-01-0353-43,Zacapa,1901,Público,Urbana,Mujer,4,Primaria,Ladino/Mestizo,Diario,Vespertina,Promovido,No,No,19-01,1,1,2,2,5,1,2,1,2,2,19
2024,02-06-0147-43,El Progreso,201,Público,Rural,Mujer,1,Primaria,Ladino/Mestizo,Diario,Matutina,Promovido,Sí,No,02-06,1,2,2,2,5,1,1,1,1,2,2
2024,02-07-0529-42,El Progreso,201,Público,Rural,Mujer,6,Preprimaria,Ladino/Mestizo,Diario,Matutina,Promovido,No,No,02-07,1,2,2,1,5,1,1,1,2,2,2
2024,19-03-1058-45,Zacapa,1901,Público,Urbana,Hombre,2,Básico,Ladino/Mestizo,Diario,Matutina,Promovido,No,No,19-03,1,1,1,3,5,1,1,1,2,2,19
2024,02-05-0115-43,El Progreso,201,Público,Urbana,Hombre,5,Primaria,Ladino/Mestizo,Diario,Matutina,Promovido,No,No,02-05,1,1,1,2,5,1,1,1,2,2,2
2024,19-04-0176-43,Zacapa,1901,Público,Rural,Mujer,1,Primaria,Ladino/Mestizo,Diario,Matutina,No promovido,Sí,No,19-04,1,2,2,2,5,1,1,5,1,2,19
2024,19-05-0042-42,Zacapa,1901,Público,Rural,Hombre,0,Preprimaria,Ladino/Mestizo,Diario,Doble,Promovido,No,No,19-05,1,2,1,1,5,1,4,1,2,2,19
2024,02-07-0156-42,El Progreso,201,Público,Rural,Hombre,5,Preprimaria,Ladino/Mestizo,Diario,Matutina,Promovido,No,No,02-07,1,2,1,1,5,1,1,1,2,2,2
2024,19-05-0027-42,Zacapa,1901,Privado,Urbana,Hombre,0,Preprimaria,Ladino/Mestizo,Diario,Vespertina,Promovido,No,No,19-05,2,1,1,1,5,1,2,1,2,2,19
2024,19-04-1134-42,Zacapa,1901,Público,Rural,Hombre,4,Preprimaria,Ladino/Mestizo,Diario,Matutina,Promovido,No,No,19-04,1,2,1,1,5,1,1,1,2,2,19
2024,15-07-0039-42,Baja Verapaz,1501,Público,Rural,Hombre,2,Preprimaria,Ladino/Mestizo,Diario,Matutina,Promovido,No,No,15-07,1,2,1,1,5,1,1,1,2,2,15
2024,15-01-0166-42,Baja Verapaz,1501,Privado,Urbana,Hombre,5,Preprimaria,Ladino/Mestizo,Diario,Matutina,Promovido,No,No,15-01,2,1,1,1,5,1,1,1,2,2,15
2024,15-01-0009-43,Baja Verapaz,1501,Privado,Urbana,Hombre,5,Primaria,Ladino/Mestizo,Diario,Matutina,Promovido,No,No,15-01,2,1,1,2,5,1,1,1,2,2,15
2024,15-03-1238-41,Baja Verapaz,1501,Público,Rural,Mujer,5,Preprimaria,Maya,Diario,Matutina,Promovido,No,No,15-03,1,2,2,1,1,1,1,1,2,2,15
2024,19-03-0113-43,Zacapa,1901,Público,Rural,Hombre,3,Primaria,Ladino/Mestizo,Diario,Matutina,Promovido,No,No,19-03,1,2,1,2,5,1,1,1,2,2,19
2024,15-03-0119-43,Baja Verapaz,1501,Público,Rural,Mujer,4,Primaria,Maya,Diario,Matutina,Promovido,No,No,15-03,1,2,2,2,1,1,1,1,2,2,15
2024,19-06-0219-43,Zacapa,1901,Público,Rural,Mujer,5,Primaria,Ladino/Mestizo,Diario,Matutina,No promovido,Sí,No,19-06,1,2,2,2,5,1,1,5,1,2,19
2024,15-04-0100-46,Baja Verapaz,1501,Público,Rural,Hombre,5,Diversificado,Maya,Diario,Vespertina,Promovido,No,Sí,15-04,1,2,1,4,1,1,2,1,2,1,15
2024,15-07-1671-43,Baja Verapaz,1501,Público,Urbana,Mujer,5,Primaria,Ladino/Mestizo,Diario,Vespertina,Promovido,No,No,15-07,1,1,2,2,5,1,2,1,2,2,15
2024,19-06-0216-43,Zacapa,1901,Público,Urbana,Hombre,1,Primaria,Ladino/Mestizo,Diario,Matutina,Promovido,No,No,19-06,1,1,1,2,5,1,1,1,2,2,19
2024,15-02-0004-42,Baja Verapaz,1501,Público,Rural,Mujer,5,Preprimaria,Maya,Diario,Matutina,Promovido,No,No,15-02,1,2,2,1,1,1,1,1,2,2,15
2024,19-04-0028-45,Zacapa,1901,Público,Rural,Mujer,2,Básico,Ladino/Mestizo,Diario,Vespertina,Promovido,No,No,19-04,1,2,2,3,5,1,2,1,2,2,19
2024,15-01-1259-43,Baja Verapaz,1501,Público,Urbana,Mujer,4,Primaria,Maya,Diario,Vespertina,Promovido,No,No,15-01,1,1,2,2,1,1,2,1,2,2,15
2024,02-03-0653-43,El Progreso,201,Público,Rural,Hombre,4,Primaria,Ladino/Mestizo,Diario,Matutina,Promovido,No,No,02-03,1,2,1,2,5,1,1,1,2,2,2
2024,15-01-1950-43,Baja Verapaz,1501,Público,Urbana,Hombre,4,Primaria,Ladino/Mestizo,Diario,Matutina,Promovido,No,No,15-01,1,1,1,2,5,1,1,1,2,2,15
2024,02-07-0172-43,El Progreso,201,Público,Rural,Mujer,3,Primaria,Ladino/Mestizo,Diario,Matutina,Promovido,No,No,02-07,1,2,2,2,5,1,1,1,2,2,2
2024,19-04-0019-43,Zacapa,1901,Público,Rural,Mujer,1,Primaria,Ladino/Mestizo,Diario,Matutina,Promovido,No,No,19-04,1,2,2,2,5,1,1,1,2,2,19
2024,19-04-0037-43,Zacapa,1901,Público,Rural,Mujer,6,Primaria,Ladino/Mestizo,Diario,Matutina,Promovido,No,No,19-04,1,2,2,2,5,1,1,1,2,2,19
2024,02-03-0821-45,El Progreso,201,Público,Rural,Hombre,2,Básico,Ladino/Mestizo,Diario,Matutina,No promovido,No,No,02-03,1,2,1,3,5,1,1,5,2,2,2
2024,19-04-0138-43,Zacapa,1901,Público,Rural,Hombre,4,Primaria,Ladino/Mestizo,Diario,Matutina,Promovido,No,No,19-04,1,2,1,2,5,1,1,1,2,2,19
2024,15-01-0018-43,Baja Verapaz,1501,Público,Urbana,Mujer,1,Primaria,Ladino/Mestizo,Diario,Matutina,Promovido,No,No,15-01,1,1,2,2,5,1,1,1,2,2,15
2024,15-01-0112-46,Baja Verapaz,1501,Privado,Urbana,Mujer,5,Diversificado,Ladino/Mestizo,Diario,Matutina,Promovido,No,Sí,15-01,2,1,2,4,5,1,1,1,2,1,15
2024,19-04-0306-43,Zacapa,1901,Público,Rural,Mujer,6,Primaria,Ladino/Mestizo,Diario,Matutina,Promovido,No,No,19-04,1,2,2,2,5,1,1,1,2,2,19
2024,15-07-0239-43,Baja Verapaz,1501,Público,Rural,Mujer,1,Primaria,Ladino/Mestizo,Diario,Matutina,Promovido,No,No,15-07,1,2,2,2,5,1,1,1,2,2,15
2024,15-06-0233-43,Baja Verapaz,1501,Público,Rural,Hombre,6,Primaria,Ladino/Mestizo,Diario,Matutina,Promovido,No,No,15-06,1,2,1,2,5,1,1,1,2,2,15
2024,15-01-1848-43,Baja Verapaz,1501,Privado,Urbana,Mujer,3,Primaria,Ladino/Mestizo,Diario,Matutina,Promovido,No,No,15-01,2,1,2,2,5,1,1,1,2,2,15
2024,02-07-0291-42,El Progreso,201,Público,Rural,Mujer,5,Preprimaria,Ladino/Mestizo,Diario,Matutina,Promovido,No,No,02-07,1,2,2,1,5,1,1,1,2,2,2
2024,19-01-0011-43,Zacapa,1901,Público,Urbana,Hombre,2,Primaria,Ladino/Mestizo,Diario,Matutina,No promovido,No,No,19-01,1,1,1,2,5,1,1,5,2,2,19
2024,02-07-0755-46,El Progreso,201,Privado,Urbana,Mujer,6,Diversificado,Ladino/Mestizo,Diario,Matutina,Promovido,No,Sí,02-07,2,1,2,4,5,1,1,1,2,1,2
2024,02-01-0639-43,El Progreso,201,Privado,Urbana,Hombre,3,Primaria,Ladino/Mestizo,Diario,Matutina,Promovido,No,No,02-01,2,1,1,2,5,1,1,1,2,2,2
2024,02-03-0101-45,El Progreso,201,Cooperativa,Rural,Mujer,2,Básico,Ladino/Mestizo,Diario,Vespertina,Promovido,No,No,02-03,4,2,2,3,5,1,2,1,2,2,2
2024,19-05-0210-43,Zacapa,1901,Público,Rural,Hombre,2,Primaria,Ladino/Mestizo,Diario,Matutina,Promovido,No,No,19-05,1,2,1,2,5,1,1,1,2,2,19
2024,19-03-0128-45,Zacapa,1901,Cooperativa,Rural,Hombre,1,Básico,Ladino/Mestizo,Diario,Vespertina,Promovido,No,No,19-03,4,2,1,3,5,1,2,1,2,2,19
2024,15-04-2181-45,Baja Verapaz,1501,Público,Rural,Hombre,1,Básico,Maya,Diario,Vespertina,Promovido,No,No,15-04,1,2,1,3,1,1,2,1,2,2,15
2024,19-07-0775-43,Zacapa,1901,Público,Urbana,Mujer,6,Primaria,Ladino/Mestizo,Diario,Vespertina,Promovido,No,No,19-07,1,1,2,2,5,1,2,1,2,2,19
2024,02-01-0516-42,El Progreso,201,Público,Rural,Hombre,4,Preprimaria,Ladino/Mestizo,Diario,Matutina,Promovido,No,No,02-01,1,2,1,1,5,1,1,1,2,2,2
2024,02-07-0199-45,El Progreso,201,Privado,Urbana,Mujer,1,Básico,Ladino/Mestizo,Diario,Matutina,Promovido,No,No,02-07,2,1,2,3,5,1,1,1,2,2,2
2024,19-09-0281-43,Zacapa,1901,Público,Rural,Hombre,3,Primaria,Ladino/Mestizo,Diario,Matutina,Promovido,No,No,19-09,1,2,1,2,5,1,1,1,2,2,19
2024,15-04-0087-43,Baja Verapaz,1501,Público,Rural,Hombre,1,Primaria,Maya,Diario,Matutina,No promovido,Sí,No,15-04,1,2,1,2,1,1,1,5,1,2,15
2024,19-04-0811-42,Zacapa,1901,Público,Urbana,Hombre,3,Preprimaria,Ladino/Mestizo,Diario,Matutina,Promovido,No,No,19-04,1,1,1,1,5,1,1,1,2,2,19
2024,02-08-0221-43,El Progreso,201,Público,Rural,Hombre,4,Primaria,Ladino/Mestizo,Diario,Matutina,Promovido,No,No,02-08,1,2,1,2,5,1,1,1,2,2,2
2024,15-04-0328-43,Baja Verapaz,1501,Público,Rural,Hombre,1,Primaria,Ladino/Mestizo,Diario,Matutina,Promovido,No,No,15-04,1,2,1,2,5,1,1,1,2,2,15
2024,19-01-0120-45,Zacapa,1901,Público,Rural,Mujer,1,Básico,Ladino/Mestizo,Diario,Vespertina,Promovido,No,No,19-01,1,2,2,3,5,1,2,1,2,2,19
2024,15-08-0334-41,Baja Verapaz,1501,Público,Rural,Hombre,4,Preprimaria,Maya,Diario,Matutina,Promovido,No,No,15-08,1,2,1,1,1,1,1,1,2,2,15
2024,02-03-0140-43,El Progreso,201,Privado,Urbana,Hombre,3,Primaria,Ladino/Mestizo,Diario,Matutina,Promovido,No,No,02-03,2,1,1,2,5,1,1,1,2,2,2
2024,19-05-0557-43,Zacapa,1901,Privado,Urbana,Mujer,1,Primaria,Ladino/Mestizo,Diario,Matutina,Promovido,No,No,19-05,2,1,2,2,5,1,1,1,2,2,19
2024,15-04-0064-43,Baja Verapaz,1501,Público,Rural,Mujer,4,Primaria,Maya,Diario,Matutina,Promovido,No,No,15-04,1,2,2,2,1,1,1,1,2,2,15
2024,15-03-0123-43,Baja Verapaz,1501,Público,Rural,Hombre,3,Primaria,Maya,Diario,Matutina,Promovido,No,No,15-03,1,2,1,2,1,1,1,1,2,2,15
2024,19-04-0146-43,Zacapa,1901,Público,Rural,Mujer,4,Primaria,Ladino/Mestizo,Diario,Matutina,No promovido,Sí,No,19-04,1,2,2,2,5,1,1,5,1,2,19
2024,19-01-0011-43,Zacapa,1901,Público,Urbana,Hombre,2,Primaria,Ladino/Mestizo,Diario,Matutina,Promovido,Sí,No,19-01,1,1,1,2,5,1,1,1,1,2,19
2024,02-08-0208-43,El Progreso,201,Público,Rural,Mujer,4,Primaria,Ladino/Mestizo,Diario,Matutina,Promovido,No,No,02-08,1,2,2,2,5,1,1,1,2,2,2
2024,15-04-0187-45,Baja Verapaz,1501,Cooperativa,Urbana,Mujer,1,Básico,Maya,Diario,Vespertina,Promovido,No,No,15-04,4,1,2,3,1,1,2,1,2,2,15
2024,19-04-1095-42,Zacapa,1901,Público,Rural,Mujer,5,Preprimaria,Ladino/Mestizo,Diario,Matutina,Promovido,No,No,19-04,1,2,2,1,5,1,1,1,2,2,19
2024,19-09-0799-42,Zacapa,1901,Público,Rural,Mujer,6,Preprimaria,Ladino/Mestizo,Diario,Matutina,Promovido,No,No,19-09,1,2,2,1,5,1,1,1,2,2,19
2024,19-01-0734-42,Zacapa,1901,Público,Rural,Mujer,2,Preprimaria,Ladino/Mestizo,Diario,Matutina,Promovido,No,No,19-01,1,2,2,1,5,1,1,1,2,2,19
2024,19-02-0089-43,Zacapa,1901,Público,Urbana,Hombre,1,Primaria,Ladino/Mestizo,Diario,Matutina,Promovido,Sí,No,19-02,1,1,1,2,5,1,1,1,1,2,19
2024,02-02-0055-45,El Progreso,201,Cooperativa,Urbana,Mujer,1,Básico,Ladino/Mestizo,Diario,Vespertina,Promovido,No,No,02-02,4,1,2,3,5,1,2,1,2,2,2
2024,15-01-0107-45,Baja Verapaz,1501,Privado,Urbana,Hombre,1,Básico,Maya,Fin de semana,Doble,Promovido,No,Ignorado,15-01,2,1,1,3,1,2,4,1,2,9,15
2024,15-01-0112-46,Baja Verapaz,1501,Privado,Urbana,Mujer,4,Diversificado,Ladino/Mestizo,Diario,Matutina,Promovido,No,No,15-01,2,1,2,4,5,1,1,1,2,2,15
2024,15-03-0059-46,Baja Verapaz,1501,Privado,Urbana,Hombre,6,Diversificado,Ladino/Mestizo,Diario,Vespertina,Promovido,No,Sí,15-03,2,1,1,4,5,1,2,1,2,1,15
2024,02-03-0057-42,El Progreso,201,Público,Urbana,Mujer,5,Preprimaria,Ladino/Mestizo,Diario,Matutina,Promovido,No,No,02-03,1,1,2,1,5,1,1,1,2,2,2
2024,02-03-0802-42,El Progreso,201,Público,Rural,Mujer,6,Preprimaria,Ladino/Mestizo,Diario,Matutina,Promovido,No,No,02-03,1,2,2,1,5,1,1,1,2,2,2
2024,19-01-0112-43,Zacapa,1901,Público,Rural,Hombre,3,Primaria,Ladino/Mestizo,Diario,Matutina,No promovido,Sí,No,19-01,1,2,1,2,5,1,1,5,1,2,19
2024,15-08-0276-43,Baja Verapaz,1501,Público,Urbana,Mujer,2,Primaria,Ladino/Mestizo,Diario,Matutina,Promovido,No,No,15-08,1,1,2,2,5,1,1,1,2,2,15
2024,19-04-0035-42,Zacapa,1901,Público,Rural,Mujer,6,Preprimaria,Extranjero,Diario,Matutina,Retirado,No,No,19-04,1,2,2,1,6,1,1,3,2,2,19
2024,19-11-0019-45,Zacapa,1901,Cooperativa,Urbana,Hombre,2,Básico,Ladino/Mestizo,Diario,Vespertina,No promovido,No,No,19-11,4,1,1,3,5,1,2,5,2,2,19
2024,15-08-0097-43,Baja Verapaz,1501,Público,Rural,Hombre,4,Primaria,Maya,Diario,Matutina,No promovido,No,No,15-08,1,2,1,2,1,1,1,5,2,2,15
2024,15-08-0162-42,Baja Verapaz,1501,Público,Rural,Mujer,5,Preprimaria,Maya,Diario,Matutina,Promovido,No,No,15-08,1,2,2,1,1,1,1,1,2,2,15
2024,02-07-0007-45,El Progreso,201,Público,Rural,Mujer,1,Básico,Ladino/Mestizo,Diario,Matutina,Retirado,No,No,02-07,1,2,2,3,5,1,1,3,2,2,2
2024,15-01-0011-43,Baja Verapaz,1501,Público,Rural,Mujer,6,Primaria,Ladino/Mestizo,Diario,Matutina,Promovido,No,No,15-01,1,2,2,2,5,1,1,1,2,2,15
2024,02-03-0060-43,El Progreso,201,Público,Urbana,Mujer,2,Primaria,Ladino/Mestizo,Diario,Matutina,Promovido,No,No,02-03,1,1,2,2,5,1,1,1,2,2,2
2024,02-08-0214-43,El Progreso,201,Público,Rural,Mujer,4,Primaria,Ladino/Mestizo,Diario,Matutina,Promovido,No,No,02-08,1,2,2,2,5,1,1,1,2,2,2
2024,15-08-0333-41,Baja Verapaz,1501,Público,Rural,Mujer,6,Preprimaria,Maya,Diario,Matutina,Promovido,No,No,15-08,1,2,2,1,1,1,1,1,2,2,15
2024,19-02-0015-42,Zacapa,1901,Público,Urbana,Hombre,6,Preprimaria,Ladino/Mestizo,Diario,Doble,Promovido,No,No,19-02,1,1,1,1,5,1,4,1,2,2,19
2024,15-08-1251-43,Baja Verapaz,1501,Público,Rural,Hombre,1,Primaria,Maya,Diario,Matutina,No promovido,Sí,No,15-08,1,2,1,2,1,1,1,5,1,2,15
2024,15-07-0016-45,Baja Verapaz,1501,Público,Rural,Hombre,1,Básico,Ladino/Mestizo,Diario,Vespertina,Promovido,No,No,15-07,1,2,1,3,5,1,2,1,2,2,15
2024,02-08-0204-42,El Progreso,201,Público,Urbana,Mujer,4,Preprimaria,Ladino/Mestizo,Diario,Matutina,Promovido,No,No,02-08,1,1,2,1,5,1,1,1,2,2,2
2024,02-03-0075-43,El Progreso,201,Público,Rural,Hombre,1,Primaria,Ladino/Mestizo,Diario,Matutina,Promovido,No,No,02-03,1,2,1,2,5,1,1,1,2,2,2
2024,19-11-0005-42,Zacapa,1901,Público,Rural,Mujer,3,Preprimaria,Ladino/Mestizo,Diario,Matutina,Promovido,No,No,19-11,1,2,2,1,5,1,1,1,2,2,19
2024,02-01-0007-43,El Progreso,201,Público,Rural,Mujer,6,Primaria,Ladino/Mestizo,Diario,Matutina,Promovido,No,No,02-01,1,2,2,2,5,1,1,1,2,2,2
2024,15-04-1216-43,Baja Verapaz,1501,Público,Rural,Mujer,5,Primaria,Maya,Diario,Matutina,Retirado,No,No,15-04,1,2,2,2,1,1,1,3,2,2,15
2024,19-04-0050-43,Zacapa,1901,Público,Rural,Mujer,6,Primaria,Ladino/Mestizo,Diario,Matutina,Promovido,No,No,19-04,1,2,2,2,5,1,1,1,2,2,19
2024,15-04-0065-43,Baja Verapaz,1501,Público,Rural,Mujer,5,Primaria,Maya,Diario,Matutina,Promovido,No,No,15-04,1,2,2,2,1,1,1,1,2,2,15
2024,15-01-0124-45,Baja Verapaz,1501,Privado,Urbana,Hombre,2,Básico,Maya,Diario,Matutina,Promovido,No,No,15-01,2,1,1,3,1,1,1,1,2,2,15
2024,19-03-0004-46,Zacapa,1901,Cooperativa,Urbana,Hombre,6,Diversificado,Ladino/Mestizo,Diario,Vespertina,Promovido,No,Sí,19-03,4,1,1,4,5,1,2,1,2,1,19
2024,19-05-0891-42,Zacapa,1901,Público,Rural,Mujer,5,Preprimaria,Ladino/Mestizo,Diario,Matutina,Promovido,No,No,19-05,1,2,2,1,5,1,1,1,2,2,19
2024,15-04-0670-46,Baja Verapaz,1501,Privado,Urbana,Hombre,4,Diversificado,Ladino/Mestizo,Diario,Vespertina,Promovido,No,No,15-04,2,1,1,4,5,1,2,1,2,2,15
2024,19-06-0224-43,Zacapa,1901,Público,Rural,Hombre,3,Primaria,Ladino/Mestizo,Diario,Matutina,Promovido,No,No,19-06,1,2,1,2,5,1,1,1,2,2,19
2024,19-05-0774-43,Zacapa,1901,Público,Urbana,Mujer,3,Primaria,Ladino/Mestizo,Diario,Vespertina,Promovido,No,No,19-05,1,1,2,2,5,1,2,1,2,2,19
2024,15-02-0143-45,Baja Verapaz,1501,Público,Rural,Mujer,2,Básico,Maya,Diario,Matutina,Vigente,No,No,15-02,1,2,2,3,1,1,1,2,2,2,15
2024,19-01-0353-43,Zacapa,1901,Público,Urbana,Mujer,5,Primaria,Ladino/Mestizo,Diario,Vespertina,No promovido,No,No,19-01,1,1,2,2,5,1,2,5,2,2,19
2024,15-02-0079-43,Baja Verapaz,1501,Público,Rural,Mujer,6,Primaria,Maya,Diario,Matutina,Promovido,No,No,15-02,1,2,2,2,1,1,1,1,2,2,15
2024,19-01-0047-43,Zacapa,1901,Público,Rural,Hombre,1,Primaria,Ladino/Mestizo,Diario,Matutina,Promovido,No,No,19-01,1,2,1,2,5,1,1,1,2,2,19
2024,02-03-0131-45,El Progreso,201,Privado,Urbana,Hombre,1,Básico,Ladino/Mestizo,Diario,Vespertina,Promovido,No,No,02-03,2,1,1,3,5,1,2,1,2,2,2
2024,15-08-0100-43,Baja Verapaz,1501,Público,Rural,Mujer,1,Primaria,Maya,Diario,Matutina,Promovido,No,No,15-08,1,2,2,2,1,1,1,1,2,2,15
2024,15-01-1849-45,Baja Verapaz,1501,Privado,Urbana,Hombre,1,Básico,Ladino/Mestizo,Diario,Matutina,Promovido,No,No,15-01,2,1,1,3,5,1,1,1,2,2,15
2024,15-03-0103-43,Baja Verapaz,1501,Público,Urbana,Mujer,1,Primaria,Maya,Diario,Matutina,Promovido,No,No,15-03,1,1,2,2,1,1,1,1,2,2,15
2024,19-06-0223-43,Zacapa,1901,Público,Rural,Hombre,2,Primaria,Ladino/Mestizo,Diario,Matutina,Retirado,No,No,19-06,1,2,1,2,5,1,1,3,2,2,19
2024,15-08-0208-45,Baja Verapaz,1501,Público,Urbana,Hombre,1,Básico,Ladino/Mestizo,Diario,Matutina,Promovido,No,No,15-08,1,1,1,3,5,1,1,1,2,2,15
2024,19-04-0132-43,Zacapa,1901,Público,Urbana,Hombre,4,Primaria,Ladino/Mestizo,Diario,Matutina,Retirado,No,No,19-04,1,1,1,2,5,1,1,3,2,2,19
2024,15-01-2111-45,Baja Verapaz,1501,Público,Rural,Mujer,1,Básico,Ladino/Mestizo,Diario,Vespertina,Promovido,No,No,15-01,1,2,2,3,5,1,2,1,2,2,15
2024,15-02-1235-42,Baja Verapaz,1501,Público,Rural,Mujer,2,Preprimaria,Maya,Diario,Matutina,Promovido,No,No,15-02,1,2,2,1,1,1,1,1,2,2,15
2024,15-08-1802-41,Baja Verapaz,1501,Público,Rural,Hombre,4,Preprimaria,Maya,Diario,Matutina,Promovido,No,No,15-08,1,2,1,1,1,1,1,1,2,2,15
2024,19-01-0353-43,Zacapa,1901,Público,Urbana,Hombre,6,Primaria,Ladino/Mestizo,Diario,Vespertina,Promovido,No,No,19-01,1,1,1,2,5,1,2,1,2,2,19
2024,19-01-0958-43,Zacapa,1901,Público,Rural,Hombre,1,Primaria,Ladino/Mestizo,Diario,Matutina,Promovido,No,No,19-01,1,2,1,2,5,1,1,1,2,2,19
2024,19-05-0213-45,Zacapa,1901,Público,Urbana,Mujer,2,Básico,Ladino/Mestizo,Diario,Matutina,Promovido,No,No,19-05,1,1,2,3,5,1,1,1,2,2,19
2024,02-01-0007-43,El Progreso,201,Público,Rural,Hombre,3,Primaria,Ladino/Mestizo,Diario,Matutina,Promovido,No,No,02-01,1,2,1,2,5,1,1,1,2,2,2
2024,15-05-0189-43,Baja Verapaz,1501,Público,Urbana,Hombre,1,Primaria,Ladino/Mestizo,Diario,Matutina,Promovido,No,No,15-05,1,1,1,2,5,1,1,1,2,2,15
2024,19-01-0061-43,Zacapa,1901,Público,Rural,Mujer,3,Primaria,Ladino/Mestizo,Diario,Matutina,Retirado,No,No,19-01,1,2,2,2,5,1,1,3,2,2,19
2024,02-06-0449-42,El Progreso,201,Público,Rural,Mujer,6,Preprimaria,Ladino/Mestizo,Diario,Matutina,Promovido,No,No,02-06,1,2,2,1,5,1,1,1,2,2,2
2024,02-07-0007-45,El Progreso,201,Público,Rural,Hombre,3,Básico,Maya,Diario,Matutina,Retirado,No,No,02-07,1,2,1,3,1,1,1,3,2,2,2
2024,19-04-1149-46,Zacapa,1901,Municipal,Urbana,Mujer,4,Diversificado,Ladino/Mestizo,Diario,Vespertina,Promovido,No,No,19-04,3,1,2,4,5,1,2,1,2,2,19
2024,15-07-0241-43,Baja Verapaz,1501,Público,Rural,Hombre,6,Primaria,Maya,Diario,Matutina,Promovido,No,No,15-07,1,2,1,2,1,1,1,1,2,2,15
2024,02-03-0671-43,El Progreso,201,Público,Rural,Hombre,1,Primaria,Ladino/Mestizo,Diario,Matutina,No promovido,No,No,02-03,1,2,1,2,5,1,1,5,2,2,2
2024,19-01-0061-43,Zacapa,1901,Público,Rural,Mujer,6,Primaria,Ladino/Mestizo,Diario,Matutina,Promovido,No,No,19-01,1,2,2,2,5,1,1,1,2,2,19
2024,15-07-0242-43,Baja Verapaz,1501,Público,Rural,Mujer,1,Primaria,Ladino/Mestizo,Diario,Matutina,Promovido,No,No,15-07,1,2,2,2,5,1,1,1,2,2,15
2024,19-01-0072-45,Zacapa,1901,Público,Urbana,Hombre,3,Básico,Ladino/Mestizo,Diario,Matutina,No promovido,No,No,19-01,1,1,1,3,5,1,1,5,2,2,19
2024,15-08-0102-45,Baja Verapaz,1501,Público,Rural,Hombre,1,Básico,Maya,Diario,Vespertina,Promovido,No,No,15-08,1,2,1,3,1,1,2,1,2,2,15
2024,15-03-1812-43,Baja Verapaz,1501,Público,Urbana,Hombre,2,Primaria,Maya,Diario,Vespertina,Promovido,No,No,15-03,1,1,1,2,1,1,2,1,2,2,15
2024,19-01-0353-43,Zacapa,1901,Público,Urbana,Hombre,3,Primaria,Ladino/Mestizo,Diario,Vespertina,Promovido,No,No,19-01,1,1,1,2,5,1,2,1,2,2,19
2024,19-04-0028-45,Zacapa,1901,Público,Rural,Mujer,3,Básico,Ladino/Mestizo,Diario,Vespertina,Promovido,No,No,19-04,1,2,2,3,5,1,2,1,2,2,19
2024,19-03-0004-46,Zacapa,1901,Cooperativa,Urbana,Hombre,5,Diversificado,Ladino/Mestizo,Diario,Vespertina,Promovido,No,No,19-03,4,1,1,4,5,1,2,1,2,2,19
2024,02-03-0062-43,El Progreso,201,Público,Rural,Hombre,1,Primaria,Ladino/Mestizo,Diario,Matutina,No promovido,No,No,02-03,1,2,1,2,5,1,1,5,2,2,2
2024,15-08-0187-43,Baja Verapaz,1501,Público,Rural,Hombre,1,Primaria,Maya,Diario,Matutina,No promovido,Sí,No,15-08,1,2,1,2,1,1,1,5,1,2,15
2024,02-07-0198-45,El Progreso,201,Público,Urbana,Mujer,3,Básico,Ladino/Mestizo,Diario,Matutina,Promovido,No,No,02-07,1,1,2,3,5,1,1,1,2,2,2
2024,15-05-0036-43,Baja Verapaz,1501,Público,Rural,Hombre,5,Primaria,Ladino/Mestizo,Diario,Matutina,Promovido,No,No,15-05,1,2,1,2,5,1,1,1,2,2,15
2024,19-01-0958-43,Zacapa,1901,Público,Rural,Mujer,5,Primaria,Ladino/Mestizo,Diario,Matutina,Promovido,No,No,19-01,1,2,2,2,5,1,1,1,2,2,19
2024,15-03-0346-43,Baja Verapaz,1501,Público,Rural,Hombre,3,Primaria,Maya,Diario,Matutina,Promovido,No,No,15-03,1,2,1,2,1,1,1,1,2,2,15
2024,19-07-0239-43,Zacapa,1901,Público,Rural,Mujer,3,Primaria,Ladino/Mestizo,Diario,Matutina,Promovido,No,No,19-07,1,2,2,2,5,1,1,1,2,2,19
2024,19-04-0184-43,Zacapa,1901,Público,Rural,Hombre,2,Primaria,Ladino/Mestizo,Diario,Matutina,Promovido,No,No,19-04,1,2,1,2,5,1,1,1,2,2,19
2024,19-09-0282-43,Zacapa,1901,Público,Rural,Mujer,1,Primaria,Ladino/Mestizo,Diario,Matutina,No promovido,Sí,No,19-09,1,2,2,2,5,1,1,5,1,2,19
2024,15-04-0670-46,Baja Verapaz,1501,Privado,Urbana,Hombre,5,Diversificado,Maya,Diario,Vespertina,Promovido,No,No,15-04,2,1,1,4,1,1,2,1,2,2,15
2024,15-08-0359-43,Baja Verapaz,1501,Público,Rural,Mujer,4,Primaria,Maya,Diario,Matutina,Promovido,No,No,15-08,1,2,2,2,1,1,1,1,2,2,15
2024,19-03-1189-45,Zacapa,1901,Cooperativa,Rural,Hombre,2,Básico,Ladino/Mestizo,Diario,Vespertina,Promovido,No,No,19-03,4,2,1,3,5,1,2,1,2,2,19
2024,15-01-0038-43,Baja Verapaz,1501,Público,Rural,Hombre,1,Primaria,Ladino/Mestizo,Diario,Matutina,Promovido,No,No,15-01,1,2,1,2,5,1,1,1,2,2,15
2024,15-03-0094-42,Baja Verapaz,1501,Público,Urbana,Hombre,5,Preprimaria,Maya,Diario,Matutina,Promovido,No,No,15-03,1,1,1,1,1,1,1,1,2,2,15
2024,15-08-0151-45,Baja Verapaz,1501,Público,Rural,Hombre,2,Básico,Maya,Diario,Vespertina,Promovido,No,No,15-08,1,2,1,3,1,1,2,1,2,2,15
2024,19-01-0072-45,Zacapa,1901,Público,Urbana,Mujer,3,Básico,Ladino/Mestizo,Diario,Matutina,Promovido,No,No,19-01,1,1,2,3,5,1,1,1,2,2,19
2024,15-01-0052-46,Baja Verapaz,1501,Privado,Urbana,Hombre,4,Diversificado,Ladino/Mestizo,Diario,Vespertina,Promovido,No,No,15-01,2,1,1,4,5,1,2,1,2,2,15
2024,15-02-0079-43,Baja Verapaz,1501,Público,Rural,Mujer,5,Primaria,Maya,Diario,Matutina,Promovido,Sí,No,15-02,1,2,2,2,1,1,1,1,1,2,15
2024,19-05-0049-46,Zacapa,1901,Cooperativa,Urbana,Mujer,5,Diversificado,Ladino/Mestizo,Diario,Vespertina,Promovido,No,No,19-05,4,1,2,4,5,1,2,1,2,2,19
2024,15-02-1764-42,Baja Verapaz,1501,Público,Urbana,Hombre,3,Preprimaria,Maya,Diario,Matutina,Promovido,No,No,15-02,1,1,1,1,1,1,1,1,2,2,15
2024,15-08-0355-43,Baja Verapaz,1501,Público,Rural,Hombre,2,Primaria,Maya,Diario,Matutina,Promovido,No,No,15-08,1,2,1,2,1,1,1,1,2,2,15
2024,02-01-0514-42,El Progreso,201,Público,Rural,Hombre,6,Preprimaria,Ladino/Mestizo,Diario,Matutina,Promovido,No,No,02-01,1,2,1,1,5,1,1,1,2,2,2
2024,15-02-0069-42,Baja Verapaz,1501,Público,Rural,Hombre,3,Preprimaria,Ladino/Mestizo,Diario,Matutina,Promovido,No,No,15-02,1,2,1,1,5,1,1,1,2,2,15
2024,02-07-0162-43,El Progreso,201,Público,Rural,Hombre,5,Primaria,Ladino/Mestizo,Diario,Matutina,Promovido,No,No,02-07,1,2,1,2,5,1,1,1,2,2,2
2024,02-03-0708-42,El Progreso,201,Público,Rural,Hombre,5,Preprimaria,Ladino/Mestizo,Diario,Matutina,Promovido,No,No,02-03,1,2,1,1,5,1,1,1,2,2,2
2024,15-03-0143-46,Baja Verapaz,1501,Privado,Urbana,Hombre,4,Diversificado,Ladino/Mestizo,Semipresencial,Ignorado,Promovido,No,Sí,15-03,2,1,1,4,5,4,9,1,2,1,15
2024,19-03-1189-45,Zacapa,1901,Cooperativa,Rural,Mujer,3,Básico,Ladino/Mestizo,Diario,Vespertina,Promovido,No,No,19-03,4,2,2,3,5,1,2,1,2,2,19
2024,19-01-1158-42,Zacapa,1901,Público,Rural,Mujer,2,Preprimaria,Ladino/Mestizo,Diario,Matutina,Promovido,No,No,19-01,1,2,2,1,5,1,1,1,2,2,19
2024,15-01-1956-42,Baja Verapaz,1501,Público,Rural,Hombre,5,Preprimaria,Ladino/Mestizo,Diario,Vespertina,Promovido,No,No,15-01,1,2,1,1,5,1,2,1,2,2,15
2024,19-04-0168-43,Zacapa,1901,Público,Rural,Mujer,4,Primaria,Ladino/Mestizo,Diario,Matutina,Promovido,No,No,19-04,1,2,2,2,5,1,1,1,2,2,19
2024,19-06-0216-43,Zacapa,1901,Público,Urbana,Hombre,6,Primaria,Ladino/Mestizo,Diario,Matutina,Promovido,No,No,19-06,1,1,1,2,5,1,1,1,2,2,19
2024,19-04-0196-45,Zacapa,1901,Público,Urbana,Hombre,2,Básico,Ladino/Mestizo,Diario,Matutina,Promovido,No,No,19-04,1,1,1,3,5,1,1,1,2,2,19
2024,15-03-0095-42,Baja Verapaz,1501,Público,Urbana,Mujer,6,Preprimaria,Maya,Diario,Matutina,Retirado,No,No,15-03,1,1,2,1,1,1,1,3,2,2,15
2024,19-02-0095-45,Zacapa,1901,Público,Urbana,Hombre,1,Básico,Ladino/Mestizo,Diario,Matutina,Promovido,No,No,19-02,1,1,1,3,5,1,1,1,2,2,19
2024,15-02-0093-45,Baja Verapaz,1501,Cooperativa,Urbana,Mujer,1,Básico,Maya,Diario,Vespertina,Promovido,No,No,15-02,4,1,2,3,1,1,2,1,2,2,15
2024,19-11-0008-42,Zacapa,1901,Público,Rural,Mujer,5,Preprimaria,Ladino/Mestizo,Diario,Matutina,Promovido,No,No,19-11,1,2,2,1,5,1,1,1,2,2,19
2024,15-01-0024-43,Baja Verapaz,1501,Público,Rural,Hombre,1,Primaria,Ladino/Mestizo,Diario,Matutina,Promovido,Sí,No,15-01,1,2,1,2,5,1,1,1,1,2,15
2024,15-04-0175-43,Baja Verapaz,1501,Público,Rural,Mujer,3,Primaria,Ladino/Mestizo,Diario,Matutina,Promovido,No,No,15-04,1,2,2,2,5,1,1,1,2,2,15
2024,15-08-0174-45,Baja Verapaz,1501,Privado,Urbana,Hombre,2,Básico,Ladino/Mestizo,Fin de semana,Doble,Retirado,No,No,15-08,2,1,1,3,5,2,4,3,2,2,15
2024,19-09-0640-43,Zacapa,1901,Público,Rural,Mujer,1,Primaria,Ladino/Mestizo,Diario,Matutina,Promovido,No,No,19-09,1,2,2,2,5,1,1,1,2,2,19
2024,02-03-0767-42,El Progreso,201,Público,Rural,Mujer,6,Preprimaria,Ladino/Mestizo,Diario,Matutina,Promovido,No,No,02-03,1,2,2,1,5,1,1,1,2,2,2
2024,15-04-0153-43,Baja Verapaz,1501,Público,Rural,Hombre,3,Primaria,Maya,Diario,Matutina,Promovido,No,No,15-04,1,2,1,2,1,1,1,1,2,2,15
2024,19-01-0072-45,Zacapa,1901,Público,Urbana,Hombre,1,Básico,Ladino/Mestizo,Diario,Matutina,Promovido,No,No,19-01,1,1,1,3,5,1,1,1,2,2,19
2024,15-04-1216-43,Baja Verapaz,1501,Público,Rural,Hombre,5,Primaria,Maya,Diario,Matutina,Promovido,No,No,15-04,1,2,1,2,1,1,1,1,2,2,15
2024,19-10-0293-42,Zacapa,1901,Público,Urbana,Hombre,6,Preprimaria,Ladino/Mestizo,Diario,Matutina,Promovido,No,No,19-10,1,1,1,1,5,1,1,1,2,2,19
2024,02-03-0005-42,El Progreso,201,Público,Rural,Mujer,6,Preprimaria,Ladino/Mestizo,Diario,Matutina,Promovido,No,No,02-03,1,2,2,1,5,1,1,1,2,2,2
2024,19-09-0275-43,Zacapa,1901,Público,Rural,Mujer,3,Primaria,Ladino/Mestizo,Diario,Matutina,Promovido,Sí,No,19-09,1,2,2,2,5,1,1,1,1,2,19
2024,19-11-0010-43,Zacapa,1901,Público,Urbana,Hombre,1,Primaria,Ladino/Mestizo,Diario,Matutina,Promovido,No,No,19-11,1,1,1,2,5,1,1,1,2,2,19
2024,15-03-0331-41,Baja Verapaz,1501,Público,Rural,Hombre,4,Preprimaria,Maya,Diario,Matutina,Promovido,No,No,15-03,1,2,1,1,1,1,1,1,2,2,15
2024,19-04-1040-43,Zacapa,1901,Público,Rural,Hombre,5,Primaria,Ladino/Mestizo,Diario,Matutina,Promovido,Sí,No,19-04,1,2,1,2,5,1,1,1,1,2,19
2024,15-07-1547-42,Baja Verapaz,1501,Público,Rural,Hombre,5,Preprimaria,Ladino/Mestizo,Diario,Matutina,Promovido,No,No,15-07,1,2,1,1,5,1,1,1,2,2,15
2024,15-08-1527-43,Baja Verapaz,1501,Público,Urbana,Mujer,2,Primaria,Maya,Diario,Vespertina,Promovido,No,No,15-08,1,1,2,2,1,1,2,1,2,2,15
2024,19-07-0808-46,Zacapa,1901,Cooperativa,Urbana,Hombre,5,Diversificado,Ladino/Mestizo,Diario,Vespertina,Promovido,No,Ignorado,19-07,4,1,1,4,5,1,2,1,2,9,19
2024,02-03-0060-43,El Progreso,201,Público,Urbana,Hombre,3,Primaria,Ladino/Mestizo,Diario,Matutina,Promovido,No,No,02-03,1,1,1,2,5,1,1,1,2,2,2
2024,19-01-0011-43,Zacapa,1901,Público,Urbana,Hombre,3,Primaria,Ladino/Mestizo,Diario,Matutina,No promovido,No,No,19-01,1,1,1,2,5,1,1,5,2,2,19
2024,02-05-0664-46,El Progreso,201,Cooperativa,Urbana,Mujer,6,Diversificado,Ladino/Mestizo,Diario,Vespertina,Promovido,No,Sí,02-05,4,1,2,4,5,1,2,1,2,1,2
2024,15-08-0105-45,Baja Verapaz,1501,Público,Rural,Hombre,1,Básico,Maya,Diario,Vespertina,Promovido,No,No,15-08,1,2,1,3,1,1,2,1,2,2,15
2024,19-01-0011-43,Zacapa,1901,Público,Urbana,Mujer,5,Primaria,Ladino/Mestizo,Diario,Matutina,Promovido,No,No,19-01,1,1,2,2,5,1,1,1,2,2,19
2024,02-08-0215-43,El Progreso,201,Público,Rural,Mujer,1,Primaria,Ladino/Mestizo,Diario,Matutina,Promovido,Sí,No,02-08,1,2,2,2,5,1,1,1,1,2,2
2024,15-01-0112-46,Baja Verapaz,1501,Privado,Urbana,Mujer,4,Diversificado,Ladino/Mestizo,Diario,Matutina,Promovido,No,No,15-01,2,1,2,4,5,1,1,1,2,2,15
2024,19-05-0810-45,Zacapa,1901,Privado,Urbana,Hombre,2,Básico,Ladino/Mestizo,Diario,Vespertina,Promovido,No,No,19-05,2,1,1,3,5,1,2,1,2,2,19
2024,02-01-0702-43,El Progreso,201,Público,Rural,Hombre,1,Primaria,Ladino/Mestizo,Diario,Matutina,Promovido,Sí,No,02-01,1,2,1,2,5,1,1,1,1,2,2
2024,19-04-0173-43,Zacapa,1901,Público,Rural,Hombre,2,Primaria,Ladino/Mestizo,Diario,Matutina,Promovido,No,No,19-04,1,2,1,2,5,1,1,1,2,2,19
2024,02-04-0109-43,El Progreso,201,Público,Rural,Mujer,1,Primaria,Ladino/Mestizo,Diario,Matutina,Promovido,No,No,02-04,1,2,2,2,5,1,1,1,2,2,2
2024,19-01-0108-43,Zacapa,1901,Público,Rural,Mujer,1,Primaria,Ladino/Mestizo,Diario,Matutina,No promovido,No,No,19-01,1,2,2,2,5,1,1,5,2,2,19
2024,15-03-0104-43,Baja Verapaz,1501,Público,Rural,Hombre,6,Primaria,Maya,Diario,Matutina,Promovido,No,No,15-03,1,2,1,2,1,1,1,1,2,2,15
2024,02-02-0001-43,El Progreso,201,Público,Rural,Hombre,5,Primaria,Ladino/Mestizo,Diario,Matutina,Promovido,No,No,02-02,1,2,1,2,5,1,1,1,2,2,2
2024,15-07-0012-43,Baja Verapaz,1501,Público,Rural,Hombre,6,Primaria,Ladino/Mestizo,Diario,Matutina,Promovido,No,No,15-07,1,2,1,2,5,1,1,1,2,2,15
2024,19-08-0250-43,Zacapa,1901,Público,Rural,Mujer,2,Primaria,Ladino/Mestizo,Diario,Matutina,Promovido,No,No,19-08,1,2,2,2,5,1,1,1,2,2,19
2024,02-07-0161-43,El Progreso,201,Público,Urbana,Mujer,3,Primaria,Ladino/Mestizo,Diario,Matutina,Promovido,No,No,02-07,1,1,2,2,5,1,1,1,2,2,2
2024,19-04-1040-43,Zacapa,1901,Público,Rural,Hombre,2,Primaria,Ladino/Mestizo,Diario,Matutina,Retirado,No,No,19-04,1,2,1,2,5,1,1,3,2,2,19
2024,02-05-0125-43,El Progreso,201,Público,Rural,Hombre,4,Primaria,Ladino/Mestizo,Diario,Matutina,Promovido,No,No,02-05,1,2,1,2,5,1,1,1,2,2,2
2024,02-03-0075-43,El Progreso,201,Público,Rural,Hombre,3,Primaria,Ladino/Mestizo,Diario,Matutina,Promovido,No,No,02-03,1,2,1,2,5,1,1,1,2,2,2
2024,19-04-0167-43,Zacapa,1901,Público,Rural,Hombre,2,Primaria,Ladino/Mestizo,Diario,Matutina,Promovido,No,No,19-04,1,2,1,2,5,1,1,1,2,2,19
2024,19-03-1189-45,Zacapa,1901,Cooperativa,Rural,Mujer,1,Básico,Ladino/Mestizo,Diario,Vespertina,Promovido,No,No,19-03,4,2,2,3,5,1,2,1,2,2,19
2024,15-01-0018-43,Baja Verapaz,1501,Público,Urbana,Hombre,1,Primaria,Ladino/Mestizo,Diario,Matutina,Promovido,No,No,15-01,1,1,1,2,5,1,1,1,2,2,15
2024,19-03-0128-45,Zacapa,1901,Cooperativa,Rural,Hombre,3,Básico,Ladino/Mestizo,Diario,Vespertina,No promovido,No,No,19-03,4,2,1,3,5,1,2,5,2,2,19
2024,15-03-0105-43,Baja Verapaz,1501,Público,Rural,Hombre,2,Primaria,Ladino/Mestizo,Diario,Matutina,Promovido,Sí,No,15-03,1,2,1,2,5,1,1,1,1,2,15
2024,19-03-0122-43,Zacapa,1901,Público,Rural,Mujer,4,Primaria,Ladino/Mestizo,Diario,Matutina,Promovido,No,No,19-03,1,2,2,2,5,1,1,1,2,2,19
2024,19-01-0703-43,Zacapa,1901,Privado,Urbana,Mujer,6,Primaria,Ladino/Mestizo,Diario,Matutina,Promovido,No,No,19-01,2,1,2,2,5,1,1,1,2,2,19
2024,19-01-0013-43,Zacapa,1901,Público,Urbana,Hombre,1,Primaria,Ladino/Mestizo,Diario,Matutina,No promovido,No,No,19-01,1,1,1,2,5,1,1,5,2,2,19
2024,15-08-0286-43,Baja Verapaz,1501,Público,Rural,Mujer,2,Primaria,Maya,Diario,Matutina,No promovido,No,No,15-08,1,2,2,2,1,1,1,5,2,2,15
2024,02-04-0109-43,El Progreso,201,Público,Rural,Mujer,4,Primaria,Ladino/Mestizo,Diario,Matutina,Promovido,No,No,02-04,1,2,2,2,5,1,1,1,2,2,2
2024,19-06-0216-43,Zacapa,1901,Público,Urbana,Mujer,1,Primaria,Ladino/Mestizo,Diario,Matutina,Promovido,No,No,19-06,1,1,2,2,5,1,1,1,2,2,19
2024,19-09-1126-42,Zacapa,1901,Público,Rural,Mujer,6,Preprimaria,Ladino/Mestizo,Diario,Matutina,Promovido,No,No,19-09,1,2,2,1,5,1,1,1,2,2,19
2024,19-10-0295-43,Zacapa,1901,Público,Rural,Mujer,3,Primaria,Ladino/Mestizo,Diario,Matutina,Promovido,No,No,19-10,1,2,2,2,5,1,1,1,2,2,19
2024,02-07-0201-45,El Progreso,201,Cooperativa,Rural,Hombre,3,Básico,Ladino/Mestizo,Diario,Vespertina,Promovido,No,No,02-07,4,2,1,3,5,1,2,1,2,2,2
2024,02-05-0118-43,El Progreso,201,Público,Rural,Mujer,5,Primaria,Ladino/Mestizo,Diario,Matutina,Promovido,No,No,02-05,1,2,2,2,5,1,1,1,2,2,2
2024,15-03-0063-45,Baja Verapaz,1501,Público,Rural,Hombre,1,Básico,Maya,Diario,Matutina,Promovido,No,Ignorado,15-03,1,2,1,3,1,1,1,1,2,9,15
2024,02-07-0401-42,El Progreso,201,Público,Rural,Mujer,4,Preprimaria,Ladino/Mestizo,Diario,Matutina,Promovido,No,No,02-07,1,2,2,1,5,1,1,1,2,2,2
2024,02-07-0168-43,El Progreso,201,Público,Rural,Mujer,4,Primaria,Ladino/Mestizo,Diario,Matutina,Retirado,No,No,02-07,1,2,2,2,5,1,1,3,2,2,2
2024,19-09-0277-43,Zacapa,1901,Público,Rural,Mujer,5,Primaria,Ladino/Mestizo,Diario,Matutina,Promovido,No,No,19-09,1,2,2,2,5,1,1,1,2,2,19
2024,02-03-0075-43,El Progreso,201,Público,Rural,Mujer,4,Primaria,Ladino/Mestizo,Diario,Matutina,Promovido,No,No,02-03,1,2,2,2,5,1,1,1,2,2,2
2024,19-01-0008-43,Zacapa,1901,Público,Urbana,Mujer,2,Primaria,Ladino/Mestizo,Diario,Matutina,Retirado,No,No,19-01,1,1,2,2,5,1,1,3,2,2,19
2024,19-07-1154-42,Zacapa,1901,Público,Rural,Hombre,2,Preprimaria,Ladino/Mestizo,Diario,Matutina,Promovido,No,No,19-07,1,2,1,1,5,1,1,1,2,2,19
2024,19-06-0220-43,Zacapa,1901,Público,Rural,Mujer,4,Primaria,Ladino/Mestizo,Diario,Matutina,Promovido,No,No,19-06,1,2,2,2,5,1,1,1,2,2,19
2024,19-01-1138-43,Zacapa,1901,Público,Rural,Mujer,1,Primaria,Ladino/Mestizo,Diario,Matutina,No promovido,No,No,19-01,1,2,2,2,5,1,1,5,2,2,19
2024,19-01-1138-43,Zacapa,1901,Público,Rural,Mujer,1,Primaria,Ladino/Mestizo,Diario,Matutina,Promovido,Sí,No,19-01,1,2,2,2,5,1,1,1,1,2,19
2024,19-01-1138-43,Zacapa,1901,Público,Rural,Mujer,4,Primaria,Ladino/Mestizo,Diario,Matutina,Promovido,No,No,19-01,1,2,2,2,5,1,1,1,2,2,19
2024,15-03-1241-41,Baja Verapaz,1501,Público,Rural,Mujer,5,Preprimaria,Maya,Diario,Matutina,Promovido,No,No,15-03,1,2,2,1,1,1,1,1,2,2,15
2024,15-05-0035-43,Baja Verapaz,1501,Público,Rural,Mujer,1,Primaria,Ladino/Mestizo,Diario,Matutina,No promovido,No,No,15-05,1,2,2,2,5,1,1,5,2,2,15
2024,19-03-0106-43,Zacapa,1901,Público,Rural,Hombre,5,Primaria,Ladino/Mestizo,Diario,Matutina,Promovido,No,No,19-03,1,2,1,2,5,1,1,1,2,2,19
2024,15-02-0055-41,Baja Verapaz,1501,Público,Rural,Mujer,6,Preprimaria,Maya,Diario,Matutina,Promovido,No,No,15-02,1,2,2,1,1,1,1,1,2,2,15
2024,15-03-1963-46,Baja Verapaz,1501,Privado,Urbana,Mujer,5,Diversificado,Maya,Diario,Vespertina,Promovido,No,No,15-03,2,1,2,4,1,1,2,1,2,2,15
2024,15-01-0044-43,Baja Verapaz,1501,Público,Rural,Mujer,2,Primaria,Maya,Diario,Matutina,Promovido,No,No,15-01,1,2,2,2,1,1,1,1,2,2,15
2024,15-07-0243-43,Baja Verapaz,1501,Público,Rural,Hombre,1,Primaria,Ladino/Mestizo,Diario,Matutina,Promovido,No,No,15-07,1,2,1,2,5,1,1,1,2,2,15
2024,19-09-0026-43,Zacapa,1901,Público,Rural,Hombre,1,Primaria,Ladino/Mestizo,Diario,Matutina,Promovido,Sí,No,19-09,1,2,1,2,5,1,1,1,1,2,19
2024,02-01-0015-43,El Progreso,201,Público,Rural,Hombre,1,Primaria,Ladino/Mestizo,Diario,Matutina,Promovido,No,No,02-01,1,2,1,2,5,1,1,1,2,2,2
2024,19-10-0294-43,Zacapa,1901,Público,Urbana,Hombre,3,Primaria,Ladino/Mestizo,Diario,Matutina,Promovido,No,No,19-10,1,1,1,2,5,1,1,1,2,2,19
2024,19-04-0811-42,Zacapa,1901,Público,Urbana,Hombre,3,Preprimaria,Ladino/Mestizo,Diario,Matutina,Promovido,No,No,19-04,1,1,1,1,5,1,1,1,2,2,19
2024,15-04-0674-43,Baja Verapaz,1501,Público,Rural,Hombre,1,Primaria,Maya,Diario,Matutina,Promovido,Sí,No,15-04,1,2,1,2,1,1,1,1,1,2,15
2024,15-08-0354-43,Baja Verapaz,1501,Público,Rural,Mujer,5,Primaria,Maya,Diario,Matutina,Promovido,No,No,15-08,1,2,2,2,1,1,1,1,2,2,15
2024,19-03-0842-42,Zacapa,1901,Público,Rural,Hombre,6,Preprimaria,Ladino/Mestizo,Diario,Matutina,Promovido,No,No,19-03,1,2,1,1,5,1,1,1,2,2,19
2024,15-08-0175-45,Baja Verapaz,1501,Privado,Urbana,Mujer,3,Básico,Ladino/Mestizo,Diario,Vespertina,Promovido,No,No,15-08,2,1,2,3,5,1,2,1,2,2,15
2024,15-08-0109-43,Baja Verapaz,1501,Público,Rural,Hombre,4,Primaria,Maya,Diario,Matutina,Promovido,No,No,15-08,1,2,1,2,1,1,1,1,2,2,15
2024,15-01-0003-42,Baja Verapaz,1501,Público,Urbana,Hombre,6,Preprimaria,Ladino/Mestizo,Diario,Matutina,Promovido,No,No,15-01,1,1,1,1,5,1,1,1,2,2,15
2024,15-02-0050-45,Baja Verapaz,1501,Público,Urbana,Hombre,3,Básico,Maya,Diario,Matutina,Promovido,No,No,15-02,1,1,1,3,1,1,1,1,2,2,15
2024,15-04-1220-43,Baja Verapaz,1501,Público,Rural,Hombre,5,Primaria,Maya,Diario,Matutina,Promovido,No,No,15-04,1,2,1,2,1,1,1,1,2,2,15
2024,15-01-0137-42,Baja Verapaz,1501,Público,Rural,Hombre,6,Preprimaria,Ladino/Mestizo,Diario,Matutina,Promovido,No,No,15-01,1,2,1,1,5,1,1,1,2,2,15
2024,15-08-0098-43,Baja Verapaz,1501,Público,Rural,Hombre,2,Primaria,Maya,Diario,Matutina,Promovido,No,No,15-08,1,2,1,2,1,1,1,1,2,2,15
2024,15-06-0233-43,Baja Verapaz,1501,Público,Rural,Mujer,3,Primaria,Ladino/Mestizo,Diario,Matutina,Promovido,No,No,15-06,1,2,2,2,5,1,1,1,2,2,15
2024,15-04-0099-45,Baja Verapaz,1501,Público,Urbana,Mujer,1,Básico,Ladino/Mestizo,Diario,Matutina,Promovido,No,No,15-04,1,1,2,3,5,1,1,1,2,2,15
2024,15-07-0239-43,Baja Verapaz,1501,Público,Rural,Mujer,6,Primaria,Ladino/Mestizo,Diario,Matutina,Promovido,No,No,15-07,1,2,2,2,5,1,1,1,2,2,15
2024,02-03-0050-46,El Progreso,201,Privado,Urbana,Mujer,4,Diversificado,Ladino/Mestizo,Fin de semana,Doble,Promovido,No,No,02-03,2,1,2,4,5,2,4,1,2,2,2
2024,02-01-0255-45,El Progreso,201,Cooperativa,Rural,Mujer,2,Básico,Ladino/Mestizo,Diario,Vespertina,Promovido,No,No,02-01,4,2,2,3,5,1,2,1,2,2,2
2024,02-03-0670-42,El Progreso,201,Público,Rural,Mujer,6,Preprimaria,Ladino/Mestizo,Diario,Matutina,Promovido,No,No,02-03,1,2,2,1,5,1,1,1,2,2,2
2024,15-04-0136-43,Baja Verapaz,1501,Público,Urbana,Mujer,3,Primaria,Maya,Diario,Matutina,Promovido,No,No,15-04,1,1,2,2,1,1,1,1,2,2,15
2024,15-04-0165-43,Baja Verapaz,1501,Público,Rural,Hombre,4,Primaria,Ladino/Mestizo,Diario,Matutina,Promovido,No,No,15-04,1,2,1,2,5,1,1,1,2,2,15
2024,19-02-0018-45,Zacapa,1901,Público,Urbana,Hombre,2,Básico,Ladino/Mestizo,Diario,Nocturna,No promovido,No,No,19-02,1,1,1,3,5,1,3,5,2,2,19
2024,15-08-0046-43,Baja Verapaz,1501,Público,Rural,Hombre,6,Primaria,Maya,Diario,Matutina,Retirado,No,No,15-08,1,2,1,2,1,1,1,3,2,2,15
2024,19-10-0360-43,Zacapa,1901,Público,Rural,Hombre,1,Primaria,Ladino/Mestizo,Diario,Matutina,Promovido,No,No,19-10,1,2,1,2,5,1,1,1,2,2,19
2024,02-01-0562-46,El Progreso,201,Privado,Urbana,Hombre,5,Diversificado,Ladino/Mestizo,Diario,Matutina,Promovido,No,Sí,02-01,2,1,1,4,5,1,1,1,2,1,2
2024,15-07-0251-43,Baja Verapaz,1501,Público,Rural,Hombre,6,Primaria,Maya,Diario,Matutina,Promovido,No,No,15-07,1,2,1,2,1,1,1,1,2,2,15
2024,15-07-0241-43,Baja Verapaz,1501,Público,Rural,Hombre,3,Primaria,Maya,Diario,Matutina,Promovido,No,No,15-07,1,2,1,2,1,1,1,1,2,2,15
2024,02-05-0113-42,El Progreso,201,Público,Urbana,Hombre,5,Preprimaria,Ladino/Mestizo,Diario,Matutina,Promovido,No,No,02-05,1,1,1,1,5,1,1,1,2,2,2
2024,15-08-0290-43,Baja Verapaz,1501,Público,Rural,Mujer,5,Primaria,Maya,Diario,Matutina,Promovido,Sí,No,15-08,1,2,2,2,1,1,1,1,1,2,15
2024,19-06-0222-43,Zacapa,1901,Público,Rural,Mujer,3,Primaria,Ladino/Mestizo,Diario,Matutina,Promovido,No,No,19-06,1,2,2,2,5,1,1,1,2,2,19
2024,15-01-0304-43,Baja Verapaz,1501,Público,Rural,Hombre,3,Primaria,Ladino/Mestizo,Diario,Matutina,Promovido,No,No,15-01,1,2,1,2,5,1,1,1,2,2,15
2024,02-07-0691-46,El Progreso,201,Privado,Urbana,Hombre,4,Diversificado,Ladino/Mestizo,Fin de semana,Doble,Promovido,No,No,02-07,2,1,1,4,5,2,4,1,2,2,2
2024,02-07-0156-42,El Progreso,201,Público,Rural,Hombre,4,Preprimaria,Ladino/Mestizo,Diario,Matutina,Promovido,No,No,02-07,1,2,1,1,5,1,1,1,2,2,2
2024,19-04-1056-45,Zacapa,1901,Privado,Urbana,Hombre,3,Básico,Ladino/Mestizo,Fin de semana,Doble,Promovido,No,No,19-04,2,1,1,3,5,2,4,1,2,2,19
2024,15-08-0046-43,Baja Verapaz,1501,Público,Rural,Mujer,1,Primaria,Maya,Diario,Matutina,No promovido,Sí,No,15-08,1,2,2,2,1,1,1,5,1,2,15
2024,19-06-0009-45,Zacapa,1901,Público,Rural,Mujer,1,Básico,Ladino/Mestizo,Diario,Matutina,Promovido,No,No,19-06,1,2,2,3,5,1,1,1,2,2,19
2024,19-03-0006-45,Zacapa,1901,Público,Rural,Hombre,2,Básico,Ladino/Mestizo,Diario,Vespertina,Promovido,No,No,19-03,1,2,1,3,5,1,2,1,2,2,19
2024,19-10-0011-45,Zacapa,1901,Público,Rural,Hombre,1,Básico,Ladino/Mestizo,Diario,Vespertina,Promovido,No,No,19-10,1,2,1,3,5,1,2,1,2,2,19
2024,19-06-0221-43,Zacapa,1901,Público,Rural,Mujer,2,Primaria,Ladino/Mestizo,Diario,Matutina,Promovido,No,No,19-06,1,2,2,2,5,1,1,1,2,2,19
2024,15-04-0099-45,Baja Verapaz,1501,Público,Urbana,Hombre,2,Básico,Maya,Diario,Matutina,Promovido,Sí,Ignorado,15-04,1,1,1,3,1,1,1,1,1,9,15
2024,19-02-0783-42,Zacapa,1901,Público,Rural,Hombre,5,Preprimaria,Ladino/Mestizo,Diario,Matutina,Promovido,No,No,19-02,1,2,1,1,5,1,1,1,2,2,19
2024,19-10-0011-45,Zacapa,1901,Público,Rural,Mujer,1,Básico,Ladino/Mestizo,Diario,Vespertina,Promovido,No,No,19-10,1,2,2,3,5,1,2,1,2,2,19
2024,15-01-0011-43,Baja Verapaz,1501,Público,Rural,Hombre,1,Primaria,Maya,Diario,Matutina,Promovido,No,No,15-01,1,2,1,2,1,1,1,1,2,2,15
2024,19-05-0213-45,Zacapa,1901,Público,Urbana,Mujer,2,Básico,Ladino/Mestizo,Diario,Matutina,Promovido,No,No,19-05,1,1,2,3,5,1,1,1,2,2,19
2024,19-04-0035-42,Zacapa,1901,Público,Rural,Hombre,6,Preprimaria,Ladino/Mestizo,Diario,Matutina,Promovido,No,No,19-04,1,2,1,1,5,1,1,1,2,2,19
2024,02-03-0020-45,El Progreso,201,Público,Urbana,Mujer,2,Básico,Ladino/Mestizo,Diario,Matutina,Promovido,No,No,02-03,1,1,2,3,5,1,1,1,2,2,2
2024,15-05-0214-45,Baja Verapaz,1501,Cooperativa,Rural,Mujer,2,Básico,Ladino/Mestizo,Diario,Vespertina,Promovido,No,No,15-05,4,2,2,3,5,1,2,1,2,2,15
2024,02-01-0412-42,El Progreso,201,Público,Rural,Mujer,2,Preprimaria,Ladino/Mestizo,Diario,Matutina,Promovido,No,No,02-01,1,2,2,1,5,1,1,1,2,2,2
2024,19-06-0217-43,Zacapa,1901,Público,Rural,Hombre,6,Primaria,Ladino/Mestizo,Diario,Matutina,Promovido,No,No,19-06,1,2,1,2,5,1,1,1,2,2,19
2024,15-02-0038-45,Baja Verapaz,1501,Público,Rural,Mujer,1,Básico,Maya,Diario,Matutina,Promovido,No,No,15-02,1,2,2,3,1,1,1,1,2,2,15
2024,15-08-0243-42,Baja Verapaz,1501,Público,Rural,Mujer,5,Preprimaria,Maya,Diario,Matutina,Promovido,No,No,15-08,1,2,2,1,1,1,1,1,2,2,15
2024,15-01-0018-43,Baja Verapaz,1501,Público,Urbana,Hombre,2,Primaria,Ladino/Mestizo,Diario,Matutina,Promovido,No,No,15-01,1,1,1,2,5,1,1,1,2,2,15
2024,19-01-0086-45,Zacapa,1901,Privado,Urbana,Hombre,2,Básico,Ladino/Mestizo,Diario,Matutina,No promovido,No,No,19-01,2,1,1,3,5,1,1,5,2,2,19
2024,19-01-0209-46,Zacapa,1901,Privado,Urbana,Hombre,4,Diversificado,Ladino/Mestizo,Semipresencial,Ignorado,Promovido,No,Sí,19-01,2,1,1,4,5,4,9,1,2,1,19
2024,19-01-0086-45,Zacapa,1901,Privado,Urbana,Hombre,2,Básico,Ladino/Mestizo,Diario,Matutina,Promovido,No,No,19-01,2,1,1,3,5,1,1,1,2,2,19
2024,19-01-0078-46,Zacapa,1901,Público,Urbana,Hombre,4,Diversificado,Ladino/Mestizo,Diario,Vespertina,Promovido,No,No,19-01,1,1,1,4,5,1,2,1,2,2,19
2024,19-08-0260-45,Zacapa,1901,Público,Urbana,Hombre,2,Básico,Ladino/Mestizo,Diario,Matutina,Promovido,No,No,19-08,1,1,1,3,5,1,1,1,2,2,19
2024,19-02-0089-43,Zacapa,1901,Público,Urbana,Hombre,6,Primaria,Ladino/Mestizo,Diario,Matutina,Promovido,No,No,19-02,1,1,1,2,5,1,1,1,2,2,19
2024,15-04-0328-43,Baja Verapaz,1501,Público,Rural,Mujer,3,Primaria,Maya,Diario,Matutina,Promovido,No,No,15-04,1,2,2,2,1,1,1,1,2,2,15
2024,15-02-1682-45,Baja Verapaz,1501,Público,Rural,Hombre,2,Básico,Maya,Diario,Matutina,Promovido,No,No,15-02,1,2,1,3,1,1,1,1,2,2,15
2024,19-09-0642-43,Zacapa,1901,Público,Rural,Hombre,3,Primaria,Ladino/Mestizo,Diario,Matutina,Promovido,No,No,19-09,1,2,1,2,5,1,1,1,2,2,19
2024,15-08-0091-43,Baja Verapaz,1501,Público,Rural,Hombre,5,Primaria,Ladino/Mestizo,Diario,Matutina,Promovido,Sí,No,15-08,1,2,1,2,5,1,1,1,1,2,15
2024,02-07-0547-45,El Progreso,201,Público,Rural,Hombre,2,Básico,Ladino/Mestizo,Diario,Vespertina,Promovido,No,No,02-07,1,2,1,3,5,1,2,1,2,2,2
2024,19-04-0138-43,Zacapa,1901,Público,Rural,Mujer,6,Primaria,Ladino/Mestizo,Diario,Matutina,Promovido,No,No,19-04,1,2,2,2,5,1,1,1,2,2,19
2024,15-01-2027-42,Baja Verapaz,1501,Público,Rural,Hombre,5,Preprimaria,Ladino/Mestizo,Diario,Matutina,Promovido,No,No,15-01,1,2,1,1,5,1,1,1,2,2,15
2024,19-11-0010-43,Zacapa,1901,Público,Urbana,Hombre,3,Primaria,Ladino/Mestizo,Diario,Matutina,Promovido,No,No,19-11,1,1,1,2,5,1,1,1,2,2,19
2024,02-01-0026-45,El Progreso,201,Público,Urbana,Mujer,1,Básico,Ladino/Mestizo,Diario,Matutina,Promovido,No,No,02-01,1,1,2,3,5,1,1,1,2,2,2
2024,02-01-0252-46,El Progreso,201,Privado,Urbana,Hombre,6,Diversificado,Ladino/Mestizo,Diario,Matutina,Promovido,No,Sí,02-01,2,1,1,4,5,1,1,1,2,1,2
2024,19-05-0202-43,Zacapa,1901,Público,Rural,Hombre,2,Primaria,Ladino/Mestizo,Diario,Matutina,Promovido,No,No,19-05,1,2,1,2,5,1,1,1,2,2,19
2024,02-06-0225-43,El Progreso,201,Público,Rural,Mujer,6,Primaria,Ladino/Mestizo,Diario,Matutina,No promovido,No,No,02-06,1,2,2,2,5,1,1,5,2,2,2
2024,15-02-0070-43,Baja Verapaz,1501,Público,Urbana,Mujer,1,Primaria,Maya,Diario,Matutina,Promovido,No,No,15-02,1,1,2,2,1,1,1,1,2,2,15
2024,15-02-0018-43,Baja Verapaz,1501,Público,Rural,Mujer,1,Primaria,Maya,Diario,Matutina,Promovido,No,No,15-02,1,2,2,2,1,1,1,1,2,2,15
2024,19-04-0044-45,Zacapa,1901,Público,Rural,Hombre,1,Básico,Ladino/Mestizo,Diario,Vespertina,Promovido,No,No,19-04,1,2,1,3,5,1,2,1,2,2,19
2024,02-08-0206-43,El Progreso,201,Público,Rural,Hombre,3,Primaria,Ladino/Mestizo,Diario,Matutina,Retirado,Sí,No,02-08,1,2,1,2,5,1,1,3,1,2,2
2024,15-08-1527-43,Baja Verapaz,1501,Público,Urbana,Hombre,1,Primaria,Ladino/Mestizo,Diario,Vespertina,Promovido,No,No,15-08,1,1,1,2,5,1,2,1,2,2,15
2024,15-01-0313-43,Baja Verapaz,1501,Público,Rural,Mujer,5,Primaria,Maya,Diario,Matutina,Promovido,No,No,15-01,1,2,2,2,1,1,1,1,2,2,15
2024,15-01-0013-43,Baja Verapaz,1501,Público,Rural,Mujer,1,Primaria,Ladino/Mestizo,Diario,Matutina,No promovido,No,No,15-01,1,2,2,2,5,1,1,5,2,2,15
2024,02-05-0006-42,El Progreso,201,Público,Rural,Mujer,6,Preprimaria,Ladino/Mestizo,Diario,Matutina,Promovido,No,No,02-05,1,2,2,1,5,1,1,1,2,2,2
2024,15-08-0143-45,Baja Verapaz,1501,Público,Rural,Hombre,1,Básico,Maya,Diario,Vespertina,Promovido,No,No,15-08,1,2,1,3,1,1,2,1,2,2,15
2024,02-01-0027-46,El Progreso,201,Público,Urbana,Mujer,4,Diversificado,Ladino/Mestizo,Diario,Doble,Promovido,No,No,02-01,1,1,2,4,5,1,4,1,2,2,2
2024,15-01-0043-43,Baja Verapaz,1501,Público,Rural,Mujer,1,Primaria,Ladino/Mestizo,Diario,Matutina,Promovido,No,No,15-01,1,2,2,2,5,1,1,1,2,2,15
2024,15-01-1274-46,Baja Verapaz,1501,Público,Urbana,Hombre,4,Diversificado,Ladino/Mestizo,Diario,Vespertina,Promovido,No,No,15-01,1,1,1,4,5,1,2,1,2,2,15
2024,19-03-0919-43,Zacapa,1901,Público,Rural,Hombre,4,Primaria,Ladino/Mestizo,Diario,Matutina,Promovido,No,No,19-03,1,2,1,2,5,1,1,1,2,2,19
2024,15-01-0138-42,Baja Verapaz,1501,Público,Rural,Mujer,4,Preprimaria,Ladino/Mestizo,Diario,Matutina,Promovido,No,No,15-01,1,2,2,1,5,1,1,1,2,2,15
2024,19-01-0013-43,Zacapa,1901,Público,Urbana,Hombre,2,Primaria,Ladino/Mestizo,Diario,Matutina,Retirado,No,No,19-01,1,1,1,2,5,1,1,3,2,2,19
2024,02-03-0062-43,El Progreso,201,Público,Rural,Mujer,6,Primaria,Ladino/Mestizo,Diario,Matutina,Promovido,No,No,02-03,1,2,2,2,5,1,1,1,2,2,2
2024,02-04-0107-43,El Progreso,201,Público,Rural,Mujer,6,Primaria,Ladino/Mestizo,Diario,Matutina,Promovido,No,No,02-04,1,2,2,2,5,1,1,1,2,2,2
2024,19-07-0244-45,Zacapa,1901,Público,Urbana,Mujer,2,Básico,Ladino/Mestizo,Diario,Matutina,Promovido,No,No,19-07,1,1,2,3,5,1,1,1,2,2,19
2024,15-01-1964-43,Baja Verapaz,1501,Público,Rural,Hombre,6,Primaria,Ladino/Mestizo,Diario,Vespertina,Promovido,No,No,15-01,1,2,1,2,5,1,2,1,2,2,15
2024,02-07-0527-42,El Progreso,201,Público,Urbana,Mujer,6,Preprimaria,Ladino/Mestizo,Diario,Vespertina,Promovido,No,No,02-07,1,1,2,1,5,1,2,1,2,2,2
2024,15-07-1162-43,Baja Verapaz,1501,Público,Rural,Hombre,1,Primaria,Ladino/Mestizo,Diario,Matutina,Promovido,Sí,No,15-07,1,2,1,2,5,1,1,1,1,2,15
2024,19-05-0774-43,Zacapa,1901,Público,Urbana,Hombre,5,Primaria,Ladino/Mestizo,Diario,Vespertina,Promovido,No,No,19-05,1,1,1,2,5,1,2,1,2,2,19
2024,15-07-0664-42,Baja Verapaz,1501,Público,Rural,Mujer,3,Preprimaria,Ladino/Mestizo,Diario,Matutina,Promovido,No,No,15-07,1,2,2,1,5,1,1,1,2,2,15
2024,19-04-0162-43,Zacapa,1901,Público,Rural,Mujer,6,Primaria,Extranjero,Diario,Matutina,Promovido,No,No,19-04,1,2,2,2,6,1,1,1,2,2,19
2024,15-07-0024-42,Baja Verapaz,1501,Público,Rural,Hombre,4,Preprimaria,Ladino/Mestizo,Diario,Matutina,Promovido,No,No,15-07,1,2,1,1,5,1,1,1,2,2,15
2024,19-04-0006-42,Zacapa,1901,Público,Rural,Hombre,4,Preprimaria,Ladino/Mestizo,Diario,Matutina,Promovido,No,No,19-04,1,2,1,1,5,1,1,1,2,2,19
2024,02-06-0147-43,El Progreso,201,Público,Rural,Mujer,6,Primaria,Ladino/Mestizo,Diario,Matutina,Promovido,No,No,02-06,1,2,2,2,5,1,1,1,2,2,2
2024,15-08-0018-42,Baja Verapaz,1501,Público,Rural,Hombre,5,Preprimaria,Maya,Diario,Matutina,Promovido,No,No,15-08,1,2,1,1,1,1,1,1,2,2,15
2024,19-05-0042-42,Zacapa,1901,Público,Rural,Mujer,1,Preprimaria,Ladino/Mestizo,Diario,Doble,Retirado,No,No,19-05,1,2,2,1,5,1,4,3,2,2,19
2024,19-05-0006-42,Zacapa,1901,Público,Rural,Mujer,6,Preprimaria,Ladino/Mestizo,Diario,Matutina,Promovido,No,No,19-05,1,2,2,1,5,1,1,1,2,2,19
2024,15-07-0039-42,Baja Verapaz,1501,Público,Rural,Mujer,3,Preprimaria,Ladino/Mestizo,Diario,Matutina,Promovido,No,No,15-07,1,2,2,1,5,1,1,1,2,2,15
2024,15-08-0025-42,Baja Verapaz,1501,Público,Rural,Mujer,5,Preprimaria,Maya,Diario,Matutina,Promovido,No,No,15-08,1,2,2,1,1,1,1,1,2,2,15
2024,19-05-0206-43,Zacapa,1901,Público,Rural,Hombre,1,Primaria,Ladino/Mestizo,Diario,Matutina,Promovido,No,No,19-05,1,2,1,2,5,1,1,1,2,2,19
2024,15-01-1848-43,Baja Verapaz,1501,Privado,Urbana,Mujer,5,Primaria,Ladino/Mestizo,Diario,Matutina,Promovido,No,No,15-01,2,1,2,2,5,1,1,1,2,2,15
2024,19-04-0055-45,Zacapa,1901,Privado,Urbana,Mujer,2,Básico,Ladino/Mestizo,Diario,Matutina,Promovido,No,No,19-04,2,1,2,3,5,1,1,1,2,2,19
2024,15-04-0136-43,Baja Verapaz,1501,Público,Urbana,Hombre,4,Primaria,Ladino/Mestizo,Diario,Matutina,Promovido,No,No,15-04,1,1,1,2,5,1,1,1,2,2,15
2024,15-08-0072-43,Baja Verapaz,1501,Público,Rural,Hombre,2,Primaria,Maya,Diario,Matutina,Promovido,No,No,15-08,1,2,1,2,1,1,1,1,2,2,15
2024,19-09-0271-43,Zacapa,1901,Público,Rural,Mujer,5,Primaria,Ladino/Mestizo,Diario,Matutina,Promovido,No,No,19-09,1,2,2,2,5,1,1,1,2,2,19
2024,02-08-0208-43,El Progreso,201,Público,Rural,Mujer,1,Primaria,Ladino/Mestizo,Diario,Matutina,Promovido,No,No,02-08,1,2,2,2,5,1,1,1,2,2,2
2024,19-04-0811-42,Zacapa,1901,Público,Urbana,Mujer,6,Preprimaria,Ladino/Mestizo,Diario,Matutina,Promovido,No,No,19-04,1,1,2,1,5,1,1,1,2,2,19
2024,15-01-0319-43,Baja Verapaz,1501,Público,Rural,Mujer,2,Primaria,Maya,Diario,Matutina,Promovido,No,No,15-01,1,2,2,2,1,1,1,1,2,2,15
2024,19-04-1263-46,Zacapa,1901,Privado,Urbana,Mujer,4,Diversificado,Ladino/Mestizo,Fin de semana,Doble,Promovido,No,No,19-04,2,1,2,4,5,2,4,1,2,2,19
2024,02-06-0598-42,El Progreso,201,Público,Rural,Hombre,0,Preprimaria,Ladino/Mestizo,Diario,Matutina,Promovido,No,No,02-06,1,2,1,1,5,1,1,1,2,2,2
2024,15-05-2145-43,Baja Verapaz,1501,Público,Rural,Hombre,4,Primaria,Ladino/Mestizo,Diario,Matutina,Promovido,No,No,15-05,1,2,1,2,5,1,1,1,2,2,15
2024,15-01-0031-43,Baja Verapaz,1501,Público,Rural,Mujer,1,Primaria,Ladino/Mestizo,Diario,Matutina,Promovido,No,No,15-01,1,2,2,2,5,1,1,1,2,2,15
2024,19-04-0062-43,Zacapa,1901,Privado,Urbana,Mujer,1,Primaria,Ladino/Mestizo,Diario,Vespertina,Promovido,No,No,19-04,2,1,2,2,5,1,2,1,2,2,19
2024,15-04-1216-43,Baja Verapaz,1501,Público,Rural,Mujer,1,Primaria,Maya,Diario,Matutina,Promovido,No,No,15-04,1,2,2,2,1,1,1,1,2,2,15
2024,19-09-0281-43,Zacapa,1901,Público,Rural,Hombre,2,Primaria,Ladino/Mestizo,Diario,Matutina,No promovido,Sí,No,19-09,1,2,1,2,5,1,1,5,1,2,19
2024,15-03-0080-42,Baja Verapaz,1501,Público,Rural,Hombre,5,Preprimaria,Maya,Diario,Matutina,Promovido,No,No,15-03,1,2,1,1,1,1,1,1,2,2,15
2024,15-01-0017-43,Baja Verapaz,1501,Público,Urbana,Mujer,4,Primaria,Ladino/Mestizo,Diario,Matutina,Promovido,No,No,15-01,1,1,2,2,5,1,1,1,2,2,15
2024,02-06-0134-43,El Progreso,201,Público,Urbana,Mujer,3,Primaria,Ladino/Mestizo,Diario,Matutina,Promovido,No,No,02-06,1,1,2,2,5,1,1,1,2,2,2
2024,19-05-0201-43,Zacapa,1901,Público,Urbana,Mujer,3,Primaria,Ladino/Mestizo,Diario,Matutina,Promovido,No,No,19-05,1,1,2,2,5,1,1,1,2,2,19
2024,15-04-2204-45,Baja Verapaz,1501,Público,Rural,Hombre,3,Básico,Maya,Diario,Vespertina,Promovido,No,No,15-04,1,2,1,3,1,1,2,1,2,2,15
2024,02-01-0026-45,El Progreso,201,Público,Urbana,Mujer,2,Básico,Ladino/Mestizo,Diario,Matutina,Promovido,No,No,02-01,1,1,2,3,5,1,1,1,2,2,2
2024,19-05-0204-43,Zacapa,1901,Público,Rural,Mujer,3,Primaria,Ladino/Mestizo,Diario,Matutina,Promovido,No,No,19-05,1,2,2,2,5,1,1,1,2,2,19
2024,02-03-0777-43,El Progreso,201,Público,Rural,Mujer,4,Primaria,Ladino/Mestizo,Diario,Matutina,Promovido,No,No,02-03,1,2,2,2,5,1,1,1,2,2,2
2024,02-03-0088-43,El Progreso,201,Público,Rural,Hombre,6,Primaria,Ladino/Mestizo,Diario,Matutina,Promovido,No,No,02-03,1,2,1,2,5,1,1,1,2,2,2
2024,19-01-0317-43,Zacapa,1901,Público,Rural,Hombre,3,Primaria,Ladino/Mestizo,Diario,Matutina,Promovido,No,No,19-01,1,2,1,2,5,1,1,1,2,2,19
2024,02-03-0395-42,El Progreso,201,Público,Rural,Mujer,4,Preprimaria,Ladino/Mestizo,Diario,Matutina,Promovido,No,No,02-03,1,2,2,1,5,1,1,1,2,2,2
2024,15-08-1251-43,Baja Verapaz,1501,Público,Rural,Hombre,4,Primaria,Maya,Diario,Matutina,No promovido,No,No,15-08,1,2,1,2,1,1,1,5,2,2,15
2024,19-08-0248-43,Zacapa,1901,Público,Rural,Mujer,1,Primaria,Ladino/Mestizo,Diario,Matutina,Promovido,No,No,19-08,1,2,2,2,5,1,1,1,2,2,19
2024,02-07-0169-43,El Progreso,201,Público,Rural,Hombre,3,Primaria,Ladino/Mestizo,Diario,Matutina,No promovido,No,No,02-07,1,2,1,2,5,1,1,5,2,2,2
2024,15-02-0081-43,Baja Verapaz,1501,Público,Rural,Hombre,3,Primaria,Ladino/Mestizo,Diario,Matutina,Promovido,No,No,15-02,1,2,1,2,5,1,1,1,2,2,15
2024,19-05-0202-43,Zacapa,1901,Público,Rural,Mujer,1,Primaria,Ladino/Mestizo,Diario,Matutina,Promovido,Sí,No,19-05,1,2,2,2,5,1,1,1,1,2,19
2024,15-01-1950-43,Baja Verapaz,1501,Público,Urbana,Mujer,4,Primaria,Ladino/Mestizo,Diario,Matutina,Retirado,No,No,15-01,1,1,2,2,5,1,1,3,2,2,15
2024,19-01-0030-43,Zacapa,1901,Público,Rural,Mujer,2,Primaria,Ladino/Mestizo,Diario,Matutina,Promovido,No,No,19-01,1,2,2,2,5,1,1,1,2,2,19
2024,15-01-0044-43,Baja Verapaz,1501,Público,Rural,Mujer,2,Primaria,Maya,Diario,Matutina,Promovido,No,No,15-01,1,2,2,2,1,1,1,1,2,2,15
2024,19-08-0250-43,Zacapa,1901,Público,Rural,Mujer,2,Primaria,Ladino/Mestizo,Diario,Matutina,Promovido,Sí,No,19-08,1,2,2,2,5,1,1,1,1,2,19
2024,15-01-0043-43,Baja Verapaz,1501,Público,Rural,Hombre,2,Primaria,Ladino/Mestizo,Diario,Matutina,Promovido,No,No,15-01,1,2,1,2,5,1,1,1,2,2,15
2024,15-04-0162-43,Baja Verapaz,1501,Público,Rural,Mujer,4,Primaria,Maya,Diario,Matutina,Promovido,No,No,15-04,1,2,2,2,1,1,1,1,2,2,15
2024,15-07-0254-45,Baja Verapaz,1501,Cooperativa,Urbana,Mujer,2,Básico,Ladino/Mestizo,Diario,Vespertina,Promovido,No,No,15-07,4,1,2,3,5,1,2,1,2,2,15
2024,19-03-0128-45,Zacapa,1901,Cooperativa,Rural,Hombre,2,Básico,Ladino/Mestizo,Diario,Vespertina,No promovido,No,No,19-03,4,2,1,3,5,1,2,5,2,2,19
2024,19-04-0789-42,Zacapa,1901,Público,Rural,Hombre,4,Preprimaria,Ladino/Mestizo,Diario,Matutina,Promovido,No,No,19-04,1,2,1,1,5,1,1,1,2,2,19
2024,19-05-0213-45,Zacapa,1901,Público,Urbana,Mujer,1,Básico,Ladino/Mestizo,Diario,Matutina,No promovido,No,No,19-05,1,1,2,3,5,1,1,5,2,2,19
2024,19-08-0890-46,Zacapa,1901,Cooperativa,Urbana,Hombre,6,Diversificado,Ladino/Mestizo,Diario,Vespertina,Promovido,No,Sí,19-08,4,1,1,4,5,1,2,1,2,1,19
2024,15-04-2125-45,Baja Verapaz,1501,Privado,Urbana,Mujer,2,Básico,Maya,Diario,Vespertina,Promovido,No,No,15-04,2,1,2,3,1,1,2,1,2,2,15
2024,15-05-0197-43,Baja Verapaz,1501,Público,Rural,Mujer,2,Primaria,Ladino/Mestizo,Diario,Matutina,No promovido,No,No,15-05,1,2,2,2,5,1,1,5,2,2,15
2024,15-01-0018-43,Baja Verapaz,1501,Público,Urbana,Hombre,1,Primaria,Ladino/Mestizo,Diario,Matutina,Retirado,Sí,No,15-01,1,1,1,2,5,1,1,3,1,2,15
2024,02-04-0810-42,El Progreso,201,Público,Rural,Hombre,6,Preprimaria,Ladino/Mestizo,Diario,Matutina,Promovido,No,No,02-04,1,2,1,1,5,1,1,1,2,2,2
2024,02-07-0440-42,El Progreso,201,Público,Rural,Hombre,6,Preprimaria,Ladino/Mestizo,Diario,Matutina,Promovido,No,No,02-07,1,2,1,1,5,1,1,1,2,2,2
2024,15-04-0052-43,Baja Verapaz,1501,Público,Rural,Mujer,2,Primaria,Maya,Diario,Matutina,Promovido,No,No,15-04,1,2,2,2,1,1,1,1,2,2,15
2024,15-08-1251-43,Baja Verapaz,1501,Público,Rural,Hombre,1,Primaria,Maya,Diario,Matutina,Promovido,Sí,No,15-08,1,2,1,2,1,1,1,1,1,2,15
2024,15-03-0105-43,Baja Verapaz,1501,Público,Rural,Mujer,5,Primaria,Ladino/Mestizo,Diario,Matutina,Promovido,No,No,15-03,1,2,2,2,5,1,1,1,2,2,15
2024,02-02-0729-42,El Progreso,201,Público,Rural,Hombre,6,Preprimaria,Ladino/Mestizo,Diario,Doble,Promovido,No,No,02-02,1,2,1,1,5,1,4,1,2,2,2
2024,02-07-0681-45,El Progreso,201,Privado,Urbana,Hombre,2,Básico,Ladino/Mestizo,Diario,Matutina,No promovido,Sí,No,02-07,2,1,1,3,5,1,1,5,1,2,2
2024,02-07-0174-43,El Progreso,201,Público,Rural,Mujer,5,Primaria,Ladino/Mestizo,Diario,Matutina,Promovido,No,No,02-07,1,2,2,2,5,1,1,1,2,2,2
2024,15-08-0042-43,Baja Verapaz,1501,Público,Rural,Hombre,6,Primaria,Maya,Diario,Matutina,No promovido,No,No,15-08,1,2,1,2,1,1,1,5,2,2,15
2024,19-03-0128-45,Zacapa,1901,Cooperativa,Rural,Hombre,1,Básico,Ladino/Mestizo,Diario,Vespertina,No promovido,No,No,19-03,4,2,1,3,5,1,2,5,2,2,19
2024,19-01-0019-43,Zacapa,1901,Público,Rural,Hombre,1,Primaria,Ladino/Mestizo,Diario,Matutina,Promovido,No,No,19-01,1,2,1,2,5,1,1,1,2,2,19
2024,19-04-0012-43,Zacapa,1901,Público,Rural,Hombre,4,Primaria,Ladino/Mestizo,Diario,Matutina,No promovido,No,No,19-04,1,2,1,2,5,1,1,5,2,2,19
2024,19-01-0395-45,Zacapa,1901,Privado,Urbana,Hombre,1,Básico,Ladino/Mestizo,Diario,Vespertina,Promovido,No,Ignorado,19-01,2,1,1,3,5,1,2,1,2,9,19
2024,15-07-1245-41,Baja Verapaz,1501,Público,Rural,Hombre,6,Preprimaria,Ladino/Mestizo,Diario,Matutina,Promovido,No,No,15-07,1,2,1,1,5,1,1,1,2,2,15
2024,15-01-0314-43,Baja Verapaz,1501,Público,Rural,Mujer,3,Primaria,Ladino/Mestizo,Diario,Matutina,Promovido,No,No,15-01,1,2,2,2,5,1,1,1,2,2,15
2024,15-05-0037-46,Baja Verapaz,1501,Privado,Urbana,Mujer,5,Diversificado,Ladino/Mestizo,Fin de semana,Doble,Promovido,Sí,No,15-05,2,1,2,4,5,2,4,1,1,2,15
2024,02-03-0045-42,El Progreso,201,Público,Rural,Hombre,6,Preprimaria,Ladino/Mestizo,Diario,Matutina,Promovido,No,No,02-03,1,2,1,1,5,1,1,1,2,2,2
2024,15-05-0189-43,Baja Verapaz,1501,Público,Urbana,Hombre,3,Primaria,Ladino/Mestizo,Diario,Matutina,Promovido,No,No,15-05,1,1,1,2,5,1,1,1,2,2,15
2024,15-01-0048-45,Baja Verapaz,1501,Público,Urbana,Hombre,3,Básico,Ladino/Mestizo,Diario,Matutina,Promovido,No,No,15-01,1,1,1,3,5,1,1,1,2,2,15
2024,15-08-0047-43,Baja Verapaz,1501,Público,Rural,Mujer,6,Primaria,Maya,Diario,Matutina,Promovido,No,No,15-08,1,2,2,2,1,1,1,1,2,2,15
2024,19-03-0113-43,Zacapa,1901,Público,Rural,Mujer,3,Primaria,Ladino/Mestizo,Diario,Matutina,Promovido,No,No,19-03,1,2,2,2,5,1,1,1,2,2,19
2024,19-01-0333-42,Zacapa,1901,Público,Rural,Mujer,6,Preprimaria,Ladino/Mestizo,Diario,Matutina,Promovido,No,No,19-01,1,2,2,1,5,1,1,1,2,2,19
2024,19-09-0290-43,Zacapa,1901,Público,Rural,Mujer,1,Primaria,Ladino/Mestizo,Diario,Matutina,Promovido,Sí,No,19-09,1,2,2,2,5,1,1,1,1,2,19
2024,15-03-2150-46,Baja Verapaz,1501,Privado,Urbana,Mujer,4,Diversificado,Maya,Fin de semana,Doble,Promovido,No,No,15-03,2,1,2,4,1,2,4,1,2,2,15
2024,02-06-0149-43,El Progreso,201,Público,Urbana,Mujer,2,Primaria,Ladino/Mestizo,Diario,Matutina,Retirado,No,No,02-06,1,1,2,2,5,1,1,3,2,2,2
2024,02-07-0176-43,El Progreso,201,Público,Rural,Hombre,4,Primaria,Ladino/Mestizo,Diario,Matutina,Promovido,No,No,02-07,1,2,1,2,5,1,1,1,2,2,2
2024,15-02-0078-43,Baja Verapaz,1501,Público,Rural,Mujer,3,Primaria,Maya,Diario,Matutina,Promovido,No,No,15-02,1,2,2,2,1,1,1,1,2,2,15
2024,19-02-0312-42,Zacapa,1901,Privado,Urbana,Hombre,6,Preprimaria,Ladino/Mestizo,Diario,Matutina,Retirado,No,No,19-02,2,1,1,1,5,1,1,3,2,2,19
2024,19-09-0275-43,Zacapa,1901,Público,Rural,Mujer,1,Primaria,Ladino/Mestizo,Diario,Matutina,Promovido,Sí,No,19-09,1,2,2,2,5,1,1,1,1,2,19
2024,19-01-0117-45,Zacapa,1901,Público,Urbana,Hombre,1,Básico,Ladino/Mestizo,Diario,Matutina,Promovido,No,No,19-01,1,1,1,3,5,1,1,1,2,2,19
2024,19-01-1081-46,Zacapa,1901,Privado,Rural,Hombre,6,Diversificado,Ladino/Mestizo,Diario,Doble,Promovido,No,Sí,19-01,2,2,1,4,5,1,4,1,2,1,19
2024,15-01-0011-43,Baja Verapaz,1501,Público,Rural,Hombre,4,Primaria,Maya,Diario,Matutina,Promovido,No,No,15-01,1,2,1,2,1,1,1,1,2,2,15
2024,19-03-0097-43,Zacapa,1901,Público,Urbana,Mujer,6,Primaria,Ladino/Mestizo,Diario,Matutina,Promovido,No,No,19-03,1,1,2,2,5,1,1,1,2,2,19
2024,02-07-0461-42,El Progreso,201,Público,Rural,Hombre,6,Preprimaria,Ladino/Mestizo,Diario,Matutina,Promovido,No,No,02-07,1,2,1,1,5,1,1,1,2,2,2
2024,15-07-0244-43,Baja Verapaz,1501,Público,Rural,Mujer,3,Primaria,Ladino/Mestizo,Diario,Matutina,Promovido,No,No,15-07,1,2,2,2,5,1,1,1,2,2,15
2024,15-01-0071-43,Baja Verapaz,1501,Público,Urbana,Hombre,4,Primaria,Ladino/Mestizo,Diario,Matutina,Promovido,No,No,15-01,1,1,1,2,5,1,1,1,2,2,15
2024,15-01-0321-43,Baja Verapaz,1501,Público,Rural,Hombre,4,Primaria,Ladino/Mestizo,Diario,Matutina,Promovido,No,No,15-01,1,2,1,2,5,1,1,1,2,2,15
2024,19-01-0120-45,Zacapa,1901,Público,Rural,Hombre,3,Básico,Ladino/Mestizo,Diario,Vespertina,Promovido,No,No,19-01,1,2,1,3,5,1,2,1,2,2,19
2024,19-01-0330-45,Zacapa,1901,Privado,Urbana,Hombre,1,Básico,Ladino/Mestizo,Diario,Matutina,Promovido,No,No,19-01,2,1,1,3,5,1,1,1,2,2,19
2024,15-01-1844-42,Baja Verapaz,1501,Privado,Urbana,Hombre,5,Preprimaria,Ladino/Mestizo,Diario,Matutina,Promovido,No,No,15-01,2,1,1,1,5,1,1,1,2,2,15
2024,19-01-0012-43,Zacapa,1901,Público,Urbana,Mujer,2,Primaria,Ladino/Mestizo,Diario,Matutina,Promovido,Sí,No,19-01,1,1,2,2,5,1,1,1,1,2,19
2024,19-01-0112-43,Zacapa,1901,Público,Rural,Mujer,6,Primaria,Ladino/Mestizo,Diario,Matutina,Promovido,No,No,19-01,1,2,2,2,5,1,1,1,2,2,19
2024,19-01-0103-43,Zacapa,1901,Público,Rural,Hombre,2,Primaria,Ladino/Mestizo,Diario,Matutina,Retirado,No,No,19-01,1,2,1,2,5,1,1,3,2,2,19
2024,19-06-0217-43,Zacapa,1901,Público,Rural,Hombre,3,Primaria,Ladino/Mestizo,Diario,Matutina,Promovido,No,No,19-06,1,2,1,2,5,1,1,1,2,2,19
2024,02-01-0020-43,El Progreso,201,Público,Rural,Hombre,6,Primaria,Ladino/Mestizo,Diario,Matutina,Promovido,No,No,02-01,1,2,1,2,5,1,1,1,2,2,2
2024,15-02-0079-43,Baja Verapaz,1501,Público,Rural,Mujer,4,Primaria,Maya,Diario,Matutina,Promovido,Sí,No,15-02,1,2,2,2,1,1,1,1,1,2,15
2024,19-09-0008-46,Zacapa,1901,Público,Urbana,Mujer,4,Diversificado,Ladino/Mestizo,Diario,Vespertina,Promovido,No,No,19-09,1,1,2,4,5,1,2,1,2,2,19
2024,15-01-0031-43,Baja Verapaz,1501,Público,Rural,Hombre,3,Primaria,Ladino/Mestizo,Diario,Matutina,Promovido,No,No,15-01,1,2,1,2,5,1,1,1,2,2,15
2024,19-09-0275-43,Zacapa,1901,Público,Rural,Hombre,1,Primaria,Ladino/Mestizo,Diario,Matutina,No promovido,No,No,19-09,1,2,1,2,5,1,1,5,2,2,19
2024,02-07-0174-42,El Progreso,201,Público,Rural,Mujer,5,Preprimaria,Ladino/Mestizo,Diario,Matutina,Promovido,No,No,02-07,1,2,2,1,5,1,1,1,2,2,2
2024,19-01-0084-45,Zacapa,1901,Público,Urbana,Hombre,2,Básico,Ladino/Mestizo,Diario,Doble,Promovido,No,No,19-01,1,1,1,3,5,1,4,1,2,2,19
2024,15-04-0202-45,Baja Verapaz,1501,Público,Rural,Mujer,2,Básico,Ladino/Mestizo,Diario,Vespertina,Promovido,No,No,15-04,1,2,2,3,5,1,2,1,2,2,15
2024,02-07-0446-43,El Progreso,201,Público,Urbana,Mujer,5,Primaria,Ladino/Mestizo,Diario,Matutina,Promovido,No,No,02-07,1,1,2,2,5,1,1,1,2,2,2
2024,19-01-0113-43,Zacapa,1901,Público,Rural,Mujer,4,Primaria,Ladino/Mestizo,Diario,Matutina,Promovido,No,No,19-01,1,2,2,2,5,1,1,1,2,2,19
2024,02-01-0005-43,El Progreso,201,Público,Urbana,Hombre,3,Primaria,Ladino/Mestizo,Diario,Matutina,Retirado,No,No,02-01,1,1,1,2,5,1,1,3,2,2,2
2024,19-01-0009-43,Zacapa,1901,Público,Urbana,Hombre,6,Primaria,Ladino/Mestizo,Diario,Matutina,Retirado,No,No,19-01,1,1,1,2,5,1,1,3,2,2,19
2024,15-07-0238-43,Baja Verapaz,1501,Público,Rural,Hombre,1,Primaria,Ladino/Mestizo,Diario,Matutina,Promovido,No,No,15-07,1,2,1,2,5,1,1,1,2,2,15
2024,02-06-0013-46,El Progreso,201,Municipal,Rural,Mujer,5,Diversificado,Ladino/Mestizo,Diario,Matutina,Promovido,No,No,02-06,3,2,2,4,5,1,1,1,2,2,2
2024,19-07-0235-43,Zacapa,1901,Público,Rural,Hombre,1,Primaria,Ladino/Mestizo,Diario,Matutina,No promovido,Sí,No,19-07,1,2,1,2,5,1,1,5,1,2,19
2024,15-02-0070-43,Baja Verapaz,1501,Público,Urbana,Hombre,1,Primaria,Maya,Diario,Matutina,Promovido,No,No,15-02,1,1,1,2,1,1,1,1,2,2,15
2024,15-08-0289-43,Baja Verapaz,1501,Público,Rural,Hombre,6,Primaria,Ladino/Mestizo,Diario,Matutina,Retirado,No,No,15-08,1,2,1,2,5,1,1,3,2,2,15
2024,15-01-0009-43,Baja Verapaz,1501,Privado,Urbana,Mujer,5,Primaria,Ladino/Mestizo,Diario,Matutina,Promovido,No,No,15-01,2,1,2,2,5,1,1,1,2,2,15
2024,02-07-0171-43,El Progreso,201,Público,Rural,Mujer,5,Primaria,Ladino/Mestizo,Diario,Matutina,Promovido,No,No,02-07,1,2,2,2,5,1,1,1,2,2,2
2024,19-04-0133-43,Zacapa,1901,Público,Urbana,Mujer,6,Primaria,Maya,Diario,Matutina,Promovido,No,No,19-04,1,1,2,2,1,1,1,1,2,2,19
2024,15-08-0289-43,Baja Verapaz,1501,Público,Rural,Hombre,2,Primaria,Maya,Diario,Matutina,Promovido,No,No,15-08,1,2,1,2,1,1,1,1,2,2,15
2024,19-09-1260-43,Zacapa,1901,Público,Rural,Mujer,6,Primaria,Ladino/Mestizo,Diario,Matutina,Promovido,No,No,19-09,1,2,2,2,5,1,1,1,2,2,19
2024,19-03-0016-45,Zacapa,1901,Público,Rural,Hombre,2,Básico,Ladino/Mestizo,Diario,Matutina,No promovido,No,No,19-03,1,2,1,3,5,1,1,5,2,2,19
2024,15-01-1259-43,Baja Verapaz,1501,Público,Urbana,Hombre,6,Primaria,Ladino/Mestizo,Diario,Vespertina,Promovido,No,No,15-01,1,1,1,2,5,1,2,1,2,2,15
2024,19-02-0093-43,Zacapa,1901,Público,Rural,Mujer,6,Primaria,Ladino/Mestizo,Diario,Matutina,Promovido,No,No,19-02,1,2,2,2,5,1,1,1,2,2,19
2024,19-08-0249-43,Zacapa,1901,Público,Rural,Hombre,1,Primaria,Ladino/Mestizo,Diario,Matutina,Promovido,No,No,19-08,1,2,1,2,5,1,1,1,2,2,19
2024,15-02-0342-43,Baja Verapaz,1501,Público,Rural,Hombre,1,Primaria,Maya,Diario,Matutina,Promovido,No,No,15-02,1,2,1,2,1,1,1,1,2,2,15
2024,19-05-0587-42,Zacapa,1901,Público,Rural,Mujer,6,Preprimaria,Ladino/Mestizo,Diario,Matutina,Promovido,No,No,19-05,1,2,2,1,5,1,1,1,2,2,19
2024,15-08-0193-42,Baja Verapaz,1501,Público,Rural,Hombre,5,Preprimaria,Ladino/Mestizo,Diario,Matutina,Promovido,No,No,15-08,1,2,1,1,5,1,1,1,2,2,15
2024,15-02-0095-45,Baja Verapaz,1501,Público,Rural,Hombre,3,Básico,Ladino/Mestizo,Diario,Vespertina,Promovido,No,No,15-02,1,2,1,3,5,1,2,1,2,2,15
2024,02-03-0394-42,El Progreso,201,Público,Rural,Hombre,4,Preprimaria,Ladino/Mestizo,Diario,Matutina,Promovido,No,No,02-03,1,2,1,1,5,1,1,1,2,2,2
2024,02-08-0636-45,El Progreso,201,Cooperativa,Rural,Hombre,1,Básico,Ladino/Mestizo,Diario,Vespertina,Promovido,No,No,02-08,4,2,1,3,5,1,2,1,2,2,2
2024,15-07-0044-42,Baja Verapaz,1501,Público,Rural,Hombre,5,Preprimaria,Ladino/Mestizo,Diario,Matutina,Promovido,No,No,15-07,1,2,1,1,5,1,1,1,2,2,15
2024,19-03-0597-43,Zacapa,1901,Público,Rural,Mujer,1,Primaria,Ladino/Mestizo,Diario,Matutina,No promovido,No,No,19-03,1,2,2,2,5,1,1,5,2,2,19
2024,15-03-0075-45,Baja Verapaz,1501,Público,Rural,Mujer,1,Básico,Maya,Diario,Vespertina,Promovido,No,No,15-03,1,2,2,3,1,1,2,1,2,2,15
2024,19-02-0744-42,Zacapa,1901,Público,Urbana,Hombre,4,Preprimaria,Ladino/Mestizo,Diario,Matutina,Promovido,No,No,19-02,1,1,1,1,5,1,1,1,2,2,19
2024,19-01-1138-43,Zacapa,1901,Público,Rural,Hombre,2,Primaria,Ladino/Mestizo,Diario,Matutina,Promovido,No,No,19-01,1,2,1,2,5,1,1,1,2,2,19
2024,15-07-1703-42,Baja Verapaz,1501,Público,Rural,Hombre,5,Preprimaria,Ladino/Mestizo,Diario,Matutina,Promovido,No,No,15-07,1,2,1,1,5,1,1,1,2,2,15
2024,15-08-0154-42,Baja Verapaz,1501,Público,Rural,Mujer,6,Preprimaria,Maya,Diario,Matutina,Promovido,No,No,15-08,1,2,2,1,1,1,1,1,2,2,15
2024,15-08-0288-43,Baja Verapaz,1501,Público,Rural,Hombre,2,Primaria,Maya,Diario,Matutina,Promovido,No,No,15-08,1,2,1,2,1,1,1,1,2,2,15
2024,15-07-0243-43,Baja Verapaz,1501,Público,Rural,Hombre,1,Primaria,Ladino/Mestizo,Diario,Matutina,No promovido,Sí,No,15-07,1,2,1,2,5,1,1,5,1,2,15
2024,02-06-0148-43,El Progreso,201,Público,Rural,Hombre,5,Primaria,Ladino/Mestizo,Diario,Matutina,Promovido,No,No,02-06,1,2,1,2,5,1,1,1,2,2,2
2024,19-07-0228-43,Zacapa,1901,Público,Urbana,Hombre,5,Primaria,Ladino/Mestizo,Diario,Matutina,Promovido,No,No,19-07,1,1,1,2,5,1,1,1,2,2,19
2024,15-03-0119-43,Baja Verapaz,1501,Público,Rural,Hombre,3,Primaria,Maya,Diario,Matutina,Promovido,No,No,15-03,1,2,1,2,1,1,1,1,2,2,15
2024,15-08-1968-42,Baja Verapaz,1501,Público,Rural,Mujer,4,Preprimaria,Maya,Diario,Doble,Promovido,No,No,15-08,1,2,2,1,1,1,4,1,2,2,15
2024,02-08-0222-43,El Progreso,201,Público,Rural,Mujer,3,Primaria,Ladino/Mestizo,Diario,Matutina,Promovido,No,No,02-08,1,2,2,2,5,1,1,1,2,2,2
2024,15-02-1731-42,Baja Verapaz,1501,Público,Rural,Hombre,6,Preprimaria,Maya,Diario,Matutina,Promovido,No,No,15-02,1,2,1,1,1,1,1,1,2,2,15
2024,02-07-0199-46,El Progreso,201,Privado,Urbana,Mujer,5,Diversificado,Ladino/Mestizo,Diario,Vespertina,Promovido,Sí,Sí,02-07,2,1,2,4,5,1,2,1,1,1,2
2024,02-03-0671-43,El Progreso,201,Público,Rural,Hombre,2,Primaria,Ladino/Mestizo,Diario,Matutina,Retirado,Sí,No,02-03,1,2,1,2,5,1,1,3,1,2,2
2024,15-07-0239-43,Baja Verapaz,1501,Público,Rural,Hombre,1,Primaria,Ladino/Mestizo,Diario,Matutina,Promovido,No,No,15-07,1,2,1,2,5,1,1,1,2,2,15
2024,19-08-0246-43,Zacapa,1901,Público,Urbana,Mujer,4,Primaria,Ladino/Mestizo,Diario,Matutina,Promovido,No,No,19-08,1,1,2,2,5,1,1,1,2,2,19
2024,15-04-0159-43,Baja Verapaz,1501,Público,Rural,Mujer,5,Primaria,Maya,Diario,Matutina,Promovido,No,No,15-04,1,2,2,2,1,1,1,1,2,2,15
2024,15-07-1234-42,Baja Verapaz,1501,Público,Rural,Hombre,5,Preprimaria,Ladino/Mestizo,Diario,Matutina,Promovido,No,No,15-07,1,2,1,1,5,1,1,1,2,2,15
2024,02-03-0080-43,El Progreso,201,Público,Rural,Hombre,5,Primaria,Ladino/Mestizo,Diario,Matutina,Promovido,No,No,02-03,1,2,1,2,5,1,1,1,2,2,2
2024,19-01-0009-43,Zacapa,1901,Público,Urbana,Hombre,2,Primaria,Ladino/Mestizo,Diario,Matutina,Retirado,Sí,No,19-01,1,1,1,2,5,1,1,3,1,2,19
2024,19-01-0117-45,Zacapa,1901,Público,Urbana,Hombre,1,Básico,Ladino/Mestizo,Diario,Matutina,Promovido,No,No,19-01,1,1,1,3,5,1,1,1,2,2,19
2024,15-04-0068-43,Baja Verapaz,1501,Público,Rural,Hombre,4,Primaria,Maya,Diario,Matutina,Promovido,No,No,15-04,1,2,1,2,1,1,1,1,2,2,15
2024,19-01-0734-42,Zacapa,1901,Público,Rural,Hombre,1,Preprimaria,Ladino/Mestizo,Diario,Matutina,Promovido,No,No,19-01,1,2,1,1,5,1,1,1,2,2,19
2024,19-02-0089-43,Zacapa,1901,Público,Urbana,Hombre,1,Primaria,Ladino/Mestizo,Diario,Matutina,No promovido,Sí,No,19-02,1,1,1,2,5,1,1,5,1,2,19
2024,02-03-0079-43,El Progreso,201,Público,Rural,Mujer,5,Primaria,Ladino/Mestizo,Diario,Matutina,Promovido,No,No,02-03,1,2,2,2,5,1,1,1,2,2,2
2024,02-03-0060-43,El Progreso,201,Público,Urbana,Mujer,6,Primaria,Ladino/Mestizo,Diario,Matutina,Promovido,No,No,02-03,1,1,2,2,5,1,1,1,2,2,2
2024,19-03-1189-45,Zacapa,1901,Cooperativa,Rural,Mujer,2,Básico,Ladino/Mestizo,Diario,Vespertina,Promovido,No,No,19-03,4,2,2,3,5,1,2,1,2,2,19
2024,15-08-0279-43,Baja Verapaz,1501,Público,Rural,Mujer,2,Primaria,Maya,Diario,Matutina,No promovido,Sí,No,15-08,1,2,2,2,1,1,1,5,1,2,15
2024,15-02-0079-43,Baja Verapaz,1501,Público,Rural,Hombre,3,Primaria,Maya,Diario,Matutina,Promovido,No,No,15-02,1,2,1,2,1,1,1,1,2,2,15
2024,15-08-0053-43,Baja Verapaz,1501,Público,Rural,Mujer,2,Primaria,Maya,Diario,Matutina,No promovido,No,No,15-08,1,2,2,2,1,1,1,5,2,2,15
2024,02-03-0060-43,El Progreso,201,Público,Urbana,Hombre,6,Primaria,Ladino/Mestizo,Diario,Matutina,Promovido,No,No,02-03,1,1,1,2,5,1,1,1,2,2,2
2024,19-01-0928-43,Zacapa,1901,Público,Rural,Mujer,6,Primaria,Ladino/Mestizo,Diario,Matutina,Promovido,No,No,19-01,1,2,2,2,5,1,1,1,2,2,19
2024,02-03-0429-43,El Progreso,201,Público,Rural,Hombre,2,Primaria,Ladino/Mestizo,Diario,Vespertina,Promovido,No,No,02-03,1,2,1,2,5,1,2,1,2,2,2
2024,02-01-0701-42,El Progreso,201,Público,Rural,Hombre,6,Preprimaria,Ladino/Mestizo,Diario,Matutina,Promovido,No,No,02-01,1,2,1,1,5,1,1,1,2,2,2
2024,15-01-0183-45,Baja Verapaz,1501,Público,Rural,Hombre,1,Básico,Ladino/Mestizo,Diario,Matutina,Promovido,No,No,15-01,1,2,1,3,5,1,1,1,2,2,15
2024,15-02-1235-42,Baja Verapaz,1501,Público,Rural,Hombre,4,Preprimaria,Maya,Diario,Matutina,Promovido,No,No,15-02,1,2,1,1,1,1,1,1,2,2,15
2024,02-07-0192-43,El Progreso,201,Público,Rural,Hombre,2,Primaria,Ladino/Mestizo,Diario,Matutina,No promovido,No,No,02-07,1,2,1,2,5,1,1,5,2,2,2
2024,02-03-0089-43,El Progreso,201,Público,Rural,Hombre,1,Primaria,Ladino/Mestizo,Diario,Matutina,Promovido,No,No,02-03,1,2,1,2,5,1,1,1,2,2,2
2024,15-08-0001-43,Baja Verapaz,1501,Público,Rural,Mujer,6,Primaria,Maya,Diario,Matutina,Promovido,No,No,15-08,1,2,2,2,1,1,1,1,2,2,15
2024,19-09-0641-43,Zacapa,1901,Público,Rural,Hombre,1,Primaria,Ladino/Mestizo,Diario,Matutina,Promovido,No,No,19-09,1,2,1,2,5,1,1,1,2,2,19
2024,15-01-0009-43,Baja Verapaz,1501,Privado,Urbana,Hombre,3,Primaria,Ladino/Mestizo,Diario,Matutina,Promovido,No,No,15-01,2,1,1,2,5,1,1,1,2,2,15
2024,15-08-0292-43,Baja Verapaz,1501,Público,Rural,Hombre,2,Primaria,Maya,Diario,Matutina,No promovido,Sí,No,15-08,1,2,1,2,1,1,1,5,1,2,15
2024,15-02-0078-43,Baja Verapaz,1501,Público,Rural,Mujer,4,Primaria,Maya,Diario,Matutina,Promovido,No,No,15-02,1,2,2,2,1,1,1,1,2,2,15
2024,15-01-0048-45,Baja Verapaz,1501,Público,Urbana,Hombre,1,Básico,Ladino/Mestizo,Diario,Matutina,Promovido,No,No,15-01,1,1,1,3,5,1,1,1,2,2,15
2024,19-09-0279-43,Zacapa,1901,Público,Rural,Hombre,6,Primaria,Ladino/Mestizo,Diario,Matutina,Promovido,No,No,19-09,1,2,1,2,5,1,1,1,2,2,19
2024,19-09-0004-43,Zacapa,1901,Público,Rural,Mujer,1,Primaria,Ladino/Mestizo,Diario,Matutina,Promovido,No,No,19-09,1,2,2,2,5,1,1,1,2,2,19
